ISO-10303-21;
HEADER;
/* Generated by software containing ST-Developer
 * from STEP Tools, Inc. (www.steptools.com) 
 */

FILE_DESCRIPTION(
/* description */ (''),
/* implementation_level */ '2;1');

FILE_NAME(
/* name */ 'Hand_Mount_plate_UR3e_50mm_v3.step',
/* time_stamp */ '2026-10-08T02:34:44+02:00',
/* author */ (''),
/* organization */ (''),
/* preprocessor_version */ 'ST-DEVELOPER v20.2',
/* originating_system */ 'Autodesk Translation Framework v15.15.0.0',
/* authorisation */ '');

FILE_SCHEMA (('AUTOMOTIVE_DESIGN { 1 0 10303 214 3 1 1 }'));
ENDSEC;

DATA;
#10=MECHANICAL_DESIGN_GEOMETRIC_PRESENTATION_REPRESENTATION('',(#13),#3499);
#11=SHAPE_REPRESENTATION_RELATIONSHIP('SRR','None',#3506,#12);
#12=ADVANCED_BREP_SHAPE_REPRESENTATION('',(#14),#3498);
#13=STYLED_ITEM('',(#3515),#14);
#14=MANIFOLD_SOLID_BREP('Body1',#1639);
#15=ELLIPSE('',#1758,1.62207000807953,1.6);
#16=ELLIPSE('',#1760,1.62207000807953,1.6);
#17=B_SPLINE_SURFACE_WITH_KNOTS('',3,3,((#2534,#2535,#2536,#2537,#2538,
#2539,#2540,#2541,#2542),(#2543,#2544,#2545,#2546,#2547,#2548,#2549,#2550,
#2551),(#2552,#2553,#2554,#2555,#2556,#2557,#2558,#2559,#2560),(#2561,#2562,
#2563,#2564,#2565,#2566,#2567,#2568,#2569),(#2570,#2571,#2572,#2573,#2574,
#2575,#2576,#2577,#2578),(#2579,#2580,#2581,#2582,#2583,#2584,#2585,#2586,
#2587),(#2588,#2589,#2590,#2591,#2592,#2593,#2594,#2595,#2596)),
 .UNSPECIFIED.,.F.,.F.,.F.,(4,1,1,1,4),(4,1,1,1,1,1,4),(0.,0.285714285714286,
0.571428571428571,0.714285714285714,1.),(-23.434710089839,-22.8476198617559,
-22.2605296336728,-21.6734394055897,-21.0863491775066,-19.9121687213403,
-19.3250784932572),.UNSPECIFIED.);
#18=B_SPLINE_SURFACE_WITH_KNOTS('',3,3,((#3026,#3027,#3028,#3029,#3030,
#3031,#3032),(#3033,#3034,#3035,#3036,#3037,#3038,#3039),(#3040,#3041,#3042,
#3043,#3044,#3045,#3046),(#3047,#3048,#3049,#3050,#3051,#3052,#3053),(#3054,
#3055,#3056,#3057,#3058,#3059,#3060),(#3061,#3062,#3063,#3064,#3065,#3066,
#3067)),.UNSPECIFIED.,.F.,.F.,.F.,(4,1,1,4),(4,1,1,1,4),(0.,0.285714285714286,
0.571428571428571,1.),(-30.329420119979,-29.2846292513012,-28.7622338169622,
-27.7174429482844,-26.6726520796066),.UNSPECIFIED.);
#19=B_SPLINE_SURFACE_WITH_KNOTS('',3,3,((#3079,#3080,#3081,#3082,#3083,
#3084,#3085,#3086,#3087),(#3088,#3089,#3090,#3091,#3092,#3093,#3094,#3095,
#3096),(#3097,#3098,#3099,#3100,#3101,#3102,#3103,#3104,#3105),(#3106,#3107,
#3108,#3109,#3110,#3111,#3112,#3113,#3114),(#3115,#3116,#3117,#3118,#3119,
#3120,#3121,#3122,#3123),(#3124,#3125,#3126,#3127,#3128,#3129,#3130,#3131,
#3132),(#3133,#3134,#3135,#3136,#3137,#3138,#3139,#3140,#3141)),
 .UNSPECIFIED.,.F.,.F.,.F.,(4,1,1,1,4),(4,1,1,1,1,1,4),(0.,0.285714285714286,
0.571428571428571,0.714285714285714,1.),(-19.3247491245852,-18.7373942227032,
-17.5626844189392,-16.9753295170572,-16.3879746151752,-16.0942971642342,
-15.2132648114112),.UNSPECIFIED.);
#20=B_SPLINE_SURFACE_WITH_KNOTS('',3,3,((#3155,#3156,#3157,#3158,#3159),
(#3160,#3161,#3162,#3163,#3164),(#3165,#3166,#3167,#3168,#3169),(#3170,
#3171,#3172,#3173,#3174),(#3175,#3176,#3177,#3178,#3179)),.UNSPECIFIED.,
 .F.,.F.,.F.,(4,1,4),(4,1,4),(0.,0.571428571428571,1.),(-16.2461884117221,
-15.297395513626,-14.0323383161645),.UNSPECIFIED.);
#21=B_SPLINE_SURFACE_WITH_KNOTS('',3,3,((#3231,#3232,#3233,#3234,#3235,
#3236,#3237),(#3238,#3239,#3240,#3241,#3242,#3243,#3244),(#3245,#3246,#3247,
#3248,#3249,#3250,#3251),(#3252,#3253,#3254,#3255,#3256,#3257,#3258),(#3259,
#3260,#3261,#3262,#3263,#3264,#3265),(#3266,#3267,#3268,#3269,#3270,#3271,
#3272)),.UNSPECIFIED.,.F.,.F.,.F.,(4,1,1,4),(4,1,1,1,4),(0.,0.285714285714286,
0.571428571428571,1.),(-28.8282097720579,-28.3058505397802,-27.2611320752248,
-26.2164136106694,-25.171695146114),.UNSPECIFIED.);
#22=B_SPLINE_SURFACE_WITH_KNOTS('',3,3,((#3284,#3285,#3286,#3287,#3288,
#3289,#3290),(#3291,#3292,#3293,#3294,#3295,#3296,#3297),(#3298,#3299,#3300,
#3301,#3302,#3303,#3304),(#3305,#3306,#3307,#3308,#3309,#3310,#3311),(#3312,
#3313,#3314,#3315,#3316,#3317,#3318),(#3319,#3320,#3321,#3322,#3323,#3324,
#3325)),.UNSPECIFIED.,.F.,.F.,.F.,(4,1,1,4),(4,1,1,1,4),(0.,0.285714285714286,
0.571428571428571,1.),(-32.4922892218619,-31.9697245161276,-30.9245951046591,
-29.8794656931906,-28.8343362817221),.UNSPECIFIED.);
#23=B_SPLINE_SURFACE_WITH_KNOTS('',3,3,((#3333,#3334,#3335,#3336,#3337),
(#3338,#3339,#3340,#3341,#3342),(#3343,#3344,#3345,#3346,#3347),(#3348,
#3349,#3350,#3351,#3352),(#3353,#3354,#3355,#3356,#3357)),.UNSPECIFIED.,
 .F.,.F.,.F.,(4,1,4),(4,1,4),(0.,0.571428571428571,1.),(-14.031877985925,
-13.0830747458413,-11.818003759063),.UNSPECIFIED.);
#24=B_SPLINE_SURFACE_WITH_KNOTS('',3,3,((#3392,#3393,#3394,#3395,#3396,
#3397,#3398),(#3399,#3400,#3401,#3402,#3403,#3404,#3405),(#3406,#3407,#3408,
#3409,#3410,#3411,#3412),(#3413,#3414,#3415,#3416,#3417,#3418,#3419),(#3420,
#3421,#3422,#3423,#3424,#3425,#3426),(#3427,#3428,#3429,#3430,#3431,#3432,
#3433)),.UNSPECIFIED.,.F.,.F.,.F.,(4,1,1,4),(4,1,1,1,4),(0.,0.285714285714286,
0.571428571428571,1.),(-28.8322625909209,-28.309840499397,-27.2649963163491,
-26.2201521333013,-25.1753079502535),.UNSPECIFIED.);
#25=B_SPLINE_CURVE_WITH_KNOTS('',3,(#2339,#2340,#2341,#2342,#2343,#2344,
#2345,#2346,#2347,#2348,#2349,#2350,#2351,#2352,#2353,#2354,#2355,#2356,
#2357,#2358,#2359,#2360,#2361,#2362,#2363,#2364,#2365,#2366,#2367,#2368,
#2369),.UNSPECIFIED.,.F.,.F.,(4,3,3,3,3,3,3,3,3,3,4),(-1.05586178933303,
-0.93131440109155,-0.805400197822251,-0.679290667928552,-0.553731272107617,
-0.527892152952062,-0.40210938330918,-0.276442039034428,-0.242455330523259,
-0.116394548287136,-0.0632985438393884),.UNSPECIFIED.);
#26=B_SPLINE_CURVE_WITH_KNOTS('',3,(#2372,#2373,#2374,#2375,#2376,#2377,
#2378,#2379,#2380,#2381,#2382,#2383,#2384,#2385,#2386,#2387,#2388,#2389,
#2390,#2391,#2392,#2393,#2394,#2395,#2396),.UNSPECIFIED.,.F.,.F.,(4,2,2,
2,2,2,3,2,2,2,2,4),(-0.973604121981084,-0.790697748572659,-0.510059862670573,
-0.315653974477762,-0.164797648962309,-0.0787804031043868,0.,0.041470997729085,
0.18948769656135,0.459477920111289,0.734977922087536,0.847903801506228),
 .UNSPECIFIED.);
#27=B_SPLINE_CURVE_WITH_KNOTS('',3,(#2404,#2405,#2406,#2407,#2408,#2409,
#2410,#2411,#2412,#2413,#2414,#2415,#2416,#2417,#2418,#2419,#2420,#2421,
#2422,#2423,#2424,#2425,#2426,#2427,#2428,#2429,#2430,#2431,#2432,#2433,
#2434),.UNSPECIFIED.,.F.,.F.,(4,3,3,3,3,3,3,3,3,3,4),(-0.992561309596485,
-0.866488945752521,-0.813404869993872,-0.687767415104137,-0.561954088188109,
-0.527965871090592,-0.395974403317944,-0.269858063879416,-0.144048765896995,
-0.0194140633326064,0.),.UNSPECIFIED.);
#28=B_SPLINE_CURVE_WITH_KNOTS('',3,(#2443,#2444,#2445,#2446,#2447,#2448,
#2449,#2450,#2451,#2452,#2453,#2454,#2455,#2456,#2457,#2458,#2459,#2460,
#2461,#2462,#2463,#2464,#2465,#2466,#2467,#2468,#2469,#2470,#2471,#2472,
#2473),.UNSPECIFIED.,.F.,.F.,(4,3,3,3,3,3,3,3,3,3,4),(-1.05586178933301,
-0.931296446150944,-0.805368022333443,-0.679246575972307,-0.55367807595679,
-0.527892162607606,-0.402097130251844,-0.276419280203605,-0.242455330532039,
-0.116382711377771,-0.0632985438399945),.UNSPECIFIED.);
#29=B_SPLINE_CURVE_WITH_KNOTS('',3,(#2476,#2477,#2478,#2479,#2480,#2481,
#2482,#2483,#2484,#2485,#2486,#2487,#2488,#2489,#2490,#2491,#2492,#2493,
#2494,#2495,#2496,#2497,#2498,#2499,#2500),.UNSPECIFIED.,.F.,.F.,(4,2,2,
2,2,2,3,2,2,2,2,4),(-0.973561197146374,-0.790720944796961,-0.510050317314029,
-0.315614678143645,-0.164734678497971,-0.0787366746365916,0.,0.041681838506451,
0.1898132310443,0.459891918655148,0.735350582707753,0.848095676840686),
 .UNSPECIFIED.);
#30=B_SPLINE_CURVE_WITH_KNOTS('',3,(#2503,#2504,#2505,#2506,#2507,#2508,
#2509,#2510,#2511,#2512,#2513,#2514,#2515,#2516,#2517,#2518,#2519,#2520,
#2521,#2522,#2523,#2524,#2525,#2526,#2527,#2528,#2529,#2530,#2531,#2532,
#2533),.UNSPECIFIED.,.F.,.F.,(4,3,3,3,3,3,3,3,3,3,4),(-0.992561309595985,
-0.86650164814041,-0.813404869986934,-0.6877777623401,-0.561974178199401,
-0.52796586349121,-0.395974397618408,-0.26986921156075,-0.144071704909951,
-0.0194500435517442,0.),.UNSPECIFIED.);
#31=B_SPLINE_CURVE_WITH_KNOTS('',3,(#2602,#2603,#2604,#2605,#2606,#2607,
#2608,#2609,#2610),.UNSPECIFIED.,.F.,.F.,(4,1,1,1,1,1,4),(-23.434710089839,
-22.8476198617559,-22.2605296336728,-21.6734394055897,-21.0863491775066,
-19.9121687213403,-19.3250784932572),.UNSPECIFIED.);
#32=B_SPLINE_CURVE_WITH_KNOTS('',3,(#2614,#2615,#2616,#2617),
 .UNSPECIFIED.,.F.,.F.,(4,4),(-0.375136673365614,-0.0503042229764087),
 .UNSPECIFIED.);
#33=B_SPLINE_CURVE_WITH_KNOTS('',3,(#2619,#2620,#2621,#2622,#2623,#2624,
#2625,#2626,#2627,#2628),.UNSPECIFIED.,.F.,.F.,(4,3,3,4),(-0.393107535936184,
-0.266971166248009,-0.141066184326696,-0.0541899448900559),
 .UNSPECIFIED.);
#34=B_SPLINE_CURVE_WITH_KNOTS('',3,(#2630,#2631,#2632,#2633),
 .UNSPECIFIED.,.F.,.F.,(4,4),(-0.38327900204906,-0.0516403876508674),
 .UNSPECIFIED.);
#35=B_SPLINE_CURVE_WITH_KNOTS('',3,(#2635,#2636,#2637,#2638),
 .UNSPECIFIED.,.F.,.F.,(4,4),(-0.382442868734868,-0.0509874643519204),
 .UNSPECIFIED.);
#36=B_SPLINE_CURVE_WITH_KNOTS('',3,(#2640,#2641,#2642,#2643,#2644,#2645,
#2646,#2647,#2648,#2649),.UNSPECIFIED.,.F.,.F.,(4,3,3,4),(-0.389946384946701,
-0.264165601030181,-0.137994947709976,-0.0510287614318056),
 .UNSPECIFIED.);
#37=B_SPLINE_CURVE_WITH_KNOTS('',3,(#2650,#2651,#2652,#2653),
 .UNSPECIFIED.,.F.,.F.,(4,4),(-0.374675863983657,-0.0501033265153656),
 .UNSPECIFIED.);
#38=B_SPLINE_CURVE_WITH_KNOTS('',3,(#2836,#2837,#2838,#2839,#2840,#2841,
#2842),.UNSPECIFIED.,.F.,.F.,(4,3,4),(-1.8095677467369,-1.77245573745495,
-1.75775570620326),.UNSPECIFIED.);
#39=B_SPLINE_CURVE_WITH_KNOTS('',3,(#2843,#2844,#2845,#2846,#2847,#2848,
#2849,#2850,#2851,#2852,#2853,#2854,#2855,#2856,#2857,#2858,#2859,#2860,
#2861,#2862,#2863,#2864,#2865,#2866,#2867,#2868,#2869,#2870,#2871,#2872,
#2873,#2874,#2875,#2876,#2877,#2878,#2879,#2880,#2881,#2882,#2883,#2884,
#2885,#2886,#2887,#2888,#2889,#2890,#2891,#2892,#2893,#2894,#2895,#2896,
#2897,#2898,#2899,#2900,#2901,#2902,#2903,#2904,#2905,#2906,#2907,#2908,
#2909,#2910,#2911,#2912,#2913,#2914,#2915,#2916,#2917,#2918,#2919,#2920,
#2921,#2922,#2923,#2924,#2925,#2926,#2927,#2928,#2929,#2930,#2931,#2932,
#2933,#2934,#2935,#2936,#2937,#2938,#2939,#2940,#2941,#2942,#2943,#2944,
#2945,#2946,#2947,#2948,#2949,#2950,#2951,#2952,#2953,#2954,#2955,#2956,
#2957,#2958,#2959,#2960,#2961,#2962,#2963,#2964,#2965,#2966,#2967,#2968,
#2969,#2970,#2971,#2972,#2973,#2974,#2975,#2976,#2977,#2978,#2979,#2980,
#2981,#2982,#2983,#2984,#2985,#2986,#2987,#2988,#2989,#2990,#2991,#2992,
#2993,#2994,#2995,#2996,#2997,#2998,#2999,#3000,#3001,#3002,#3003,#3004,
#3005,#3006,#3007,#3008,#3009,#3010,#3011),.UNSPECIFIED.,.F.,.F.,(4,3,3,
3,3,3,3,3,3,3,3,3,3,3,3,3,3,3,3,3,3,3,3,3,3,3,3,3,3,3,3,3,3,3,3,3,3,3,3,
3,3,3,3,3,3,3,3,3,3,3,3,3,3,3,3,3,4),(-1.75775570620326,-1.73584139223534,
-1.69872873258673,-1.66135104461589,-1.62326925547186,-1.61728348791726,
-1.5766611627142,-1.53140460847077,-1.49622624391098,-1.49489572536593,
-1.44559922310556,-1.40256195413641,-1.39630272084518,-1.36044148200027,
-1.32593987122788,-1.31702514965675,-1.28338761702737,-1.24929351701402,
-1.24111043734456,-1.20354443624395,-1.16216206383426,-1.15247958778424,
-1.10694283192223,-1.05987141049324,-1.03728478862135,-0.997240187650993,
-0.958403091452631,-0.920564810640314,-0.913897444878327,-0.876954536872381,
-0.840024278404306,-0.802908567530471,-0.798049781546743,-0.759611369741138,
-0.719759002820617,-0.690491283273898,-0.640950294269763,-0.584964404444393,
-0.578804749787634,-0.536399786318959,-0.496701596985388,-0.482240922697674,
-0.445745452542813,-0.409770464780568,-0.40051365734939,-0.364672437488477,
-0.328417230580062,-0.319532199846147,-0.280678254737301,-0.239661149575514,
-0.22542949518261,-0.169933358945192,-0.117794648046337,-0.114437222707774,
-0.0735482689902847,-0.0344702616696958,0.),.UNSPECIFIED.);
#40=B_SPLINE_CURVE_WITH_KNOTS('',3,(#3072,#3073,#3074,#3075,#3076,#3077,
#3078),.UNSPECIFIED.,.F.,.F.,(4,1,1,1,4),(-30.329420119979,-29.2846292513012,
-28.7622338169622,-27.7174429482844,-26.6726520796066),.UNSPECIFIED.);
#41=B_SPLINE_CURVE_WITH_KNOTS('',3,(#3143,#3144,#3145,#3146,#3147,#3148,
#3149,#3150,#3151),.UNSPECIFIED.,.F.,.F.,(4,1,1,1,1,1,4),(-19.3247491245852,
-18.7373942227032,-17.5626844189392,-16.9753295170572,-16.3879746151752,
-16.0942971642342,-15.2132648114112),.UNSPECIFIED.);
#42=B_SPLINE_CURVE_WITH_KNOTS('',3,(#3182,#3183,#3184,#3185,#3186,#3187),
 .UNSPECIFIED.,.F.,.F.,(4,2,4),(-0.814542160557745,-0.791060403484302,0.),
 .UNSPECIFIED.);
#43=B_SPLINE_CURVE_WITH_KNOTS('',3,(#3188,#3189,#3190,#3191),
 .UNSPECIFIED.,.F.,.F.,(4,4),(-14.5578515946372,-14.0323383161645),
 .UNSPECIFIED.);
#44=B_SPLINE_CURVE_WITH_KNOTS('',3,(#3195,#3196,#3197,#3198),
 .UNSPECIFIED.,.F.,.F.,(4,4),(-16.2461884117221,-15.7211404239965),
 .UNSPECIFIED.);
#45=B_SPLINE_CURVE_WITH_KNOTS('',3,(#3200,#3201,#3202,#3203,#3204,#3205,
#3206,#3207,#3208,#3209,#3210,#3211,#3212,#3213,#3214,#3215,#3216,#3217,
#3218,#3219,#3220,#3221,#3222,#3223,#3224),.UNSPECIFIED.,.F.,.F.,(4,3,3,
3,3,3,3,3,4),(-1.78646026538862,-1.66180938516505,-1.53530445016195,-1.40676479203125,
-1.30558462362701,-1.18312810131727,-1.05942235543625,-0.987423871712265,
-0.973896137793902),.UNSPECIFIED.);
#46=B_SPLINE_CURVE_WITH_KNOTS('',3,(#3225,#3226,#3227,#3228,#3229,#3230),
 .UNSPECIFIED.,.F.,.F.,(4,2,4),(-1.72092808407391,-1.57738056850237,-0.237415684492235),
 .UNSPECIFIED.);
#47=B_SPLINE_CURVE_WITH_KNOTS('',3,(#3277,#3278,#3279,#3280,#3281,#3282,
#3283),.UNSPECIFIED.,.F.,.F.,(4,1,1,1,4),(-28.8282097720579,-28.3058505397802,
-27.2611320752248,-26.2164136106694,-25.171695146114),.UNSPECIFIED.);
#48=B_SPLINE_CURVE_WITH_KNOTS('',3,(#3326,#3327,#3328,#3329,#3330,#3331,
#3332),.UNSPECIFIED.,.F.,.F.,(4,1,1,1,4),(-32.4922892218619,-31.9697245161276,
-30.9245951046591,-29.8794656931906,-28.8343362817221),.UNSPECIFIED.);
#49=B_SPLINE_CURVE_WITH_KNOTS('',3,(#3360,#3361,#3362,#3363,#3364,#3365),
 .UNSPECIFIED.,.F.,.F.,(4,2,4),(-1.53369265674168,-0.742717283345096,-0.719352923461765),
 .UNSPECIFIED.);
#50=B_SPLINE_CURVE_WITH_KNOTS('',3,(#3367,#3368,#3369,#3370,#3371,#3372,
#3373,#3374),.UNSPECIFIED.,.F.,.F.,(4,2,2,4),(-3.12152406590956,-2.25361773917426,
-1.83006227175175,-1.72591201381384),.UNSPECIFIED.);
#51=B_SPLINE_CURVE_WITH_KNOTS('',3,(#3376,#3377,#3378,#3379),
 .UNSPECIFIED.,.F.,.F.,(4,4),(-0.814779231863921,0.),.UNSPECIFIED.);
#52=B_SPLINE_CURVE_WITH_KNOTS('',3,(#3381,#3382,#3383,#3384),
 .UNSPECIFIED.,.F.,.F.,(4,4),(-12.342937035265,-11.818003759063),
 .UNSPECIFIED.);
#53=B_SPLINE_CURVE_WITH_KNOTS('',3,(#3388,#3389,#3390,#3391),
 .UNSPECIFIED.,.F.,.F.,(4,4),(-14.031877985925,-13.5063629559313),
 .UNSPECIFIED.);
#54=B_SPLINE_CURVE_WITH_KNOTS('',3,(#3435,#3436,#3437,#3438,#3439,#3440,
#3441),.UNSPECIFIED.,.F.,.F.,(4,1,1,1,4),(-28.8322625909209,-28.309840499397,
-27.2649963163491,-26.2201521333013,-25.1753079505444),.UNSPECIFIED.);
#55=FACE_BOUND('',#238,.T.);
#56=FACE_BOUND('',#239,.T.);
#57=FACE_BOUND('',#240,.T.);
#58=FACE_BOUND('',#241,.T.);
#59=FACE_BOUND('',#251,.T.);
#60=FACE_BOUND('',#253,.T.);
#61=FACE_BOUND('',#261,.T.);
#62=FACE_BOUND('',#269,.T.);
#63=FACE_BOUND('',#277,.T.);
#64=FACE_BOUND('',#285,.T.);
#65=FACE_BOUND('',#289,.T.);
#66=FACE_BOUND('',#293,.T.);
#67=FACE_BOUND('',#297,.T.);
#68=FACE_BOUND('',#307,.T.);
#69=FACE_BOUND('',#310,.T.);
#70=FACE_BOUND('',#315,.T.);
#71=FACE_BOUND('',#328,.T.);
#72=FACE_BOUND('',#329,.T.);
#73=FACE_BOUND('',#332,.T.);
#74=FACE_BOUND('',#333,.T.);
#75=FACE_BOUND('',#337,.T.);
#76=FACE_BOUND('',#340,.T.);
#77=PLANE('',#1656);
#78=PLANE('',#1657);
#79=PLANE('',#1658);
#80=PLANE('',#1659);
#81=PLANE('',#1672);
#82=PLANE('',#1674);
#83=PLANE('',#1677);
#84=PLANE('',#1680);
#85=PLANE('',#1681);
#86=PLANE('',#1683);
#87=PLANE('',#1685);
#88=PLANE('',#1689);
#89=PLANE('',#1691);
#90=PLANE('',#1692);
#91=PLANE('',#1693);
#92=PLANE('',#1694);
#93=PLANE('',#1695);
#94=PLANE('',#1696);
#95=PLANE('',#1697);
#96=PLANE('',#1699);
#97=PLANE('',#1700);
#98=PLANE('',#1701);
#99=PLANE('',#1702);
#100=PLANE('',#1703);
#101=PLANE('',#1704);
#102=PLANE('',#1705);
#103=PLANE('',#1707);
#104=PLANE('',#1708);
#105=PLANE('',#1709);
#106=PLANE('',#1710);
#107=PLANE('',#1711);
#108=PLANE('',#1712);
#109=PLANE('',#1713);
#110=PLANE('',#1715);
#111=PLANE('',#1716);
#112=PLANE('',#1717);
#113=PLANE('',#1718);
#114=PLANE('',#1719);
#115=PLANE('',#1720);
#116=PLANE('',#1721);
#117=PLANE('',#1727);
#118=PLANE('',#1733);
#119=PLANE('',#1739);
#120=PLANE('',#1745);
#121=PLANE('',#1746);
#122=PLANE('',#1747);
#123=PLANE('',#1748);
#124=PLANE('',#1749);
#125=PLANE('',#1750);
#126=PLANE('',#1751);
#127=PLANE('',#1755);
#128=PLANE('',#1771);
#129=PLANE('',#1772);
#130=PLANE('',#1775);
#131=PLANE('',#1776);
#132=PLANE('',#1779);
#133=PLANE('',#1782);
#134=PLANE('',#1784);
#135=PLANE('',#1786);
#136=PLANE('',#1787);
#137=PLANE('',#1788);
#138=PLANE('',#1789);
#139=FACE_OUTER_BOUND('',#230,.T.);
#140=FACE_OUTER_BOUND('',#231,.T.);
#141=FACE_OUTER_BOUND('',#232,.T.);
#142=FACE_OUTER_BOUND('',#233,.T.);
#143=FACE_OUTER_BOUND('',#234,.T.);
#144=FACE_OUTER_BOUND('',#235,.T.);
#145=FACE_OUTER_BOUND('',#236,.T.);
#146=FACE_OUTER_BOUND('',#237,.T.);
#147=FACE_OUTER_BOUND('',#242,.T.);
#148=FACE_OUTER_BOUND('',#243,.T.);
#149=FACE_OUTER_BOUND('',#244,.T.);
#150=FACE_OUTER_BOUND('',#245,.T.);
#151=FACE_OUTER_BOUND('',#246,.T.);
#152=FACE_OUTER_BOUND('',#247,.T.);
#153=FACE_OUTER_BOUND('',#248,.T.);
#154=FACE_OUTER_BOUND('',#249,.T.);
#155=FACE_OUTER_BOUND('',#250,.T.);
#156=FACE_OUTER_BOUND('',#252,.T.);
#157=FACE_OUTER_BOUND('',#254,.T.);
#158=FACE_OUTER_BOUND('',#255,.T.);
#159=FACE_OUTER_BOUND('',#256,.T.);
#160=FACE_OUTER_BOUND('',#257,.T.);
#161=FACE_OUTER_BOUND('',#258,.T.);
#162=FACE_OUTER_BOUND('',#259,.T.);
#163=FACE_OUTER_BOUND('',#260,.T.);
#164=FACE_OUTER_BOUND('',#262,.T.);
#165=FACE_OUTER_BOUND('',#263,.T.);
#166=FACE_OUTER_BOUND('',#264,.T.);
#167=FACE_OUTER_BOUND('',#265,.T.);
#168=FACE_OUTER_BOUND('',#266,.T.);
#169=FACE_OUTER_BOUND('',#267,.T.);
#170=FACE_OUTER_BOUND('',#268,.T.);
#171=FACE_OUTER_BOUND('',#270,.T.);
#172=FACE_OUTER_BOUND('',#271,.T.);
#173=FACE_OUTER_BOUND('',#272,.T.);
#174=FACE_OUTER_BOUND('',#273,.T.);
#175=FACE_OUTER_BOUND('',#274,.T.);
#176=FACE_OUTER_BOUND('',#275,.T.);
#177=FACE_OUTER_BOUND('',#276,.T.);
#178=FACE_OUTER_BOUND('',#278,.T.);
#179=FACE_OUTER_BOUND('',#279,.T.);
#180=FACE_OUTER_BOUND('',#280,.T.);
#181=FACE_OUTER_BOUND('',#281,.T.);
#182=FACE_OUTER_BOUND('',#282,.T.);
#183=FACE_OUTER_BOUND('',#283,.T.);
#184=FACE_OUTER_BOUND('',#284,.T.);
#185=FACE_OUTER_BOUND('',#286,.T.);
#186=FACE_OUTER_BOUND('',#287,.T.);
#187=FACE_OUTER_BOUND('',#288,.T.);
#188=FACE_OUTER_BOUND('',#290,.T.);
#189=FACE_OUTER_BOUND('',#291,.T.);
#190=FACE_OUTER_BOUND('',#292,.T.);
#191=FACE_OUTER_BOUND('',#294,.T.);
#192=FACE_OUTER_BOUND('',#295,.T.);
#193=FACE_OUTER_BOUND('',#296,.T.);
#194=FACE_OUTER_BOUND('',#298,.T.);
#195=FACE_OUTER_BOUND('',#299,.T.);
#196=FACE_OUTER_BOUND('',#300,.T.);
#197=FACE_OUTER_BOUND('',#301,.T.);
#198=FACE_OUTER_BOUND('',#302,.T.);
#199=FACE_OUTER_BOUND('',#303,.T.);
#200=FACE_OUTER_BOUND('',#304,.T.);
#201=FACE_OUTER_BOUND('',#305,.T.);
#202=FACE_OUTER_BOUND('',#306,.T.);
#203=FACE_OUTER_BOUND('',#308,.T.);
#204=FACE_OUTER_BOUND('',#309,.T.);
#205=FACE_OUTER_BOUND('',#311,.T.);
#206=FACE_OUTER_BOUND('',#312,.T.);
#207=FACE_OUTER_BOUND('',#313,.T.);
#208=FACE_OUTER_BOUND('',#314,.T.);
#209=FACE_OUTER_BOUND('',#316,.T.);
#210=FACE_OUTER_BOUND('',#317,.T.);
#211=FACE_OUTER_BOUND('',#318,.T.);
#212=FACE_OUTER_BOUND('',#319,.T.);
#213=FACE_OUTER_BOUND('',#320,.T.);
#214=FACE_OUTER_BOUND('',#321,.T.);
#215=FACE_OUTER_BOUND('',#322,.T.);
#216=FACE_OUTER_BOUND('',#323,.T.);
#217=FACE_OUTER_BOUND('',#324,.T.);
#218=FACE_OUTER_BOUND('',#325,.T.);
#219=FACE_OUTER_BOUND('',#326,.T.);
#220=FACE_OUTER_BOUND('',#327,.T.);
#221=FACE_OUTER_BOUND('',#330,.T.);
#222=FACE_OUTER_BOUND('',#331,.T.);
#223=FACE_OUTER_BOUND('',#334,.T.);
#224=FACE_OUTER_BOUND('',#335,.T.);
#225=FACE_OUTER_BOUND('',#336,.T.);
#226=FACE_OUTER_BOUND('',#338,.T.);
#227=FACE_OUTER_BOUND('',#339,.T.);
#228=FACE_OUTER_BOUND('',#341,.T.);
#229=FACE_OUTER_BOUND('',#342,.T.);
#230=EDGE_LOOP('',(#1067,#1068,#1069,#1070));
#231=EDGE_LOOP('',(#1071,#1072,#1073,#1074));
#232=EDGE_LOOP('',(#1075,#1076,#1077,#1078));
#233=EDGE_LOOP('',(#1079,#1080,#1081,#1082));
#234=EDGE_LOOP('',(#1083,#1084,#1085,#1086));
#235=EDGE_LOOP('',(#1087,#1088,#1089,#1090));
#236=EDGE_LOOP('',(#1091,#1092,#1093,#1094,#1095,#1096,#1097,#1098,#1099,
#1100,#1101,#1102));
#237=EDGE_LOOP('',(#1103,#1104,#1105,#1106,#1107,#1108,#1109,#1110));
#238=EDGE_LOOP('',(#1111,#1112,#1113,#1114,#1115,#1116));
#239=EDGE_LOOP('',(#1117,#1118,#1119,#1120,#1121,#1122));
#240=EDGE_LOOP('',(#1123,#1124,#1125,#1126,#1127,#1128));
#241=EDGE_LOOP('',(#1129,#1130,#1131,#1132,#1133,#1134));
#242=EDGE_LOOP('',(#1135,#1136,#1137,#1138,#1139,#1140,#1141,#1142));
#243=EDGE_LOOP('',(#1143,#1144,#1145,#1146));
#244=EDGE_LOOP('',(#1147,#1148,#1149,#1150));
#245=EDGE_LOOP('',(#1151,#1152,#1153,#1154));
#246=EDGE_LOOP('',(#1155,#1156,#1157,#1158,#1159,#1160,#1161,#1162));
#247=EDGE_LOOP('',(#1163,#1164,#1165,#1166));
#248=EDGE_LOOP('',(#1167,#1168,#1169,#1170));
#249=EDGE_LOOP('',(#1171,#1172,#1173,#1174));
#250=EDGE_LOOP('',(#1175,#1176,#1177,#1178,#1179,#1180,#1181,#1182));
#251=EDGE_LOOP('',(#1183,#1184,#1185,#1186,#1187,#1188));
#252=EDGE_LOOP('',(#1189,#1190,#1191,#1192,#1193,#1194));
#253=EDGE_LOOP('',(#1195));
#254=EDGE_LOOP('',(#1196,#1197,#1198,#1199));
#255=EDGE_LOOP('',(#1200,#1201,#1202,#1203));
#256=EDGE_LOOP('',(#1204,#1205,#1206,#1207));
#257=EDGE_LOOP('',(#1208,#1209,#1210,#1211));
#258=EDGE_LOOP('',(#1212,#1213,#1214,#1215));
#259=EDGE_LOOP('',(#1216,#1217,#1218,#1219));
#260=EDGE_LOOP('',(#1220,#1221,#1222,#1223,#1224,#1225));
#261=EDGE_LOOP('',(#1226));
#262=EDGE_LOOP('',(#1227,#1228,#1229,#1230));
#263=EDGE_LOOP('',(#1231,#1232,#1233,#1234));
#264=EDGE_LOOP('',(#1235,#1236,#1237,#1238));
#265=EDGE_LOOP('',(#1239,#1240,#1241,#1242));
#266=EDGE_LOOP('',(#1243,#1244,#1245,#1246));
#267=EDGE_LOOP('',(#1247,#1248,#1249,#1250));
#268=EDGE_LOOP('',(#1251,#1252,#1253,#1254,#1255,#1256));
#269=EDGE_LOOP('',(#1257));
#270=EDGE_LOOP('',(#1258,#1259,#1260,#1261));
#271=EDGE_LOOP('',(#1262,#1263,#1264,#1265));
#272=EDGE_LOOP('',(#1266,#1267,#1268,#1269));
#273=EDGE_LOOP('',(#1270,#1271,#1272,#1273));
#274=EDGE_LOOP('',(#1274,#1275,#1276,#1277));
#275=EDGE_LOOP('',(#1278,#1279,#1280,#1281));
#276=EDGE_LOOP('',(#1282,#1283,#1284,#1285,#1286,#1287));
#277=EDGE_LOOP('',(#1288));
#278=EDGE_LOOP('',(#1289,#1290,#1291,#1292));
#279=EDGE_LOOP('',(#1293,#1294,#1295,#1296));
#280=EDGE_LOOP('',(#1297,#1298,#1299,#1300));
#281=EDGE_LOOP('',(#1301,#1302,#1303,#1304));
#282=EDGE_LOOP('',(#1305,#1306,#1307,#1308));
#283=EDGE_LOOP('',(#1309,#1310,#1311,#1312));
#284=EDGE_LOOP('',(#1313));
#285=EDGE_LOOP('',(#1314));
#286=EDGE_LOOP('',(#1315,#1316,#1317,#1318));
#287=EDGE_LOOP('',(#1319,#1320,#1321,#1322));
#288=EDGE_LOOP('',(#1323));
#289=EDGE_LOOP('',(#1324));
#290=EDGE_LOOP('',(#1325,#1326,#1327,#1328));
#291=EDGE_LOOP('',(#1329,#1330,#1331,#1332));
#292=EDGE_LOOP('',(#1333));
#293=EDGE_LOOP('',(#1334));
#294=EDGE_LOOP('',(#1335,#1336,#1337,#1338));
#295=EDGE_LOOP('',(#1339,#1340,#1341,#1342));
#296=EDGE_LOOP('',(#1343));
#297=EDGE_LOOP('',(#1344));
#298=EDGE_LOOP('',(#1345,#1346,#1347,#1348));
#299=EDGE_LOOP('',(#1349,#1350,#1351,#1352));
#300=EDGE_LOOP('',(#1353,#1354,#1355,#1356));
#301=EDGE_LOOP('',(#1357,#1358,#1359,#1360));
#302=EDGE_LOOP('',(#1361,#1362,#1363,#1364));
#303=EDGE_LOOP('',(#1365,#1366,#1367,#1368));
#304=EDGE_LOOP('',(#1369,#1370,#1371,#1372));
#305=EDGE_LOOP('',(#1373,#1374,#1375,#1376));
#306=EDGE_LOOP('',(#1377,#1378,#1379,#1380,#1381,#1382));
#307=EDGE_LOOP('',(#1383));
#308=EDGE_LOOP('',(#1384,#1385,#1386,#1387,#1388));
#309=EDGE_LOOP('',(#1389));
#310=EDGE_LOOP('',(#1390));
#311=EDGE_LOOP('',(#1391,#1392,#1393,#1394));
#312=EDGE_LOOP('',(#1395,#1396,#1397,#1398));
#313=EDGE_LOOP('',(#1399,#1400,#1401,#1402));
#314=EDGE_LOOP('',(#1403,#1404,#1405,#1406,#1407,#1408,#1409,#1410));
#315=EDGE_LOOP('',(#1411,#1412));
#316=EDGE_LOOP('',(#1413,#1414,#1415,#1416,#1417,#1418,#1419,#1420));
#317=EDGE_LOOP('',(#1421,#1422,#1423,#1424));
#318=EDGE_LOOP('',(#1425,#1426,#1427,#1428));
#319=EDGE_LOOP('',(#1429,#1430,#1431,#1432,#1433,#1434,#1435,#1436));
#320=EDGE_LOOP('',(#1437,#1438,#1439,#1440));
#321=EDGE_LOOP('',(#1441,#1442,#1443,#1444));
#322=EDGE_LOOP('',(#1445,#1446,#1447,#1448));
#323=EDGE_LOOP('',(#1449,#1450,#1451,#1452));
#324=EDGE_LOOP('',(#1453,#1454,#1455,#1456));
#325=EDGE_LOOP('',(#1457,#1458,#1459,#1460));
#326=EDGE_LOOP('',(#1461,#1462,#1463,#1464));
#327=EDGE_LOOP('',(#1465,#1466,#1467,#1468,#1469,#1470));
#328=EDGE_LOOP('',(#1471));
#329=EDGE_LOOP('',(#1472));
#330=EDGE_LOOP('',(#1473,#1474,#1475,#1476));
#331=EDGE_LOOP('',(#1477,#1478,#1479,#1480,#1481,#1482));
#332=EDGE_LOOP('',(#1483));
#333=EDGE_LOOP('',(#1484));
#334=EDGE_LOOP('',(#1485,#1486,#1487,#1488));
#335=EDGE_LOOP('',(#1489,#1490,#1491,#1492));
#336=EDGE_LOOP('',(#1493,#1494,#1495,#1496,#1497,#1498));
#337=EDGE_LOOP('',(#1499));
#338=EDGE_LOOP('',(#1500,#1501,#1502,#1503));
#339=EDGE_LOOP('',(#1504,#1505,#1506,#1507,#1508,#1509));
#340=EDGE_LOOP('',(#1510));
#341=EDGE_LOOP('',(#1511,#1512,#1513,#1514));
#342=EDGE_LOOP('',(#1515,#1516,#1517,#1518,#1519,#1520,#1521,#1522,#1523,
#1524,#1525,#1526));
#343=LINE('',#2220,#488);
#344=LINE('',#2223,#489);
#345=LINE('',#2226,#490);
#346=LINE('',#2228,#491);
#347=LINE('',#2229,#492);
#348=LINE('',#2232,#493);
#349=LINE('',#2234,#494);
#350=LINE('',#2235,#495);
#351=LINE('',#2239,#496);
#352=LINE('',#2241,#497);
#353=LINE('',#2243,#498);
#354=LINE('',#2244,#499);
#355=LINE('',#2248,#500);
#356=LINE('',#2250,#501);
#357=LINE('',#2252,#502);
#358=LINE('',#2253,#503);
#359=LINE('',#2261,#504);
#360=LINE('',#2273,#505);
#361=LINE('',#2280,#506);
#362=LINE('',#2282,#507);
#363=LINE('',#2284,#508);
#364=LINE('',#2286,#509);
#365=LINE('',#2288,#510);
#366=LINE('',#2289,#511);
#367=LINE('',#2292,#512);
#368=LINE('',#2294,#513);
#369=LINE('',#2296,#514);
#370=LINE('',#2298,#515);
#371=LINE('',#2300,#516);
#372=LINE('',#2301,#517);
#373=LINE('',#2304,#518);
#374=LINE('',#2306,#519);
#375=LINE('',#2308,#520);
#376=LINE('',#2310,#521);
#377=LINE('',#2312,#522);
#378=LINE('',#2313,#523);
#379=LINE('',#2316,#524);
#380=LINE('',#2318,#525);
#381=LINE('',#2320,#526);
#382=LINE('',#2322,#527);
#383=LINE('',#2324,#528);
#384=LINE('',#2325,#529);
#385=LINE('',#2328,#530);
#386=LINE('',#2332,#531);
#387=LINE('',#2336,#532);
#388=LINE('',#2338,#533);
#389=LINE('',#2399,#534);
#390=LINE('',#2403,#535);
#391=LINE('',#2435,#536);
#392=LINE('',#2440,#537);
#393=LINE('',#2442,#538);
#394=LINE('',#2501,#539);
#395=LINE('',#2657,#540);
#396=LINE('',#2659,#541);
#397=LINE('',#2661,#542);
#398=LINE('',#2663,#543);
#399=LINE('',#2665,#544);
#400=LINE('',#2666,#545);
#401=LINE('',#2670,#546);
#402=LINE('',#2671,#547);
#403=LINE('',#2673,#548);
#404=LINE('',#2675,#549);
#405=LINE('',#2677,#550);
#406=LINE('',#2679,#551);
#407=LINE('',#2684,#552);
#408=LINE('',#2686,#553);
#409=LINE('',#2688,#554);
#410=LINE('',#2690,#555);
#411=LINE('',#2692,#556);
#412=LINE('',#2693,#557);
#413=LINE('',#2697,#558);
#414=LINE('',#2698,#559);
#415=LINE('',#2700,#560);
#416=LINE('',#2702,#561);
#417=LINE('',#2704,#562);
#418=LINE('',#2706,#563);
#419=LINE('',#2711,#564);
#420=LINE('',#2713,#565);
#421=LINE('',#2715,#566);
#422=LINE('',#2717,#567);
#423=LINE('',#2719,#568);
#424=LINE('',#2720,#569);
#425=LINE('',#2724,#570);
#426=LINE('',#2725,#571);
#427=LINE('',#2727,#572);
#428=LINE('',#2729,#573);
#429=LINE('',#2731,#574);
#430=LINE('',#2733,#575);
#431=LINE('',#2738,#576);
#432=LINE('',#2740,#577);
#433=LINE('',#2742,#578);
#434=LINE('',#2744,#579);
#435=LINE('',#2746,#580);
#436=LINE('',#2747,#581);
#437=LINE('',#2751,#582);
#438=LINE('',#2752,#583);
#439=LINE('',#2754,#584);
#440=LINE('',#2756,#585);
#441=LINE('',#2758,#586);
#442=LINE('',#2760,#587);
#443=LINE('',#2770,#588);
#444=LINE('',#2772,#589);
#445=LINE('',#2781,#590);
#446=LINE('',#2783,#591);
#447=LINE('',#2792,#592);
#448=LINE('',#2794,#593);
#449=LINE('',#2803,#594);
#450=LINE('',#2805,#595);
#451=LINE('',#2808,#596);
#452=LINE('',#2810,#597);
#453=LINE('',#2811,#598);
#454=LINE('',#2814,#599);
#455=LINE('',#2815,#600);
#456=LINE('',#2818,#601);
#457=LINE('',#2819,#602);
#458=LINE('',#2822,#603);
#459=LINE('',#2823,#604);
#460=LINE('',#2826,#605);
#461=LINE('',#2827,#606);
#462=LINE('',#2829,#607);
#463=LINE('',#3013,#608);
#464=LINE('',#3020,#609);
#465=LINE('',#3025,#610);
#466=LINE('',#3444,#611);
#467=LINE('',#3446,#612);
#468=LINE('',#3447,#613);
#469=LINE('',#3450,#614);
#470=LINE('',#3452,#615);
#471=LINE('',#3453,#616);
#472=LINE('',#3456,#617);
#473=LINE('',#3460,#618);
#474=LINE('',#3461,#619);
#475=LINE('',#3464,#620);
#476=LINE('',#3466,#621);
#477=LINE('',#3467,#622);
#478=LINE('',#3471,#623);
#479=LINE('',#3474,#624);
#480=LINE('',#3477,#625);
#481=LINE('',#3480,#626);
#482=LINE('',#3483,#627);
#483=LINE('',#3484,#628);
#484=LINE('',#3486,#629);
#485=LINE('',#3489,#630);
#486=LINE('',#3490,#631);
#487=LINE('',#3492,#632);
#488=VECTOR('',#1797,10.);
#489=VECTOR('',#1800,10.);
#490=VECTOR('',#1803,10.);
#491=VECTOR('',#1804,10.);
#492=VECTOR('',#1805,10.);
#493=VECTOR('',#1808,10.);
#494=VECTOR('',#1809,10.);
#495=VECTOR('',#1810,10.);
#496=VECTOR('',#1813,10.);
#497=VECTOR('',#1814,10.);
#498=VECTOR('',#1815,10.);
#499=VECTOR('',#1816,10.);
#500=VECTOR('',#1819,10.);
#501=VECTOR('',#1820,10.);
#502=VECTOR('',#1821,10.);
#503=VECTOR('',#1822,10.);
#504=VECTOR('',#1833,10.);
#505=VECTOR('',#1844,10.);
#506=VECTOR('',#1853,10.);
#507=VECTOR('',#1854,10.);
#508=VECTOR('',#1855,10.);
#509=VECTOR('',#1856,10.);
#510=VECTOR('',#1857,10.);
#511=VECTOR('',#1858,10.);
#512=VECTOR('',#1859,10.);
#513=VECTOR('',#1860,10.);
#514=VECTOR('',#1861,10.);
#515=VECTOR('',#1862,10.);
#516=VECTOR('',#1863,10.);
#517=VECTOR('',#1864,10.);
#518=VECTOR('',#1865,10.);
#519=VECTOR('',#1866,10.);
#520=VECTOR('',#1867,10.);
#521=VECTOR('',#1868,10.);
#522=VECTOR('',#1869,10.);
#523=VECTOR('',#1870,10.);
#524=VECTOR('',#1871,10.);
#525=VECTOR('',#1872,10.);
#526=VECTOR('',#1873,10.);
#527=VECTOR('',#1874,10.);
#528=VECTOR('',#1875,10.);
#529=VECTOR('',#1876,10.);
#530=VECTOR('',#1879,10.);
#531=VECTOR('',#1882,10.);
#532=VECTOR('',#1887,10.);
#533=VECTOR('',#1888,10.);
#534=VECTOR('',#1893,10.);
#535=VECTOR('',#1896,10.);
#536=VECTOR('',#1897,10.);
#537=VECTOR('',#1904,10.);
#538=VECTOR('',#1905,10.);
#539=VECTOR('',#1908,10.);
#540=VECTOR('',#1919,10.);
#541=VECTOR('',#1920,10.);
#542=VECTOR('',#1921,10.);
#543=VECTOR('',#1922,10.);
#544=VECTOR('',#1923,10.);
#545=VECTOR('',#1924,10.);
#546=VECTOR('',#1929,10.);
#547=VECTOR('',#1930,10.);
#548=VECTOR('',#1933,10.);
#549=VECTOR('',#1936,10.);
#550=VECTOR('',#1939,10.);
#551=VECTOR('',#1942,10.);
#552=VECTOR('',#1947,10.);
#553=VECTOR('',#1948,10.);
#554=VECTOR('',#1949,10.);
#555=VECTOR('',#1950,10.);
#556=VECTOR('',#1951,10.);
#557=VECTOR('',#1952,10.);
#558=VECTOR('',#1957,10.);
#559=VECTOR('',#1958,10.);
#560=VECTOR('',#1961,10.);
#561=VECTOR('',#1964,10.);
#562=VECTOR('',#1967,10.);
#563=VECTOR('',#1970,10.);
#564=VECTOR('',#1975,10.);
#565=VECTOR('',#1976,10.);
#566=VECTOR('',#1977,10.);
#567=VECTOR('',#1978,10.);
#568=VECTOR('',#1979,10.);
#569=VECTOR('',#1980,10.);
#570=VECTOR('',#1985,10.);
#571=VECTOR('',#1986,10.);
#572=VECTOR('',#1989,10.);
#573=VECTOR('',#1992,10.);
#574=VECTOR('',#1995,10.);
#575=VECTOR('',#1998,10.);
#576=VECTOR('',#2003,10.);
#577=VECTOR('',#2004,10.);
#578=VECTOR('',#2005,10.);
#579=VECTOR('',#2006,10.);
#580=VECTOR('',#2007,10.);
#581=VECTOR('',#2008,10.);
#582=VECTOR('',#2013,10.);
#583=VECTOR('',#2014,10.);
#584=VECTOR('',#2017,10.);
#585=VECTOR('',#2020,10.);
#586=VECTOR('',#2023,10.);
#587=VECTOR('',#2026,10.);
#588=VECTOR('',#2039,2.8);
#589=VECTOR('',#2042,1.5);
#590=VECTOR('',#2053,2.8);
#591=VECTOR('',#2056,1.5);
#592=VECTOR('',#2067,2.8);
#593=VECTOR('',#2070,1.5);
#594=VECTOR('',#2081,2.8);
#595=VECTOR('',#2084,1.5);
#596=VECTOR('',#2087,10.);
#597=VECTOR('',#2088,10.);
#598=VECTOR('',#2089,10.);
#599=VECTOR('',#2092,10.);
#600=VECTOR('',#2093,10.);
#601=VECTOR('',#2096,10.);
#602=VECTOR('',#2097,10.);
#603=VECTOR('',#2100,10.);
#604=VECTOR('',#2101,10.);
#605=VECTOR('',#2104,10.);
#606=VECTOR('',#2105,10.);
#607=VECTOR('',#2108,10.);
#608=VECTOR('',#2115,2.8);
#609=VECTOR('',#2124,1.6);
#610=VECTOR('',#2131,1.6);
#611=VECTOR('',#2154,10.);
#612=VECTOR('',#2155,10.);
#613=VECTOR('',#2156,10.);
#614=VECTOR('',#2159,10.);
#615=VECTOR('',#2160,10.);
#616=VECTOR('',#2161,10.);
#617=VECTOR('',#2164,10.);
#618=VECTOR('',#2169,10.);
#619=VECTOR('',#2170,10.);
#620=VECTOR('',#2173,10.);
#621=VECTOR('',#2174,10.);
#622=VECTOR('',#2175,10.);
#623=VECTOR('',#2182,10.);
#624=VECTOR('',#2185,10.);
#625=VECTOR('',#2188,10.);
#626=VECTOR('',#2191,10.);
#627=VECTOR('',#2194,10.);
#628=VECTOR('',#2195,10.);
#629=VECTOR('',#2198,10.);
#630=VECTOR('',#2203,10.);
#631=VECTOR('',#2204,10.);
#632=VECTOR('',#2207,10.);
#633=CIRCLE('',#1654,3.1);
#634=CIRCLE('',#1655,3.1);
#635=CIRCLE('',#1661,3.1);
#636=CIRCLE('',#1662,3.1);
#637=CIRCLE('',#1664,31.5);
#638=CIRCLE('',#1665,31.5);
#639=CIRCLE('',#1666,31.5);
#640=CIRCLE('',#1667,31.5);
#641=CIRCLE('',#1668,31.5);
#642=CIRCLE('',#1669,31.5);
#643=CIRCLE('',#1670,31.5);
#644=CIRCLE('',#1671,31.5);
#645=CIRCLE('',#1673,31.5);
#646=CIRCLE('',#1675,5.3);
#647=CIRCLE('',#1676,31.5);
#648=CIRCLE('',#1679,5.3);
#649=CIRCLE('',#1682,31.5);
#650=CIRCLE('',#1686,31.5);
#651=CIRCLE('',#1687,20.);
#652=CIRCLE('',#1688,20.);
#653=CIRCLE('',#1690,1.5);
#654=CIRCLE('',#1698,1.5);
#655=CIRCLE('',#1706,1.5);
#656=CIRCLE('',#1714,1.5);
#657=CIRCLE('',#1722,2.8);
#658=CIRCLE('',#1723,1.5);
#659=CIRCLE('',#1725,2.8);
#660=CIRCLE('',#1728,2.8);
#661=CIRCLE('',#1729,1.5);
#662=CIRCLE('',#1731,2.8);
#663=CIRCLE('',#1734,2.8);
#664=CIRCLE('',#1735,1.5);
#665=CIRCLE('',#1737,2.8);
#666=CIRCLE('',#1740,2.8);
#667=CIRCLE('',#1741,1.5);
#668=CIRCLE('',#1743,2.8);
#669=CIRCLE('',#1752,1.6);
#670=CIRCLE('',#1754,2.8);
#671=CIRCLE('',#1756,1.6);
#672=CIRCLE('',#1761,20.);
#673=CIRCLE('',#1762,20.);
#674=CIRCLE('',#1763,20.);
#675=CIRCLE('',#1764,31.5);
#676=CIRCLE('',#1765,20.);
#677=CIRCLE('',#1766,20.);
#678=CIRCLE('',#1767,31.5);
#679=CIRCLE('',#1768,20.);
#680=CIRCLE('',#1769,31.5);
#681=CIRCLE('',#1770,31.5);
#682=CIRCLE('',#1774,3.);
#683=CIRCLE('',#1778,3.);
#684=CIRCLE('',#1781,3.);
#685=CIRCLE('',#1783,3.);
#686=VERTEX_POINT('',#2216);
#687=VERTEX_POINT('',#2217);
#688=VERTEX_POINT('',#2219);
#689=VERTEX_POINT('',#2221);
#690=VERTEX_POINT('',#2225);
#691=VERTEX_POINT('',#2227);
#692=VERTEX_POINT('',#2231);
#693=VERTEX_POINT('',#2233);
#694=VERTEX_POINT('',#2237);
#695=VERTEX_POINT('',#2238);
#696=VERTEX_POINT('',#2240);
#697=VERTEX_POINT('',#2242);
#698=VERTEX_POINT('',#2246);
#699=VERTEX_POINT('',#2247);
#700=VERTEX_POINT('',#2249);
#701=VERTEX_POINT('',#2251);
#702=VERTEX_POINT('',#2258);
#703=VERTEX_POINT('',#2260);
#704=VERTEX_POINT('',#2262);
#705=VERTEX_POINT('',#2264);
#706=VERTEX_POINT('',#2266);
#707=VERTEX_POINT('',#2268);
#708=VERTEX_POINT('',#2270);
#709=VERTEX_POINT('',#2272);
#710=VERTEX_POINT('',#2278);
#711=VERTEX_POINT('',#2279);
#712=VERTEX_POINT('',#2281);
#713=VERTEX_POINT('',#2283);
#714=VERTEX_POINT('',#2285);
#715=VERTEX_POINT('',#2287);
#716=VERTEX_POINT('',#2290);
#717=VERTEX_POINT('',#2291);
#718=VERTEX_POINT('',#2293);
#719=VERTEX_POINT('',#2295);
#720=VERTEX_POINT('',#2297);
#721=VERTEX_POINT('',#2299);
#722=VERTEX_POINT('',#2302);
#723=VERTEX_POINT('',#2303);
#724=VERTEX_POINT('',#2305);
#725=VERTEX_POINT('',#2307);
#726=VERTEX_POINT('',#2309);
#727=VERTEX_POINT('',#2311);
#728=VERTEX_POINT('',#2314);
#729=VERTEX_POINT('',#2315);
#730=VERTEX_POINT('',#2317);
#731=VERTEX_POINT('',#2319);
#732=VERTEX_POINT('',#2321);
#733=VERTEX_POINT('',#2323);
#734=VERTEX_POINT('',#2327);
#735=VERTEX_POINT('',#2329);
#736=VERTEX_POINT('',#2331);
#737=VERTEX_POINT('',#2335);
#738=VERTEX_POINT('',#2337);
#739=VERTEX_POINT('',#2371);
#740=VERTEX_POINT('',#2397);
#741=VERTEX_POINT('',#2401);
#742=VERTEX_POINT('',#2402);
#743=VERTEX_POINT('',#2439);
#744=VERTEX_POINT('',#2441);
#745=VERTEX_POINT('',#2475);
#746=VERTEX_POINT('',#2597);
#747=VERTEX_POINT('',#2599);
#748=VERTEX_POINT('',#2601);
#749=VERTEX_POINT('',#2612);
#750=VERTEX_POINT('',#2613);
#751=VERTEX_POINT('',#2618);
#752=VERTEX_POINT('',#2629);
#753=VERTEX_POINT('',#2634);
#754=VERTEX_POINT('',#2639);
#755=VERTEX_POINT('',#2655);
#756=VERTEX_POINT('',#2656);
#757=VERTEX_POINT('',#2658);
#758=VERTEX_POINT('',#2660);
#759=VERTEX_POINT('',#2662);
#760=VERTEX_POINT('',#2664);
#761=VERTEX_POINT('',#2667);
#762=VERTEX_POINT('',#2682);
#763=VERTEX_POINT('',#2683);
#764=VERTEX_POINT('',#2685);
#765=VERTEX_POINT('',#2687);
#766=VERTEX_POINT('',#2689);
#767=VERTEX_POINT('',#2691);
#768=VERTEX_POINT('',#2694);
#769=VERTEX_POINT('',#2709);
#770=VERTEX_POINT('',#2710);
#771=VERTEX_POINT('',#2712);
#772=VERTEX_POINT('',#2714);
#773=VERTEX_POINT('',#2716);
#774=VERTEX_POINT('',#2718);
#775=VERTEX_POINT('',#2721);
#776=VERTEX_POINT('',#2736);
#777=VERTEX_POINT('',#2737);
#778=VERTEX_POINT('',#2739);
#779=VERTEX_POINT('',#2741);
#780=VERTEX_POINT('',#2743);
#781=VERTEX_POINT('',#2745);
#782=VERTEX_POINT('',#2748);
#783=VERTEX_POINT('',#2763);
#784=VERTEX_POINT('',#2765);
#785=VERTEX_POINT('',#2768);
#786=VERTEX_POINT('',#2774);
#787=VERTEX_POINT('',#2776);
#788=VERTEX_POINT('',#2779);
#789=VERTEX_POINT('',#2785);
#790=VERTEX_POINT('',#2787);
#791=VERTEX_POINT('',#2790);
#792=VERTEX_POINT('',#2796);
#793=VERTEX_POINT('',#2798);
#794=VERTEX_POINT('',#2801);
#795=VERTEX_POINT('',#2807);
#796=VERTEX_POINT('',#2809);
#797=VERTEX_POINT('',#2813);
#798=VERTEX_POINT('',#2817);
#799=VERTEX_POINT('',#2821);
#800=VERTEX_POINT('',#2825);
#801=VERTEX_POINT('',#2831);
#802=VERTEX_POINT('',#2834);
#803=VERTEX_POINT('',#2835);
#804=VERTEX_POINT('',#3012);
#805=VERTEX_POINT('',#3016);
#806=VERTEX_POINT('',#3019);
#807=VERTEX_POINT('',#3023);
#808=VERTEX_POINT('',#3068);
#809=VERTEX_POINT('',#3070);
#810=VERTEX_POINT('',#3142);
#811=VERTEX_POINT('',#3152);
#812=VERTEX_POINT('',#3180);
#813=VERTEX_POINT('',#3181);
#814=VERTEX_POINT('',#3192);
#815=VERTEX_POINT('',#3194);
#816=VERTEX_POINT('',#3199);
#817=VERTEX_POINT('',#3273);
#818=VERTEX_POINT('',#3274);
#819=VERTEX_POINT('',#3358);
#820=VERTEX_POINT('',#3359);
#821=VERTEX_POINT('',#3366);
#822=VERTEX_POINT('',#3375);
#823=VERTEX_POINT('',#3380);
#824=VERTEX_POINT('',#3385);
#825=VERTEX_POINT('',#3443);
#826=VERTEX_POINT('',#3445);
#827=VERTEX_POINT('',#3449);
#828=VERTEX_POINT('',#3451);
#829=VERTEX_POINT('',#3455);
#830=VERTEX_POINT('',#3459);
#831=VERTEX_POINT('',#3463);
#832=VERTEX_POINT('',#3465);
#833=VERTEX_POINT('',#3473);
#834=VERTEX_POINT('',#3475);
#835=VERTEX_POINT('',#3479);
#836=VERTEX_POINT('',#3482);
#837=EDGE_CURVE('',#686,#687,#633,.T.);
#838=EDGE_CURVE('',#688,#686,#343,.T.);
#839=EDGE_CURVE('',#689,#688,#634,.T.);
#840=EDGE_CURVE('',#689,#687,#344,.T.);
#841=EDGE_CURVE('',#690,#689,#345,.T.);
#842=EDGE_CURVE('',#691,#690,#346,.T.);
#843=EDGE_CURVE('',#687,#691,#347,.T.);
#844=EDGE_CURVE('',#692,#686,#348,.T.);
#845=EDGE_CURVE('',#693,#692,#349,.T.);
#846=EDGE_CURVE('',#688,#693,#350,.T.);
#847=EDGE_CURVE('',#694,#695,#351,.T.);
#848=EDGE_CURVE('',#696,#694,#352,.T.);
#849=EDGE_CURVE('',#697,#696,#353,.T.);
#850=EDGE_CURVE('',#695,#697,#354,.T.);
#851=EDGE_CURVE('',#698,#699,#355,.T.);
#852=EDGE_CURVE('',#700,#698,#356,.T.);
#853=EDGE_CURVE('',#701,#700,#357,.T.);
#854=EDGE_CURVE('',#701,#699,#358,.T.);
#855=EDGE_CURVE('',#699,#696,#635,.T.);
#856=EDGE_CURVE('',#697,#701,#636,.T.);
#857=EDGE_CURVE('',#690,#702,#637,.T.);
#858=EDGE_CURVE('',#702,#703,#359,.T.);
#859=EDGE_CURVE('',#703,#704,#638,.T.);
#860=EDGE_CURVE('',#704,#705,#639,.T.);
#861=EDGE_CURVE('',#705,#706,#640,.T.);
#862=EDGE_CURVE('',#706,#707,#641,.T.);
#863=EDGE_CURVE('',#707,#708,#642,.T.);
#864=EDGE_CURVE('',#708,#709,#360,.T.);
#865=EDGE_CURVE('',#709,#700,#643,.T.);
#866=EDGE_CURVE('',#691,#698,#644,.T.);
#867=EDGE_CURVE('',#694,#692,#645,.T.);
#868=EDGE_CURVE('',#710,#711,#361,.T.);
#869=EDGE_CURVE('',#711,#712,#362,.T.);
#870=EDGE_CURVE('',#712,#713,#363,.T.);
#871=EDGE_CURVE('',#713,#714,#364,.T.);
#872=EDGE_CURVE('',#714,#715,#365,.T.);
#873=EDGE_CURVE('',#715,#710,#366,.T.);
#874=EDGE_CURVE('',#716,#717,#367,.T.);
#875=EDGE_CURVE('',#717,#718,#368,.T.);
#876=EDGE_CURVE('',#718,#719,#369,.T.);
#877=EDGE_CURVE('',#719,#720,#370,.T.);
#878=EDGE_CURVE('',#720,#721,#371,.T.);
#879=EDGE_CURVE('',#721,#716,#372,.T.);
#880=EDGE_CURVE('',#722,#723,#373,.T.);
#881=EDGE_CURVE('',#723,#724,#374,.T.);
#882=EDGE_CURVE('',#724,#725,#375,.T.);
#883=EDGE_CURVE('',#725,#726,#376,.T.);
#884=EDGE_CURVE('',#726,#727,#377,.T.);
#885=EDGE_CURVE('',#727,#722,#378,.T.);
#886=EDGE_CURVE('',#728,#729,#379,.T.);
#887=EDGE_CURVE('',#729,#730,#380,.T.);
#888=EDGE_CURVE('',#730,#731,#381,.T.);
#889=EDGE_CURVE('',#731,#732,#382,.T.);
#890=EDGE_CURVE('',#732,#733,#383,.T.);
#891=EDGE_CURVE('',#733,#728,#384,.T.);
#892=EDGE_CURVE('',#734,#709,#385,.T.);
#893=EDGE_CURVE('',#735,#734,#646,.T.);
#894=EDGE_CURVE('',#736,#735,#386,.T.);
#895=EDGE_CURVE('',#695,#736,#647,.T.);
#896=EDGE_CURVE('',#702,#737,#387,.T.);
#897=EDGE_CURVE('',#738,#737,#388,.T.);
#898=EDGE_CURVE('',#703,#738,#25,.T.);
#899=EDGE_CURVE('',#738,#739,#26,.T.);
#900=EDGE_CURVE('',#737,#740,#648,.T.);
#901=EDGE_CURVE('',#739,#740,#389,.T.);
#902=EDGE_CURVE('',#741,#742,#390,.T.);
#903=EDGE_CURVE('',#739,#741,#27,.T.);
#904=EDGE_CURVE('',#740,#742,#391,.T.);
#905=EDGE_CURVE('',#742,#693,#649,.T.);
#906=EDGE_CURVE('',#736,#743,#392,.T.);
#907=EDGE_CURVE('',#744,#735,#393,.T.);
#908=EDGE_CURVE('',#743,#744,#28,.T.);
#909=EDGE_CURVE('',#744,#745,#29,.T.);
#910=EDGE_CURVE('',#745,#734,#394,.T.);
#911=EDGE_CURVE('',#745,#708,#30,.T.);
#912=EDGE_CURVE('',#746,#741,#650,.T.);
#913=EDGE_CURVE('',#746,#747,#651,.T.);
#914=EDGE_CURVE('',#747,#748,#31,.T.);
#915=EDGE_CURVE('',#704,#748,#652,.T.);
#916=EDGE_CURVE('',#749,#750,#32,.T.);
#917=EDGE_CURVE('',#750,#751,#33,.T.);
#918=EDGE_CURVE('',#751,#752,#34,.T.);
#919=EDGE_CURVE('',#752,#753,#35,.T.);
#920=EDGE_CURVE('',#753,#754,#36,.T.);
#921=EDGE_CURVE('',#754,#749,#37,.T.);
#922=EDGE_CURVE('',#755,#756,#395,.T.);
#923=EDGE_CURVE('',#757,#755,#396,.T.);
#924=EDGE_CURVE('',#758,#757,#397,.T.);
#925=EDGE_CURVE('',#759,#758,#398,.T.);
#926=EDGE_CURVE('',#760,#759,#399,.T.);
#927=EDGE_CURVE('',#756,#760,#400,.T.);
#928=EDGE_CURVE('',#761,#761,#653,.T.);
#929=EDGE_CURVE('',#728,#756,#401,.T.);
#930=EDGE_CURVE('',#729,#760,#402,.T.);
#931=EDGE_CURVE('',#730,#759,#403,.T.);
#932=EDGE_CURVE('',#731,#758,#404,.T.);
#933=EDGE_CURVE('',#732,#757,#405,.T.);
#934=EDGE_CURVE('',#755,#733,#406,.T.);
#935=EDGE_CURVE('',#762,#763,#407,.T.);
#936=EDGE_CURVE('',#764,#762,#408,.T.);
#937=EDGE_CURVE('',#765,#764,#409,.T.);
#938=EDGE_CURVE('',#766,#765,#410,.T.);
#939=EDGE_CURVE('',#767,#766,#411,.T.);
#940=EDGE_CURVE('',#763,#767,#412,.T.);
#941=EDGE_CURVE('',#768,#768,#654,.T.);
#942=EDGE_CURVE('',#722,#763,#413,.T.);
#943=EDGE_CURVE('',#723,#767,#414,.T.);
#944=EDGE_CURVE('',#724,#766,#415,.T.);
#945=EDGE_CURVE('',#725,#765,#416,.T.);
#946=EDGE_CURVE('',#726,#764,#417,.T.);
#947=EDGE_CURVE('',#762,#727,#418,.T.);
#948=EDGE_CURVE('',#769,#770,#419,.T.);
#949=EDGE_CURVE('',#771,#769,#420,.T.);
#950=EDGE_CURVE('',#772,#771,#421,.T.);
#951=EDGE_CURVE('',#773,#772,#422,.T.);
#952=EDGE_CURVE('',#774,#773,#423,.T.);
#953=EDGE_CURVE('',#770,#774,#424,.T.);
#954=EDGE_CURVE('',#775,#775,#655,.T.);
#955=EDGE_CURVE('',#716,#770,#425,.T.);
#956=EDGE_CURVE('',#717,#774,#426,.T.);
#957=EDGE_CURVE('',#718,#773,#427,.T.);
#958=EDGE_CURVE('',#719,#772,#428,.T.);
#959=EDGE_CURVE('',#720,#771,#429,.T.);
#960=EDGE_CURVE('',#769,#721,#430,.T.);
#961=EDGE_CURVE('',#776,#777,#431,.T.);
#962=EDGE_CURVE('',#778,#776,#432,.T.);
#963=EDGE_CURVE('',#779,#778,#433,.T.);
#964=EDGE_CURVE('',#780,#779,#434,.T.);
#965=EDGE_CURVE('',#781,#780,#435,.T.);
#966=EDGE_CURVE('',#777,#781,#436,.T.);
#967=EDGE_CURVE('',#782,#782,#656,.T.);
#968=EDGE_CURVE('',#710,#777,#437,.T.);
#969=EDGE_CURVE('',#711,#781,#438,.T.);
#970=EDGE_CURVE('',#712,#780,#439,.T.);
#971=EDGE_CURVE('',#713,#779,#440,.T.);
#972=EDGE_CURVE('',#714,#778,#441,.T.);
#973=EDGE_CURVE('',#776,#715,#442,.T.);
#974=EDGE_CURVE('',#783,#783,#657,.T.);
#975=EDGE_CURVE('',#784,#784,#658,.T.);
#976=EDGE_CURVE('',#785,#785,#659,.T.);
#977=EDGE_CURVE('',#785,#783,#443,.T.);
#978=EDGE_CURVE('',#784,#761,#444,.T.);
#979=EDGE_CURVE('',#786,#786,#660,.T.);
#980=EDGE_CURVE('',#787,#787,#661,.T.);
#981=EDGE_CURVE('',#788,#788,#662,.T.);
#982=EDGE_CURVE('',#788,#786,#445,.T.);
#983=EDGE_CURVE('',#787,#768,#446,.T.);
#984=EDGE_CURVE('',#789,#789,#663,.T.);
#985=EDGE_CURVE('',#790,#790,#664,.T.);
#986=EDGE_CURVE('',#791,#791,#665,.T.);
#987=EDGE_CURVE('',#791,#789,#447,.T.);
#988=EDGE_CURVE('',#790,#782,#448,.T.);
#989=EDGE_CURVE('',#792,#792,#666,.T.);
#990=EDGE_CURVE('',#793,#793,#667,.T.);
#991=EDGE_CURVE('',#794,#794,#668,.T.);
#992=EDGE_CURVE('',#794,#792,#449,.T.);
#993=EDGE_CURVE('',#793,#775,#450,.T.);
#994=EDGE_CURVE('',#752,#795,#451,.T.);
#995=EDGE_CURVE('',#795,#796,#452,.T.);
#996=EDGE_CURVE('',#753,#796,#453,.T.);
#997=EDGE_CURVE('',#796,#797,#454,.T.);
#998=EDGE_CURVE('',#754,#797,#455,.T.);
#999=EDGE_CURVE('',#797,#798,#456,.T.);
#1000=EDGE_CURVE('',#749,#798,#457,.T.);
#1001=EDGE_CURVE('',#798,#799,#458,.T.);
#1002=EDGE_CURVE('',#750,#799,#459,.T.);
#1003=EDGE_CURVE('',#751,#800,#460,.T.);
#1004=EDGE_CURVE('',#800,#795,#461,.T.);
#1005=EDGE_CURVE('',#799,#800,#462,.T.);
#1006=EDGE_CURVE('',#801,#801,#669,.T.);
#1007=EDGE_CURVE('',#802,#803,#38,.T.);
#1008=EDGE_CURVE('',#803,#802,#39,.T.);
#1009=EDGE_CURVE('',#803,#804,#463,.T.);
#1010=EDGE_CURVE('',#804,#804,#670,.T.);
#1011=EDGE_CURVE('',#805,#805,#671,.T.);
#1012=EDGE_CURVE('',#805,#806,#464,.T.);
#1013=EDGE_CURVE('',#806,#806,#15,.T.);
#1014=EDGE_CURVE('',#807,#807,#16,.T.);
#1015=EDGE_CURVE('',#807,#801,#465,.T.);
#1016=EDGE_CURVE('',#808,#707,#672,.T.);
#1017=EDGE_CURVE('',#706,#809,#673,.T.);
#1018=EDGE_CURVE('',#809,#808,#40,.T.);
#1019=EDGE_CURVE('',#808,#810,#41,.T.);
#1020=EDGE_CURVE('',#810,#811,#674,.T.);
#1021=EDGE_CURVE('',#743,#811,#675,.T.);
#1022=EDGE_CURVE('',#812,#813,#42,.T.);
#1023=EDGE_CURVE('',#813,#809,#43,.T.);
#1024=EDGE_CURVE('',#705,#814,#676,.T.);
#1025=EDGE_CURVE('',#814,#815,#44,.T.);
#1026=EDGE_CURVE('',#815,#816,#45,.T.);
#1027=EDGE_CURVE('',#812,#816,#46,.F.);
#1028=EDGE_CURVE('',#817,#818,#677,.T.);
#1029=EDGE_CURVE('',#811,#818,#678,.T.);
#1030=EDGE_CURVE('',#810,#817,#47,.T.);
#1031=EDGE_CURVE('',#748,#814,#48,.T.);
#1032=EDGE_CURVE('',#819,#820,#49,.F.);
#1033=EDGE_CURVE('',#819,#821,#50,.T.);
#1034=EDGE_CURVE('',#822,#821,#51,.F.);
#1035=EDGE_CURVE('',#822,#823,#52,.T.);
#1036=EDGE_CURVE('',#823,#824,#679,.T.);
#1037=EDGE_CURVE('',#818,#824,#680,.T.);
#1038=EDGE_CURVE('',#817,#820,#53,.T.);
#1039=EDGE_CURVE('',#824,#746,#681,.T.);
#1040=EDGE_CURVE('',#823,#747,#54,.T.);
#1041=EDGE_CURVE('',#825,#817,#466,.T.);
#1042=EDGE_CURVE('',#826,#825,#467,.F.);
#1043=EDGE_CURVE('',#826,#820,#468,.T.);
#1044=EDGE_CURVE('',#822,#827,#469,.T.);
#1045=EDGE_CURVE('',#828,#827,#470,.F.);
#1046=EDGE_CURVE('',#823,#828,#471,.T.);
#1047=EDGE_CURVE('',#810,#829,#472,.T.);
#1048=EDGE_CURVE('',#829,#825,#682,.T.);
#1049=EDGE_CURVE('',#830,#808,#473,.T.);
#1050=EDGE_CURVE('',#829,#830,#474,.F.);
#1051=EDGE_CURVE('',#813,#831,#475,.T.);
#1052=EDGE_CURVE('',#832,#831,#476,.F.);
#1053=EDGE_CURVE('',#809,#832,#477,.T.);
#1054=EDGE_CURVE('',#832,#830,#683,.T.);
#1055=EDGE_CURVE('',#831,#826,#478,.T.);
#1056=EDGE_CURVE('',#748,#833,#479,.T.);
#1057=EDGE_CURVE('',#833,#834,#684,.T.);
#1058=EDGE_CURVE('',#834,#814,#480,.T.);
#1059=EDGE_CURVE('',#833,#835,#481,.F.);
#1060=EDGE_CURVE('',#828,#835,#685,.T.);
#1061=EDGE_CURVE('',#827,#836,#482,.T.);
#1062=EDGE_CURVE('',#836,#834,#483,.F.);
#1063=EDGE_CURVE('',#835,#747,#484,.T.);
#1064=EDGE_CURVE('',#836,#815,#485,.T.);
#1065=EDGE_CURVE('',#816,#821,#486,.T.);
#1066=EDGE_CURVE('',#812,#819,#487,.T.);
#1067=ORIENTED_EDGE('',*,*,#837,.F.);
#1068=ORIENTED_EDGE('',*,*,#838,.F.);
#1069=ORIENTED_EDGE('',*,*,#839,.F.);
#1070=ORIENTED_EDGE('',*,*,#840,.T.);
#1071=ORIENTED_EDGE('',*,*,#841,.F.);
#1072=ORIENTED_EDGE('',*,*,#842,.F.);
#1073=ORIENTED_EDGE('',*,*,#843,.F.);
#1074=ORIENTED_EDGE('',*,*,#840,.F.);
#1075=ORIENTED_EDGE('',*,*,#844,.F.);
#1076=ORIENTED_EDGE('',*,*,#845,.F.);
#1077=ORIENTED_EDGE('',*,*,#846,.F.);
#1078=ORIENTED_EDGE('',*,*,#838,.T.);
#1079=ORIENTED_EDGE('',*,*,#847,.F.);
#1080=ORIENTED_EDGE('',*,*,#848,.F.);
#1081=ORIENTED_EDGE('',*,*,#849,.F.);
#1082=ORIENTED_EDGE('',*,*,#850,.F.);
#1083=ORIENTED_EDGE('',*,*,#851,.F.);
#1084=ORIENTED_EDGE('',*,*,#852,.F.);
#1085=ORIENTED_EDGE('',*,*,#853,.F.);
#1086=ORIENTED_EDGE('',*,*,#854,.T.);
#1087=ORIENTED_EDGE('',*,*,#855,.F.);
#1088=ORIENTED_EDGE('',*,*,#854,.F.);
#1089=ORIENTED_EDGE('',*,*,#856,.F.);
#1090=ORIENTED_EDGE('',*,*,#849,.T.);
#1091=ORIENTED_EDGE('',*,*,#842,.T.);
#1092=ORIENTED_EDGE('',*,*,#857,.T.);
#1093=ORIENTED_EDGE('',*,*,#858,.T.);
#1094=ORIENTED_EDGE('',*,*,#859,.T.);
#1095=ORIENTED_EDGE('',*,*,#860,.T.);
#1096=ORIENTED_EDGE('',*,*,#861,.T.);
#1097=ORIENTED_EDGE('',*,*,#862,.T.);
#1098=ORIENTED_EDGE('',*,*,#863,.T.);
#1099=ORIENTED_EDGE('',*,*,#864,.T.);
#1100=ORIENTED_EDGE('',*,*,#865,.T.);
#1101=ORIENTED_EDGE('',*,*,#852,.T.);
#1102=ORIENTED_EDGE('',*,*,#866,.F.);
#1103=ORIENTED_EDGE('',*,*,#844,.T.);
#1104=ORIENTED_EDGE('',*,*,#837,.T.);
#1105=ORIENTED_EDGE('',*,*,#843,.T.);
#1106=ORIENTED_EDGE('',*,*,#866,.T.);
#1107=ORIENTED_EDGE('',*,*,#851,.T.);
#1108=ORIENTED_EDGE('',*,*,#855,.T.);
#1109=ORIENTED_EDGE('',*,*,#848,.T.);
#1110=ORIENTED_EDGE('',*,*,#867,.T.);
#1111=ORIENTED_EDGE('',*,*,#868,.T.);
#1112=ORIENTED_EDGE('',*,*,#869,.T.);
#1113=ORIENTED_EDGE('',*,*,#870,.T.);
#1114=ORIENTED_EDGE('',*,*,#871,.T.);
#1115=ORIENTED_EDGE('',*,*,#872,.T.);
#1116=ORIENTED_EDGE('',*,*,#873,.T.);
#1117=ORIENTED_EDGE('',*,*,#874,.T.);
#1118=ORIENTED_EDGE('',*,*,#875,.T.);
#1119=ORIENTED_EDGE('',*,*,#876,.T.);
#1120=ORIENTED_EDGE('',*,*,#877,.T.);
#1121=ORIENTED_EDGE('',*,*,#878,.T.);
#1122=ORIENTED_EDGE('',*,*,#879,.T.);
#1123=ORIENTED_EDGE('',*,*,#880,.T.);
#1124=ORIENTED_EDGE('',*,*,#881,.T.);
#1125=ORIENTED_EDGE('',*,*,#882,.T.);
#1126=ORIENTED_EDGE('',*,*,#883,.T.);
#1127=ORIENTED_EDGE('',*,*,#884,.T.);
#1128=ORIENTED_EDGE('',*,*,#885,.T.);
#1129=ORIENTED_EDGE('',*,*,#886,.T.);
#1130=ORIENTED_EDGE('',*,*,#887,.T.);
#1131=ORIENTED_EDGE('',*,*,#888,.T.);
#1132=ORIENTED_EDGE('',*,*,#889,.T.);
#1133=ORIENTED_EDGE('',*,*,#890,.T.);
#1134=ORIENTED_EDGE('',*,*,#891,.T.);
#1135=ORIENTED_EDGE('',*,*,#850,.T.);
#1136=ORIENTED_EDGE('',*,*,#856,.T.);
#1137=ORIENTED_EDGE('',*,*,#853,.T.);
#1138=ORIENTED_EDGE('',*,*,#865,.F.);
#1139=ORIENTED_EDGE('',*,*,#892,.F.);
#1140=ORIENTED_EDGE('',*,*,#893,.F.);
#1141=ORIENTED_EDGE('',*,*,#894,.F.);
#1142=ORIENTED_EDGE('',*,*,#895,.F.);
#1143=ORIENTED_EDGE('',*,*,#858,.F.);
#1144=ORIENTED_EDGE('',*,*,#896,.T.);
#1145=ORIENTED_EDGE('',*,*,#897,.F.);
#1146=ORIENTED_EDGE('',*,*,#898,.F.);
#1147=ORIENTED_EDGE('',*,*,#899,.F.);
#1148=ORIENTED_EDGE('',*,*,#897,.T.);
#1149=ORIENTED_EDGE('',*,*,#900,.T.);
#1150=ORIENTED_EDGE('',*,*,#901,.F.);
#1151=ORIENTED_EDGE('',*,*,#902,.F.);
#1152=ORIENTED_EDGE('',*,*,#903,.F.);
#1153=ORIENTED_EDGE('',*,*,#901,.T.);
#1154=ORIENTED_EDGE('',*,*,#904,.T.);
#1155=ORIENTED_EDGE('',*,*,#846,.T.);
#1156=ORIENTED_EDGE('',*,*,#905,.F.);
#1157=ORIENTED_EDGE('',*,*,#904,.F.);
#1158=ORIENTED_EDGE('',*,*,#900,.F.);
#1159=ORIENTED_EDGE('',*,*,#896,.F.);
#1160=ORIENTED_EDGE('',*,*,#857,.F.);
#1161=ORIENTED_EDGE('',*,*,#841,.T.);
#1162=ORIENTED_EDGE('',*,*,#839,.T.);
#1163=ORIENTED_EDGE('',*,*,#906,.F.);
#1164=ORIENTED_EDGE('',*,*,#894,.T.);
#1165=ORIENTED_EDGE('',*,*,#907,.F.);
#1166=ORIENTED_EDGE('',*,*,#908,.F.);
#1167=ORIENTED_EDGE('',*,*,#909,.F.);
#1168=ORIENTED_EDGE('',*,*,#907,.T.);
#1169=ORIENTED_EDGE('',*,*,#893,.T.);
#1170=ORIENTED_EDGE('',*,*,#910,.F.);
#1171=ORIENTED_EDGE('',*,*,#864,.F.);
#1172=ORIENTED_EDGE('',*,*,#911,.F.);
#1173=ORIENTED_EDGE('',*,*,#910,.T.);
#1174=ORIENTED_EDGE('',*,*,#892,.T.);
#1175=ORIENTED_EDGE('',*,*,#898,.T.);
#1176=ORIENTED_EDGE('',*,*,#899,.T.);
#1177=ORIENTED_EDGE('',*,*,#903,.T.);
#1178=ORIENTED_EDGE('',*,*,#912,.F.);
#1179=ORIENTED_EDGE('',*,*,#913,.T.);
#1180=ORIENTED_EDGE('',*,*,#914,.T.);
#1181=ORIENTED_EDGE('',*,*,#915,.F.);
#1182=ORIENTED_EDGE('',*,*,#859,.F.);
#1183=ORIENTED_EDGE('',*,*,#916,.T.);
#1184=ORIENTED_EDGE('',*,*,#917,.T.);
#1185=ORIENTED_EDGE('',*,*,#918,.T.);
#1186=ORIENTED_EDGE('',*,*,#919,.T.);
#1187=ORIENTED_EDGE('',*,*,#920,.T.);
#1188=ORIENTED_EDGE('',*,*,#921,.T.);
#1189=ORIENTED_EDGE('',*,*,#922,.F.);
#1190=ORIENTED_EDGE('',*,*,#923,.F.);
#1191=ORIENTED_EDGE('',*,*,#924,.F.);
#1192=ORIENTED_EDGE('',*,*,#925,.F.);
#1193=ORIENTED_EDGE('',*,*,#926,.F.);
#1194=ORIENTED_EDGE('',*,*,#927,.F.);
#1195=ORIENTED_EDGE('',*,*,#928,.F.);
#1196=ORIENTED_EDGE('',*,*,#929,.T.);
#1197=ORIENTED_EDGE('',*,*,#927,.T.);
#1198=ORIENTED_EDGE('',*,*,#930,.F.);
#1199=ORIENTED_EDGE('',*,*,#886,.F.);
#1200=ORIENTED_EDGE('',*,*,#930,.T.);
#1201=ORIENTED_EDGE('',*,*,#926,.T.);
#1202=ORIENTED_EDGE('',*,*,#931,.F.);
#1203=ORIENTED_EDGE('',*,*,#887,.F.);
#1204=ORIENTED_EDGE('',*,*,#931,.T.);
#1205=ORIENTED_EDGE('',*,*,#925,.T.);
#1206=ORIENTED_EDGE('',*,*,#932,.F.);
#1207=ORIENTED_EDGE('',*,*,#888,.F.);
#1208=ORIENTED_EDGE('',*,*,#932,.T.);
#1209=ORIENTED_EDGE('',*,*,#924,.T.);
#1210=ORIENTED_EDGE('',*,*,#933,.F.);
#1211=ORIENTED_EDGE('',*,*,#889,.F.);
#1212=ORIENTED_EDGE('',*,*,#933,.T.);
#1213=ORIENTED_EDGE('',*,*,#923,.T.);
#1214=ORIENTED_EDGE('',*,*,#934,.T.);
#1215=ORIENTED_EDGE('',*,*,#890,.F.);
#1216=ORIENTED_EDGE('',*,*,#934,.F.);
#1217=ORIENTED_EDGE('',*,*,#922,.T.);
#1218=ORIENTED_EDGE('',*,*,#929,.F.);
#1219=ORIENTED_EDGE('',*,*,#891,.F.);
#1220=ORIENTED_EDGE('',*,*,#935,.F.);
#1221=ORIENTED_EDGE('',*,*,#936,.F.);
#1222=ORIENTED_EDGE('',*,*,#937,.F.);
#1223=ORIENTED_EDGE('',*,*,#938,.F.);
#1224=ORIENTED_EDGE('',*,*,#939,.F.);
#1225=ORIENTED_EDGE('',*,*,#940,.F.);
#1226=ORIENTED_EDGE('',*,*,#941,.F.);
#1227=ORIENTED_EDGE('',*,*,#942,.T.);
#1228=ORIENTED_EDGE('',*,*,#940,.T.);
#1229=ORIENTED_EDGE('',*,*,#943,.F.);
#1230=ORIENTED_EDGE('',*,*,#880,.F.);
#1231=ORIENTED_EDGE('',*,*,#943,.T.);
#1232=ORIENTED_EDGE('',*,*,#939,.T.);
#1233=ORIENTED_EDGE('',*,*,#944,.F.);
#1234=ORIENTED_EDGE('',*,*,#881,.F.);
#1235=ORIENTED_EDGE('',*,*,#944,.T.);
#1236=ORIENTED_EDGE('',*,*,#938,.T.);
#1237=ORIENTED_EDGE('',*,*,#945,.F.);
#1238=ORIENTED_EDGE('',*,*,#882,.F.);
#1239=ORIENTED_EDGE('',*,*,#945,.T.);
#1240=ORIENTED_EDGE('',*,*,#937,.T.);
#1241=ORIENTED_EDGE('',*,*,#946,.F.);
#1242=ORIENTED_EDGE('',*,*,#883,.F.);
#1243=ORIENTED_EDGE('',*,*,#946,.T.);
#1244=ORIENTED_EDGE('',*,*,#936,.T.);
#1245=ORIENTED_EDGE('',*,*,#947,.T.);
#1246=ORIENTED_EDGE('',*,*,#884,.F.);
#1247=ORIENTED_EDGE('',*,*,#947,.F.);
#1248=ORIENTED_EDGE('',*,*,#935,.T.);
#1249=ORIENTED_EDGE('',*,*,#942,.F.);
#1250=ORIENTED_EDGE('',*,*,#885,.F.);
#1251=ORIENTED_EDGE('',*,*,#948,.F.);
#1252=ORIENTED_EDGE('',*,*,#949,.F.);
#1253=ORIENTED_EDGE('',*,*,#950,.F.);
#1254=ORIENTED_EDGE('',*,*,#951,.F.);
#1255=ORIENTED_EDGE('',*,*,#952,.F.);
#1256=ORIENTED_EDGE('',*,*,#953,.F.);
#1257=ORIENTED_EDGE('',*,*,#954,.F.);
#1258=ORIENTED_EDGE('',*,*,#955,.T.);
#1259=ORIENTED_EDGE('',*,*,#953,.T.);
#1260=ORIENTED_EDGE('',*,*,#956,.F.);
#1261=ORIENTED_EDGE('',*,*,#874,.F.);
#1262=ORIENTED_EDGE('',*,*,#956,.T.);
#1263=ORIENTED_EDGE('',*,*,#952,.T.);
#1264=ORIENTED_EDGE('',*,*,#957,.F.);
#1265=ORIENTED_EDGE('',*,*,#875,.F.);
#1266=ORIENTED_EDGE('',*,*,#957,.T.);
#1267=ORIENTED_EDGE('',*,*,#951,.T.);
#1268=ORIENTED_EDGE('',*,*,#958,.F.);
#1269=ORIENTED_EDGE('',*,*,#876,.F.);
#1270=ORIENTED_EDGE('',*,*,#958,.T.);
#1271=ORIENTED_EDGE('',*,*,#950,.T.);
#1272=ORIENTED_EDGE('',*,*,#959,.F.);
#1273=ORIENTED_EDGE('',*,*,#877,.F.);
#1274=ORIENTED_EDGE('',*,*,#959,.T.);
#1275=ORIENTED_EDGE('',*,*,#949,.T.);
#1276=ORIENTED_EDGE('',*,*,#960,.T.);
#1277=ORIENTED_EDGE('',*,*,#878,.F.);
#1278=ORIENTED_EDGE('',*,*,#960,.F.);
#1279=ORIENTED_EDGE('',*,*,#948,.T.);
#1280=ORIENTED_EDGE('',*,*,#955,.F.);
#1281=ORIENTED_EDGE('',*,*,#879,.F.);
#1282=ORIENTED_EDGE('',*,*,#961,.F.);
#1283=ORIENTED_EDGE('',*,*,#962,.F.);
#1284=ORIENTED_EDGE('',*,*,#963,.F.);
#1285=ORIENTED_EDGE('',*,*,#964,.F.);
#1286=ORIENTED_EDGE('',*,*,#965,.F.);
#1287=ORIENTED_EDGE('',*,*,#966,.F.);
#1288=ORIENTED_EDGE('',*,*,#967,.F.);
#1289=ORIENTED_EDGE('',*,*,#968,.T.);
#1290=ORIENTED_EDGE('',*,*,#966,.T.);
#1291=ORIENTED_EDGE('',*,*,#969,.F.);
#1292=ORIENTED_EDGE('',*,*,#868,.F.);
#1293=ORIENTED_EDGE('',*,*,#969,.T.);
#1294=ORIENTED_EDGE('',*,*,#965,.T.);
#1295=ORIENTED_EDGE('',*,*,#970,.F.);
#1296=ORIENTED_EDGE('',*,*,#869,.F.);
#1297=ORIENTED_EDGE('',*,*,#970,.T.);
#1298=ORIENTED_EDGE('',*,*,#964,.T.);
#1299=ORIENTED_EDGE('',*,*,#971,.F.);
#1300=ORIENTED_EDGE('',*,*,#870,.F.);
#1301=ORIENTED_EDGE('',*,*,#971,.T.);
#1302=ORIENTED_EDGE('',*,*,#963,.T.);
#1303=ORIENTED_EDGE('',*,*,#972,.F.);
#1304=ORIENTED_EDGE('',*,*,#871,.F.);
#1305=ORIENTED_EDGE('',*,*,#972,.T.);
#1306=ORIENTED_EDGE('',*,*,#962,.T.);
#1307=ORIENTED_EDGE('',*,*,#973,.T.);
#1308=ORIENTED_EDGE('',*,*,#872,.F.);
#1309=ORIENTED_EDGE('',*,*,#973,.F.);
#1310=ORIENTED_EDGE('',*,*,#961,.T.);
#1311=ORIENTED_EDGE('',*,*,#968,.F.);
#1312=ORIENTED_EDGE('',*,*,#873,.F.);
#1313=ORIENTED_EDGE('',*,*,#974,.F.);
#1314=ORIENTED_EDGE('',*,*,#975,.T.);
#1315=ORIENTED_EDGE('',*,*,#976,.F.);
#1316=ORIENTED_EDGE('',*,*,#977,.T.);
#1317=ORIENTED_EDGE('',*,*,#974,.T.);
#1318=ORIENTED_EDGE('',*,*,#977,.F.);
#1319=ORIENTED_EDGE('',*,*,#975,.F.);
#1320=ORIENTED_EDGE('',*,*,#978,.T.);
#1321=ORIENTED_EDGE('',*,*,#928,.T.);
#1322=ORIENTED_EDGE('',*,*,#978,.F.);
#1323=ORIENTED_EDGE('',*,*,#979,.F.);
#1324=ORIENTED_EDGE('',*,*,#980,.T.);
#1325=ORIENTED_EDGE('',*,*,#981,.F.);
#1326=ORIENTED_EDGE('',*,*,#982,.T.);
#1327=ORIENTED_EDGE('',*,*,#979,.T.);
#1328=ORIENTED_EDGE('',*,*,#982,.F.);
#1329=ORIENTED_EDGE('',*,*,#980,.F.);
#1330=ORIENTED_EDGE('',*,*,#983,.T.);
#1331=ORIENTED_EDGE('',*,*,#941,.T.);
#1332=ORIENTED_EDGE('',*,*,#983,.F.);
#1333=ORIENTED_EDGE('',*,*,#984,.F.);
#1334=ORIENTED_EDGE('',*,*,#985,.T.);
#1335=ORIENTED_EDGE('',*,*,#986,.F.);
#1336=ORIENTED_EDGE('',*,*,#987,.T.);
#1337=ORIENTED_EDGE('',*,*,#984,.T.);
#1338=ORIENTED_EDGE('',*,*,#987,.F.);
#1339=ORIENTED_EDGE('',*,*,#985,.F.);
#1340=ORIENTED_EDGE('',*,*,#988,.T.);
#1341=ORIENTED_EDGE('',*,*,#967,.T.);
#1342=ORIENTED_EDGE('',*,*,#988,.F.);
#1343=ORIENTED_EDGE('',*,*,#989,.F.);
#1344=ORIENTED_EDGE('',*,*,#990,.T.);
#1345=ORIENTED_EDGE('',*,*,#991,.F.);
#1346=ORIENTED_EDGE('',*,*,#992,.T.);
#1347=ORIENTED_EDGE('',*,*,#989,.T.);
#1348=ORIENTED_EDGE('',*,*,#992,.F.);
#1349=ORIENTED_EDGE('',*,*,#990,.F.);
#1350=ORIENTED_EDGE('',*,*,#993,.T.);
#1351=ORIENTED_EDGE('',*,*,#954,.T.);
#1352=ORIENTED_EDGE('',*,*,#993,.F.);
#1353=ORIENTED_EDGE('',*,*,#919,.F.);
#1354=ORIENTED_EDGE('',*,*,#994,.T.);
#1355=ORIENTED_EDGE('',*,*,#995,.T.);
#1356=ORIENTED_EDGE('',*,*,#996,.F.);
#1357=ORIENTED_EDGE('',*,*,#920,.F.);
#1358=ORIENTED_EDGE('',*,*,#996,.T.);
#1359=ORIENTED_EDGE('',*,*,#997,.T.);
#1360=ORIENTED_EDGE('',*,*,#998,.F.);
#1361=ORIENTED_EDGE('',*,*,#921,.F.);
#1362=ORIENTED_EDGE('',*,*,#998,.T.);
#1363=ORIENTED_EDGE('',*,*,#999,.T.);
#1364=ORIENTED_EDGE('',*,*,#1000,.F.);
#1365=ORIENTED_EDGE('',*,*,#916,.F.);
#1366=ORIENTED_EDGE('',*,*,#1000,.T.);
#1367=ORIENTED_EDGE('',*,*,#1001,.T.);
#1368=ORIENTED_EDGE('',*,*,#1002,.F.);
#1369=ORIENTED_EDGE('',*,*,#918,.F.);
#1370=ORIENTED_EDGE('',*,*,#1003,.T.);
#1371=ORIENTED_EDGE('',*,*,#1004,.T.);
#1372=ORIENTED_EDGE('',*,*,#994,.F.);
#1373=ORIENTED_EDGE('',*,*,#917,.F.);
#1374=ORIENTED_EDGE('',*,*,#1002,.T.);
#1375=ORIENTED_EDGE('',*,*,#1005,.T.);
#1376=ORIENTED_EDGE('',*,*,#1003,.F.);
#1377=ORIENTED_EDGE('',*,*,#1005,.F.);
#1378=ORIENTED_EDGE('',*,*,#1001,.F.);
#1379=ORIENTED_EDGE('',*,*,#999,.F.);
#1380=ORIENTED_EDGE('',*,*,#997,.F.);
#1381=ORIENTED_EDGE('',*,*,#995,.F.);
#1382=ORIENTED_EDGE('',*,*,#1004,.F.);
#1383=ORIENTED_EDGE('',*,*,#1006,.F.);
#1384=ORIENTED_EDGE('',*,*,#1007,.F.);
#1385=ORIENTED_EDGE('',*,*,#1008,.F.);
#1386=ORIENTED_EDGE('',*,*,#1009,.T.);
#1387=ORIENTED_EDGE('',*,*,#1010,.T.);
#1388=ORIENTED_EDGE('',*,*,#1009,.F.);
#1389=ORIENTED_EDGE('',*,*,#1010,.F.);
#1390=ORIENTED_EDGE('',*,*,#1011,.F.);
#1391=ORIENTED_EDGE('',*,*,#1011,.T.);
#1392=ORIENTED_EDGE('',*,*,#1012,.T.);
#1393=ORIENTED_EDGE('',*,*,#1013,.F.);
#1394=ORIENTED_EDGE('',*,*,#1012,.F.);
#1395=ORIENTED_EDGE('',*,*,#1014,.F.);
#1396=ORIENTED_EDGE('',*,*,#1015,.T.);
#1397=ORIENTED_EDGE('',*,*,#1006,.T.);
#1398=ORIENTED_EDGE('',*,*,#1015,.F.);
#1399=ORIENTED_EDGE('',*,*,#1016,.T.);
#1400=ORIENTED_EDGE('',*,*,#862,.F.);
#1401=ORIENTED_EDGE('',*,*,#1017,.T.);
#1402=ORIENTED_EDGE('',*,*,#1018,.T.);
#1403=ORIENTED_EDGE('',*,*,#911,.T.);
#1404=ORIENTED_EDGE('',*,*,#863,.F.);
#1405=ORIENTED_EDGE('',*,*,#1016,.F.);
#1406=ORIENTED_EDGE('',*,*,#1019,.T.);
#1407=ORIENTED_EDGE('',*,*,#1020,.T.);
#1408=ORIENTED_EDGE('',*,*,#1021,.F.);
#1409=ORIENTED_EDGE('',*,*,#908,.T.);
#1410=ORIENTED_EDGE('',*,*,#909,.T.);
#1411=ORIENTED_EDGE('',*,*,#1007,.T.);
#1412=ORIENTED_EDGE('',*,*,#1008,.T.);
#1413=ORIENTED_EDGE('',*,*,#1022,.T.);
#1414=ORIENTED_EDGE('',*,*,#1023,.T.);
#1415=ORIENTED_EDGE('',*,*,#1017,.F.);
#1416=ORIENTED_EDGE('',*,*,#861,.F.);
#1417=ORIENTED_EDGE('',*,*,#1024,.T.);
#1418=ORIENTED_EDGE('',*,*,#1025,.T.);
#1419=ORIENTED_EDGE('',*,*,#1026,.T.);
#1420=ORIENTED_EDGE('',*,*,#1027,.F.);
#1421=ORIENTED_EDGE('',*,*,#1028,.T.);
#1422=ORIENTED_EDGE('',*,*,#1029,.F.);
#1423=ORIENTED_EDGE('',*,*,#1020,.F.);
#1424=ORIENTED_EDGE('',*,*,#1030,.T.);
#1425=ORIENTED_EDGE('',*,*,#915,.T.);
#1426=ORIENTED_EDGE('',*,*,#1031,.T.);
#1427=ORIENTED_EDGE('',*,*,#1024,.F.);
#1428=ORIENTED_EDGE('',*,*,#860,.F.);
#1429=ORIENTED_EDGE('',*,*,#1032,.F.);
#1430=ORIENTED_EDGE('',*,*,#1033,.T.);
#1431=ORIENTED_EDGE('',*,*,#1034,.F.);
#1432=ORIENTED_EDGE('',*,*,#1035,.T.);
#1433=ORIENTED_EDGE('',*,*,#1036,.T.);
#1434=ORIENTED_EDGE('',*,*,#1037,.F.);
#1435=ORIENTED_EDGE('',*,*,#1028,.F.);
#1436=ORIENTED_EDGE('',*,*,#1038,.T.);
#1437=ORIENTED_EDGE('',*,*,#913,.F.);
#1438=ORIENTED_EDGE('',*,*,#1039,.F.);
#1439=ORIENTED_EDGE('',*,*,#1036,.F.);
#1440=ORIENTED_EDGE('',*,*,#1040,.T.);
#1441=ORIENTED_EDGE('',*,*,#1038,.F.);
#1442=ORIENTED_EDGE('',*,*,#1041,.F.);
#1443=ORIENTED_EDGE('',*,*,#1042,.F.);
#1444=ORIENTED_EDGE('',*,*,#1043,.T.);
#1445=ORIENTED_EDGE('',*,*,#1035,.F.);
#1446=ORIENTED_EDGE('',*,*,#1044,.T.);
#1447=ORIENTED_EDGE('',*,*,#1045,.F.);
#1448=ORIENTED_EDGE('',*,*,#1046,.F.);
#1449=ORIENTED_EDGE('',*,*,#1030,.F.);
#1450=ORIENTED_EDGE('',*,*,#1047,.T.);
#1451=ORIENTED_EDGE('',*,*,#1048,.T.);
#1452=ORIENTED_EDGE('',*,*,#1041,.T.);
#1453=ORIENTED_EDGE('',*,*,#1019,.F.);
#1454=ORIENTED_EDGE('',*,*,#1049,.F.);
#1455=ORIENTED_EDGE('',*,*,#1050,.F.);
#1456=ORIENTED_EDGE('',*,*,#1047,.F.);
#1457=ORIENTED_EDGE('',*,*,#1023,.F.);
#1458=ORIENTED_EDGE('',*,*,#1051,.T.);
#1459=ORIENTED_EDGE('',*,*,#1052,.F.);
#1460=ORIENTED_EDGE('',*,*,#1053,.F.);
#1461=ORIENTED_EDGE('',*,*,#1018,.F.);
#1462=ORIENTED_EDGE('',*,*,#1053,.T.);
#1463=ORIENTED_EDGE('',*,*,#1054,.T.);
#1464=ORIENTED_EDGE('',*,*,#1049,.T.);
#1465=ORIENTED_EDGE('',*,*,#1048,.F.);
#1466=ORIENTED_EDGE('',*,*,#1050,.T.);
#1467=ORIENTED_EDGE('',*,*,#1054,.F.);
#1468=ORIENTED_EDGE('',*,*,#1052,.T.);
#1469=ORIENTED_EDGE('',*,*,#1055,.T.);
#1470=ORIENTED_EDGE('',*,*,#1042,.T.);
#1471=ORIENTED_EDGE('',*,*,#976,.T.);
#1472=ORIENTED_EDGE('',*,*,#986,.T.);
#1473=ORIENTED_EDGE('',*,*,#1031,.F.);
#1474=ORIENTED_EDGE('',*,*,#1056,.T.);
#1475=ORIENTED_EDGE('',*,*,#1057,.T.);
#1476=ORIENTED_EDGE('',*,*,#1058,.T.);
#1477=ORIENTED_EDGE('',*,*,#1057,.F.);
#1478=ORIENTED_EDGE('',*,*,#1059,.T.);
#1479=ORIENTED_EDGE('',*,*,#1060,.F.);
#1480=ORIENTED_EDGE('',*,*,#1045,.T.);
#1481=ORIENTED_EDGE('',*,*,#1061,.T.);
#1482=ORIENTED_EDGE('',*,*,#1062,.T.);
#1483=ORIENTED_EDGE('',*,*,#981,.T.);
#1484=ORIENTED_EDGE('',*,*,#991,.T.);
#1485=ORIENTED_EDGE('',*,*,#914,.F.);
#1486=ORIENTED_EDGE('',*,*,#1063,.F.);
#1487=ORIENTED_EDGE('',*,*,#1059,.F.);
#1488=ORIENTED_EDGE('',*,*,#1056,.F.);
#1489=ORIENTED_EDGE('',*,*,#1040,.F.);
#1490=ORIENTED_EDGE('',*,*,#1046,.T.);
#1491=ORIENTED_EDGE('',*,*,#1060,.T.);
#1492=ORIENTED_EDGE('',*,*,#1063,.T.);
#1493=ORIENTED_EDGE('',*,*,#1064,.F.);
#1494=ORIENTED_EDGE('',*,*,#1061,.F.);
#1495=ORIENTED_EDGE('',*,*,#1044,.F.);
#1496=ORIENTED_EDGE('',*,*,#1034,.T.);
#1497=ORIENTED_EDGE('',*,*,#1065,.F.);
#1498=ORIENTED_EDGE('',*,*,#1026,.F.);
#1499=ORIENTED_EDGE('',*,*,#1014,.T.);
#1500=ORIENTED_EDGE('',*,*,#1065,.T.);
#1501=ORIENTED_EDGE('',*,*,#1033,.F.);
#1502=ORIENTED_EDGE('',*,*,#1066,.F.);
#1503=ORIENTED_EDGE('',*,*,#1027,.T.);
#1504=ORIENTED_EDGE('',*,*,#1066,.T.);
#1505=ORIENTED_EDGE('',*,*,#1032,.T.);
#1506=ORIENTED_EDGE('',*,*,#1043,.F.);
#1507=ORIENTED_EDGE('',*,*,#1055,.F.);
#1508=ORIENTED_EDGE('',*,*,#1051,.F.);
#1509=ORIENTED_EDGE('',*,*,#1022,.F.);
#1510=ORIENTED_EDGE('',*,*,#1013,.T.);
#1511=ORIENTED_EDGE('',*,*,#1025,.F.);
#1512=ORIENTED_EDGE('',*,*,#1058,.F.);
#1513=ORIENTED_EDGE('',*,*,#1062,.F.);
#1514=ORIENTED_EDGE('',*,*,#1064,.T.);
#1515=ORIENTED_EDGE('',*,*,#845,.T.);
#1516=ORIENTED_EDGE('',*,*,#867,.F.);
#1517=ORIENTED_EDGE('',*,*,#847,.T.);
#1518=ORIENTED_EDGE('',*,*,#895,.T.);
#1519=ORIENTED_EDGE('',*,*,#906,.T.);
#1520=ORIENTED_EDGE('',*,*,#1021,.T.);
#1521=ORIENTED_EDGE('',*,*,#1029,.T.);
#1522=ORIENTED_EDGE('',*,*,#1037,.T.);
#1523=ORIENTED_EDGE('',*,*,#1039,.T.);
#1524=ORIENTED_EDGE('',*,*,#912,.T.);
#1525=ORIENTED_EDGE('',*,*,#902,.T.);
#1526=ORIENTED_EDGE('',*,*,#905,.T.);
#1527=CYLINDRICAL_SURFACE('',#1653,3.1);
#1528=CYLINDRICAL_SURFACE('',#1660,3.1);
#1529=CYLINDRICAL_SURFACE('',#1663,31.5);
#1530=CYLINDRICAL_SURFACE('',#1678,5.3);
#1531=CYLINDRICAL_SURFACE('',#1684,5.3);
#1532=CYLINDRICAL_SURFACE('',#1724,2.8);
#1533=CYLINDRICAL_SURFACE('',#1726,1.5);
#1534=CYLINDRICAL_SURFACE('',#1730,2.8);
#1535=CYLINDRICAL_SURFACE('',#1732,1.5);
#1536=CYLINDRICAL_SURFACE('',#1736,2.8);
#1537=CYLINDRICAL_SURFACE('',#1738,1.5);
#1538=CYLINDRICAL_SURFACE('',#1742,2.8);
#1539=CYLINDRICAL_SURFACE('',#1744,1.5);
#1540=CYLINDRICAL_SURFACE('',#1753,2.8);
#1541=CYLINDRICAL_SURFACE('',#1757,1.6);
#1542=CYLINDRICAL_SURFACE('',#1759,1.6);
#1543=CYLINDRICAL_SURFACE('',#1773,3.);
#1544=CYLINDRICAL_SURFACE('',#1777,3.);
#1545=CYLINDRICAL_SURFACE('',#1780,3.);
#1546=CYLINDRICAL_SURFACE('',#1785,3.);
#1547=CYLINDRICAL_SURFACE('',#1790,31.5);
#1548=ADVANCED_FACE('',(#139),#1527,.F.);
#1549=ADVANCED_FACE('',(#140),#77,.F.);
#1550=ADVANCED_FACE('',(#141),#78,.F.);
#1551=ADVANCED_FACE('',(#142),#79,.F.);
#1552=ADVANCED_FACE('',(#143),#80,.F.);
#1553=ADVANCED_FACE('',(#144),#1528,.F.);
#1554=ADVANCED_FACE('',(#145),#1529,.T.);
#1555=ADVANCED_FACE('',(#146,#55,#56,#57,#58),#81,.T.);
#1556=ADVANCED_FACE('',(#147),#82,.T.);
#1557=ADVANCED_FACE('',(#148),#83,.F.);
#1558=ADVANCED_FACE('',(#149),#1530,.F.);
#1559=ADVANCED_FACE('',(#150),#84,.F.);
#1560=ADVANCED_FACE('',(#151),#85,.T.);
#1561=ADVANCED_FACE('',(#152),#86,.F.);
#1562=ADVANCED_FACE('',(#153),#1531,.F.);
#1563=ADVANCED_FACE('',(#154),#87,.F.);
#1564=ADVANCED_FACE('',(#155,#59),#17,.T.);
#1565=ADVANCED_FACE('',(#156,#60),#88,.F.);
#1566=ADVANCED_FACE('',(#157),#89,.F.);
#1567=ADVANCED_FACE('',(#158),#90,.F.);
#1568=ADVANCED_FACE('',(#159),#91,.F.);
#1569=ADVANCED_FACE('',(#160),#92,.F.);
#1570=ADVANCED_FACE('',(#161),#93,.F.);
#1571=ADVANCED_FACE('',(#162),#94,.F.);
#1572=ADVANCED_FACE('',(#163,#61),#95,.F.);
#1573=ADVANCED_FACE('',(#164),#96,.F.);
#1574=ADVANCED_FACE('',(#165),#97,.F.);
#1575=ADVANCED_FACE('',(#166),#98,.F.);
#1576=ADVANCED_FACE('',(#167),#99,.F.);
#1577=ADVANCED_FACE('',(#168),#100,.F.);
#1578=ADVANCED_FACE('',(#169),#101,.F.);
#1579=ADVANCED_FACE('',(#170,#62),#102,.F.);
#1580=ADVANCED_FACE('',(#171),#103,.F.);
#1581=ADVANCED_FACE('',(#172),#104,.F.);
#1582=ADVANCED_FACE('',(#173),#105,.F.);
#1583=ADVANCED_FACE('',(#174),#106,.F.);
#1584=ADVANCED_FACE('',(#175),#107,.F.);
#1585=ADVANCED_FACE('',(#176),#108,.F.);
#1586=ADVANCED_FACE('',(#177,#63),#109,.F.);
#1587=ADVANCED_FACE('',(#178),#110,.F.);
#1588=ADVANCED_FACE('',(#179),#111,.F.);
#1589=ADVANCED_FACE('',(#180),#112,.F.);
#1590=ADVANCED_FACE('',(#181),#113,.F.);
#1591=ADVANCED_FACE('',(#182),#114,.F.);
#1592=ADVANCED_FACE('',(#183),#115,.F.);
#1593=ADVANCED_FACE('',(#184,#64),#116,.F.);
#1594=ADVANCED_FACE('',(#185),#1532,.F.);
#1595=ADVANCED_FACE('',(#186),#1533,.F.);
#1596=ADVANCED_FACE('',(#187,#65),#117,.F.);
#1597=ADVANCED_FACE('',(#188),#1534,.F.);
#1598=ADVANCED_FACE('',(#189),#1535,.F.);
#1599=ADVANCED_FACE('',(#190,#66),#118,.F.);
#1600=ADVANCED_FACE('',(#191),#1536,.F.);
#1601=ADVANCED_FACE('',(#192),#1537,.F.);
#1602=ADVANCED_FACE('',(#193,#67),#119,.F.);
#1603=ADVANCED_FACE('',(#194),#1538,.F.);
#1604=ADVANCED_FACE('',(#195),#1539,.F.);
#1605=ADVANCED_FACE('',(#196),#120,.F.);
#1606=ADVANCED_FACE('',(#197),#121,.F.);
#1607=ADVANCED_FACE('',(#198),#122,.F.);
#1608=ADVANCED_FACE('',(#199),#123,.F.);
#1609=ADVANCED_FACE('',(#200),#124,.F.);
#1610=ADVANCED_FACE('',(#201),#125,.F.);
#1611=ADVANCED_FACE('',(#202,#68),#126,.F.);
#1612=ADVANCED_FACE('',(#203),#1540,.F.);
#1613=ADVANCED_FACE('',(#204,#69),#127,.F.);
#1614=ADVANCED_FACE('',(#205),#1541,.F.);
#1615=ADVANCED_FACE('',(#206),#1542,.F.);
#1616=ADVANCED_FACE('',(#207),#18,.T.);
#1617=ADVANCED_FACE('',(#208,#70),#19,.T.);
#1618=ADVANCED_FACE('',(#209),#20,.T.);
#1619=ADVANCED_FACE('',(#210),#21,.T.);
#1620=ADVANCED_FACE('',(#211),#22,.T.);
#1621=ADVANCED_FACE('',(#212),#23,.T.);
#1622=ADVANCED_FACE('',(#213),#24,.T.);
#1623=ADVANCED_FACE('',(#214),#128,.T.);
#1624=ADVANCED_FACE('',(#215),#129,.T.);
#1625=ADVANCED_FACE('',(#216),#1543,.T.);
#1626=ADVANCED_FACE('',(#217),#130,.T.);
#1627=ADVANCED_FACE('',(#218),#131,.T.);
#1628=ADVANCED_FACE('',(#219),#1544,.T.);
#1629=ADVANCED_FACE('',(#220,#71,#72),#132,.F.);
#1630=ADVANCED_FACE('',(#221),#1545,.T.);
#1631=ADVANCED_FACE('',(#222,#73,#74),#133,.F.);
#1632=ADVANCED_FACE('',(#223),#134,.T.);
#1633=ADVANCED_FACE('',(#224),#1546,.T.);
#1634=ADVANCED_FACE('',(#225,#75),#135,.F.);
#1635=ADVANCED_FACE('',(#226),#136,.F.);
#1636=ADVANCED_FACE('',(#227,#76),#137,.F.);
#1637=ADVANCED_FACE('',(#228),#138,.T.);
#1638=ADVANCED_FACE('',(#229),#1547,.T.);
#1639=CLOSED_SHELL('',(#1548,#1549,#1550,#1551,#1552,#1553,#1554,#1555,
#1556,#1557,#1558,#1559,#1560,#1561,#1562,#1563,#1564,#1565,#1566,#1567,
#1568,#1569,#1570,#1571,#1572,#1573,#1574,#1575,#1576,#1577,#1578,#1579,
#1580,#1581,#1582,#1583,#1584,#1585,#1586,#1587,#1588,#1589,#1590,#1591,
#1592,#1593,#1594,#1595,#1596,#1597,#1598,#1599,#1600,#1601,#1602,#1603,
#1604,#1605,#1606,#1607,#1608,#1609,#1610,#1611,#1612,#1613,#1614,#1615,
#1616,#1617,#1618,#1619,#1620,#1621,#1622,#1623,#1624,#1625,#1626,#1627,
#1628,#1629,#1630,#1631,#1632,#1633,#1634,#1635,#1636,#1637,#1638));
#1640=DERIVED_UNIT_ELEMENT(#1642,1.);
#1641=DERIVED_UNIT_ELEMENT(#3501,-3.);
#1642=(
MASS_UNIT()
NAMED_UNIT(*)
SI_UNIT(.KILO.,.GRAM.)
);
#1643=DERIVED_UNIT((#1640,#1641));
#1644=MEASURE_REPRESENTATION_ITEM('density measure',
POSITIVE_RATIO_MEASURE(1060.),#1643);
#1645=PROPERTY_DEFINITION_REPRESENTATION(#1650,#1647);
#1646=PROPERTY_DEFINITION_REPRESENTATION(#1651,#1648);
#1647=REPRESENTATION('material name',(#1649),#3498);
#1648=REPRESENTATION('density',(#1644),#3498);
#1649=DESCRIPTIVE_REPRESENTATION_ITEM('ABS Plastic','ABS Plastic');
#1650=PROPERTY_DEFINITION('material property','material name',#3508);
#1651=PROPERTY_DEFINITION('material property','density of part',#3508);
#1652=AXIS2_PLACEMENT_3D('',#2214,#1791,#1792);
#1653=AXIS2_PLACEMENT_3D('',#2215,#1793,#1794);
#1654=AXIS2_PLACEMENT_3D('',#2218,#1795,#1796);
#1655=AXIS2_PLACEMENT_3D('',#2222,#1798,#1799);
#1656=AXIS2_PLACEMENT_3D('',#2224,#1801,#1802);
#1657=AXIS2_PLACEMENT_3D('',#2230,#1806,#1807);
#1658=AXIS2_PLACEMENT_3D('',#2236,#1811,#1812);
#1659=AXIS2_PLACEMENT_3D('',#2245,#1817,#1818);
#1660=AXIS2_PLACEMENT_3D('',#2254,#1823,#1824);
#1661=AXIS2_PLACEMENT_3D('',#2255,#1825,#1826);
#1662=AXIS2_PLACEMENT_3D('',#2256,#1827,#1828);
#1663=AXIS2_PLACEMENT_3D('',#2257,#1829,#1830);
#1664=AXIS2_PLACEMENT_3D('',#2259,#1831,#1832);
#1665=AXIS2_PLACEMENT_3D('',#2263,#1834,#1835);
#1666=AXIS2_PLACEMENT_3D('',#2265,#1836,#1837);
#1667=AXIS2_PLACEMENT_3D('',#2267,#1838,#1839);
#1668=AXIS2_PLACEMENT_3D('',#2269,#1840,#1841);
#1669=AXIS2_PLACEMENT_3D('',#2271,#1842,#1843);
#1670=AXIS2_PLACEMENT_3D('',#2274,#1845,#1846);
#1671=AXIS2_PLACEMENT_3D('',#2275,#1847,#1848);
#1672=AXIS2_PLACEMENT_3D('',#2276,#1849,#1850);
#1673=AXIS2_PLACEMENT_3D('',#2277,#1851,#1852);
#1674=AXIS2_PLACEMENT_3D('',#2326,#1877,#1878);
#1675=AXIS2_PLACEMENT_3D('',#2330,#1880,#1881);
#1676=AXIS2_PLACEMENT_3D('',#2333,#1883,#1884);
#1677=AXIS2_PLACEMENT_3D('',#2334,#1885,#1886);
#1678=AXIS2_PLACEMENT_3D('',#2370,#1889,#1890);
#1679=AXIS2_PLACEMENT_3D('',#2398,#1891,#1892);
#1680=AXIS2_PLACEMENT_3D('',#2400,#1894,#1895);
#1681=AXIS2_PLACEMENT_3D('',#2436,#1898,#1899);
#1682=AXIS2_PLACEMENT_3D('',#2437,#1900,#1901);
#1683=AXIS2_PLACEMENT_3D('',#2438,#1902,#1903);
#1684=AXIS2_PLACEMENT_3D('',#2474,#1906,#1907);
#1685=AXIS2_PLACEMENT_3D('',#2502,#1909,#1910);
#1686=AXIS2_PLACEMENT_3D('',#2598,#1911,#1912);
#1687=AXIS2_PLACEMENT_3D('',#2600,#1913,#1914);
#1688=AXIS2_PLACEMENT_3D('',#2611,#1915,#1916);
#1689=AXIS2_PLACEMENT_3D('',#2654,#1917,#1918);
#1690=AXIS2_PLACEMENT_3D('',#2668,#1925,#1926);
#1691=AXIS2_PLACEMENT_3D('',#2669,#1927,#1928);
#1692=AXIS2_PLACEMENT_3D('',#2672,#1931,#1932);
#1693=AXIS2_PLACEMENT_3D('',#2674,#1934,#1935);
#1694=AXIS2_PLACEMENT_3D('',#2676,#1937,#1938);
#1695=AXIS2_PLACEMENT_3D('',#2678,#1940,#1941);
#1696=AXIS2_PLACEMENT_3D('',#2680,#1943,#1944);
#1697=AXIS2_PLACEMENT_3D('',#2681,#1945,#1946);
#1698=AXIS2_PLACEMENT_3D('',#2695,#1953,#1954);
#1699=AXIS2_PLACEMENT_3D('',#2696,#1955,#1956);
#1700=AXIS2_PLACEMENT_3D('',#2699,#1959,#1960);
#1701=AXIS2_PLACEMENT_3D('',#2701,#1962,#1963);
#1702=AXIS2_PLACEMENT_3D('',#2703,#1965,#1966);
#1703=AXIS2_PLACEMENT_3D('',#2705,#1968,#1969);
#1704=AXIS2_PLACEMENT_3D('',#2707,#1971,#1972);
#1705=AXIS2_PLACEMENT_3D('',#2708,#1973,#1974);
#1706=AXIS2_PLACEMENT_3D('',#2722,#1981,#1982);
#1707=AXIS2_PLACEMENT_3D('',#2723,#1983,#1984);
#1708=AXIS2_PLACEMENT_3D('',#2726,#1987,#1988);
#1709=AXIS2_PLACEMENT_3D('',#2728,#1990,#1991);
#1710=AXIS2_PLACEMENT_3D('',#2730,#1993,#1994);
#1711=AXIS2_PLACEMENT_3D('',#2732,#1996,#1997);
#1712=AXIS2_PLACEMENT_3D('',#2734,#1999,#2000);
#1713=AXIS2_PLACEMENT_3D('',#2735,#2001,#2002);
#1714=AXIS2_PLACEMENT_3D('',#2749,#2009,#2010);
#1715=AXIS2_PLACEMENT_3D('',#2750,#2011,#2012);
#1716=AXIS2_PLACEMENT_3D('',#2753,#2015,#2016);
#1717=AXIS2_PLACEMENT_3D('',#2755,#2018,#2019);
#1718=AXIS2_PLACEMENT_3D('',#2757,#2021,#2022);
#1719=AXIS2_PLACEMENT_3D('',#2759,#2024,#2025);
#1720=AXIS2_PLACEMENT_3D('',#2761,#2027,#2028);
#1721=AXIS2_PLACEMENT_3D('',#2762,#2029,#2030);
#1722=AXIS2_PLACEMENT_3D('',#2764,#2031,#2032);
#1723=AXIS2_PLACEMENT_3D('',#2766,#2033,#2034);
#1724=AXIS2_PLACEMENT_3D('',#2767,#2035,#2036);
#1725=AXIS2_PLACEMENT_3D('',#2769,#2037,#2038);
#1726=AXIS2_PLACEMENT_3D('',#2771,#2040,#2041);
#1727=AXIS2_PLACEMENT_3D('',#2773,#2043,#2044);
#1728=AXIS2_PLACEMENT_3D('',#2775,#2045,#2046);
#1729=AXIS2_PLACEMENT_3D('',#2777,#2047,#2048);
#1730=AXIS2_PLACEMENT_3D('',#2778,#2049,#2050);
#1731=AXIS2_PLACEMENT_3D('',#2780,#2051,#2052);
#1732=AXIS2_PLACEMENT_3D('',#2782,#2054,#2055);
#1733=AXIS2_PLACEMENT_3D('',#2784,#2057,#2058);
#1734=AXIS2_PLACEMENT_3D('',#2786,#2059,#2060);
#1735=AXIS2_PLACEMENT_3D('',#2788,#2061,#2062);
#1736=AXIS2_PLACEMENT_3D('',#2789,#2063,#2064);
#1737=AXIS2_PLACEMENT_3D('',#2791,#2065,#2066);
#1738=AXIS2_PLACEMENT_3D('',#2793,#2068,#2069);
#1739=AXIS2_PLACEMENT_3D('',#2795,#2071,#2072);
#1740=AXIS2_PLACEMENT_3D('',#2797,#2073,#2074);
#1741=AXIS2_PLACEMENT_3D('',#2799,#2075,#2076);
#1742=AXIS2_PLACEMENT_3D('',#2800,#2077,#2078);
#1743=AXIS2_PLACEMENT_3D('',#2802,#2079,#2080);
#1744=AXIS2_PLACEMENT_3D('',#2804,#2082,#2083);
#1745=AXIS2_PLACEMENT_3D('',#2806,#2085,#2086);
#1746=AXIS2_PLACEMENT_3D('',#2812,#2090,#2091);
#1747=AXIS2_PLACEMENT_3D('',#2816,#2094,#2095);
#1748=AXIS2_PLACEMENT_3D('',#2820,#2098,#2099);
#1749=AXIS2_PLACEMENT_3D('',#2824,#2102,#2103);
#1750=AXIS2_PLACEMENT_3D('',#2828,#2106,#2107);
#1751=AXIS2_PLACEMENT_3D('',#2830,#2109,#2110);
#1752=AXIS2_PLACEMENT_3D('',#2832,#2111,#2112);
#1753=AXIS2_PLACEMENT_3D('',#2833,#2113,#2114);
#1754=AXIS2_PLACEMENT_3D('',#3014,#2116,#2117);
#1755=AXIS2_PLACEMENT_3D('',#3015,#2118,#2119);
#1756=AXIS2_PLACEMENT_3D('',#3017,#2120,#2121);
#1757=AXIS2_PLACEMENT_3D('',#3018,#2122,#2123);
#1758=AXIS2_PLACEMENT_3D('',#3021,#2125,#2126);
#1759=AXIS2_PLACEMENT_3D('',#3022,#2127,#2128);
#1760=AXIS2_PLACEMENT_3D('',#3024,#2129,#2130);
#1761=AXIS2_PLACEMENT_3D('',#3069,#2132,#2133);
#1762=AXIS2_PLACEMENT_3D('',#3071,#2134,#2135);
#1763=AXIS2_PLACEMENT_3D('',#3153,#2136,#2137);
#1764=AXIS2_PLACEMENT_3D('',#3154,#2138,#2139);
#1765=AXIS2_PLACEMENT_3D('',#3193,#2140,#2141);
#1766=AXIS2_PLACEMENT_3D('',#3275,#2142,#2143);
#1767=AXIS2_PLACEMENT_3D('',#3276,#2144,#2145);
#1768=AXIS2_PLACEMENT_3D('',#3386,#2146,#2147);
#1769=AXIS2_PLACEMENT_3D('',#3387,#2148,#2149);
#1770=AXIS2_PLACEMENT_3D('',#3434,#2150,#2151);
#1771=AXIS2_PLACEMENT_3D('',#3442,#2152,#2153);
#1772=AXIS2_PLACEMENT_3D('',#3448,#2157,#2158);
#1773=AXIS2_PLACEMENT_3D('',#3454,#2162,#2163);
#1774=AXIS2_PLACEMENT_3D('',#3457,#2165,#2166);
#1775=AXIS2_PLACEMENT_3D('',#3458,#2167,#2168);
#1776=AXIS2_PLACEMENT_3D('',#3462,#2171,#2172);
#1777=AXIS2_PLACEMENT_3D('',#3468,#2176,#2177);
#1778=AXIS2_PLACEMENT_3D('',#3469,#2178,#2179);
#1779=AXIS2_PLACEMENT_3D('',#3470,#2180,#2181);
#1780=AXIS2_PLACEMENT_3D('',#3472,#2183,#2184);
#1781=AXIS2_PLACEMENT_3D('',#3476,#2186,#2187);
#1782=AXIS2_PLACEMENT_3D('',#3478,#2189,#2190);
#1783=AXIS2_PLACEMENT_3D('',#3481,#2192,#2193);
#1784=AXIS2_PLACEMENT_3D('',#3485,#2196,#2197);
#1785=AXIS2_PLACEMENT_3D('',#3487,#2199,#2200);
#1786=AXIS2_PLACEMENT_3D('',#3488,#2201,#2202);
#1787=AXIS2_PLACEMENT_3D('',#3491,#2205,#2206);
#1788=AXIS2_PLACEMENT_3D('',#3493,#2208,#2209);
#1789=AXIS2_PLACEMENT_3D('',#3494,#2210,#2211);
#1790=AXIS2_PLACEMENT_3D('',#3495,#2212,#2213);
#1791=DIRECTION('axis',(0.,0.,1.));
#1792=DIRECTION('refdir',(1.,0.,0.));
#1793=DIRECTION('center_axis',(0.,-1.,0.));
#1794=DIRECTION('ref_axis',(-1.,0.,0.));
#1795=DIRECTION('center_axis',(0.,1.,0.));
#1796=DIRECTION('ref_axis',(-1.,0.,0.));
#1797=DIRECTION('',(0.,-1.,0.));
#1798=DIRECTION('center_axis',(0.,-1.,0.));
#1799=DIRECTION('ref_axis',(-1.,0.,0.));
#1800=DIRECTION('',(0.,-1.,0.));
#1801=DIRECTION('center_axis',(-1.,0.,1.15849359091321E-15));
#1802=DIRECTION('ref_axis',(-1.15849359091321E-15,0.,-1.));
#1803=DIRECTION('',(-1.15849359091321E-15,0.,-1.));
#1804=DIRECTION('',(0.,1.,0.));
#1805=DIRECTION('',(1.15849359091321E-15,0.,1.));
#1806=DIRECTION('center_axis',(1.,0.,-4.82705662880503E-16));
#1807=DIRECTION('ref_axis',(4.82705662880503E-16,0.,1.));
#1808=DIRECTION('',(-4.82705662880503E-16,0.,-1.));
#1809=DIRECTION('',(0.,-1.,0.));
#1810=DIRECTION('',(4.82705662880503E-16,0.,1.));
#1811=DIRECTION('center_axis',(1.,0.,-5.79246795456603E-16));
#1812=DIRECTION('ref_axis',(5.79246795456603E-16,0.,1.));
#1813=DIRECTION('',(0.,1.,0.));
#1814=DIRECTION('',(-5.79246795456603E-16,0.,-1.));
#1815=DIRECTION('',(0.,-1.,0.));
#1816=DIRECTION('',(5.79246795456603E-16,0.,1.));
#1817=DIRECTION('center_axis',(-1.,0.,0.));
#1818=DIRECTION('ref_axis',(0.,0.,-1.));
#1819=DIRECTION('',(0.,0.,1.));
#1820=DIRECTION('',(0.,-1.,0.));
#1821=DIRECTION('',(0.,0.,-1.));
#1822=DIRECTION('',(0.,-1.,0.));
#1823=DIRECTION('center_axis',(0.,-1.,0.));
#1824=DIRECTION('ref_axis',(-1.,0.,0.));
#1825=DIRECTION('center_axis',(0.,1.,0.));
#1826=DIRECTION('ref_axis',(-1.,0.,0.));
#1827=DIRECTION('center_axis',(0.,-1.,0.));
#1828=DIRECTION('ref_axis',(-1.,0.,0.));
#1829=DIRECTION('center_axis',(0.,-1.,0.));
#1830=DIRECTION('ref_axis',(-1.,0.,1.22464679914735E-16));
#1831=DIRECTION('center_axis',(0.,-1.,0.));
#1832=DIRECTION('ref_axis',(1.,0.,0.));
#1833=DIRECTION('',(0.,1.,0.));
#1834=DIRECTION('center_axis',(0.,-1.,0.));
#1835=DIRECTION('ref_axis',(1.,0.,0.));
#1836=DIRECTION('center_axis',(0.,-1.,0.));
#1837=DIRECTION('ref_axis',(1.,0.,0.));
#1838=DIRECTION('center_axis',(0.,-1.,0.));
#1839=DIRECTION('ref_axis',(1.,0.,0.));
#1840=DIRECTION('center_axis',(0.,-1.,0.));
#1841=DIRECTION('ref_axis',(1.,0.,0.));
#1842=DIRECTION('center_axis',(0.,-1.,0.));
#1843=DIRECTION('ref_axis',(1.,0.,0.));
#1844=DIRECTION('',(0.,-1.,0.));
#1845=DIRECTION('center_axis',(0.,-1.,0.));
#1846=DIRECTION('ref_axis',(1.,0.,0.));
#1847=DIRECTION('center_axis',(0.,-1.,0.));
#1848=DIRECTION('ref_axis',(1.,0.,0.));
#1849=DIRECTION('center_axis',(0.,-1.,0.));
#1850=DIRECTION('ref_axis',(1.,0.,0.));
#1851=DIRECTION('center_axis',(0.,-1.,0.));
#1852=DIRECTION('ref_axis',(1.,0.,0.));
#1853=DIRECTION('',(0.5,0.,-0.866025403784439));
#1854=DIRECTION('',(-0.5,0.,-0.866025403784439));
#1855=DIRECTION('',(-1.,0.,-3.43386193997065E-16));
#1856=DIRECTION('',(-0.500000000000001,0.,0.866025403784438));
#1857=DIRECTION('',(0.5,0.,0.866025403784439));
#1858=DIRECTION('',(1.,0.,1.71693096998532E-16));
#1859=DIRECTION('',(-0.499999999999999,0.,0.866025403784439));
#1860=DIRECTION('',(0.5,0.,0.866025403784438));
#1861=DIRECTION('',(1.,0.,-6.8677238799413E-16));
#1862=DIRECTION('',(0.499999999999999,0.,-0.866025403784439));
#1863=DIRECTION('',(-0.499999999999999,0.,-0.866025403784439));
#1864=DIRECTION('',(-1.,0.,0.));
#1865=DIRECTION('',(0.5,0.,-0.866025403784439));
#1866=DIRECTION('',(-0.5,0.,-0.866025403784439));
#1867=DIRECTION('',(-1.,0.,-6.8677238799413E-16));
#1868=DIRECTION('',(-0.5,0.,0.866025403784439));
#1869=DIRECTION('',(0.5,0.,0.866025403784439));
#1870=DIRECTION('',(1.,0.,6.8677238799413E-16));
#1871=DIRECTION('',(0.499999999999999,0.,-0.866025403784439));
#1872=DIRECTION('',(-0.5,0.,-0.866025403784438));
#1873=DIRECTION('',(-1.,0.,3.43386193997065E-16));
#1874=DIRECTION('',(-0.5,0.,0.866025403784439));
#1875=DIRECTION('',(0.499999999999999,0.,0.866025403784439));
#1876=DIRECTION('',(1.,0.,3.43386193997065E-16));
#1877=DIRECTION('center_axis',(0.,1.,0.));
#1878=DIRECTION('ref_axis',(-1.,0.,0.));
#1879=DIRECTION('',(0.,0.,-1.));
#1880=DIRECTION('center_axis',(0.,-1.,0.));
#1881=DIRECTION('ref_axis',(-1.,0.,0.));
#1882=DIRECTION('',(3.70074341541719E-16,0.,1.));
#1883=DIRECTION('center_axis',(0.,-1.,0.));
#1884=DIRECTION('ref_axis',(1.,0.,0.));
#1885=DIRECTION('center_axis',(-1.,0.,4.93432455388958E-16));
#1886=DIRECTION('ref_axis',(-4.93432455388958E-16,0.,-1.));
#1887=DIRECTION('',(-4.93432455388958E-16,0.,-1.));
#1888=DIRECTION('',(0.,-1.,0.));
#1889=DIRECTION('center_axis',(0.,-1.,0.));
#1890=DIRECTION('ref_axis',(-1.,0.,0.));
#1891=DIRECTION('center_axis',(0.,-1.,0.));
#1892=DIRECTION('ref_axis',(-1.,0.,0.));
#1893=DIRECTION('',(0.,-1.,0.));
#1894=DIRECTION('center_axis',(1.,0.,0.));
#1895=DIRECTION('ref_axis',(0.,0.,1.));
#1896=DIRECTION('',(0.,-1.,0.));
#1897=DIRECTION('',(0.,0.,1.));
#1898=DIRECTION('center_axis',(0.,1.,0.));
#1899=DIRECTION('ref_axis',(-1.,0.,0.));
#1900=DIRECTION('center_axis',(0.,-1.,0.));
#1901=DIRECTION('ref_axis',(1.,0.,0.));
#1902=DIRECTION('center_axis',(1.,0.,-3.70074341541719E-16));
#1903=DIRECTION('ref_axis',(3.70074341541719E-16,0.,1.));
#1904=DIRECTION('',(0.,1.,0.));
#1905=DIRECTION('',(0.,-1.,0.));
#1906=DIRECTION('center_axis',(0.,-1.,0.));
#1907=DIRECTION('ref_axis',(-1.,0.,0.));
#1908=DIRECTION('',(0.,-1.,0.));
#1909=DIRECTION('center_axis',(-1.,0.,0.));
#1910=DIRECTION('ref_axis',(0.,0.,-1.));
#1911=DIRECTION('center_axis',(0.,-1.,0.));
#1912=DIRECTION('ref_axis',(1.,0.,0.));
#1913=DIRECTION('center_axis',(0.974298608387781,-0.225260342034796,3.5175406181758E-17));
#1914=DIRECTION('ref_axis',(-0.210966989487324,-0.912476836430927,-0.350540942435633));
#1915=DIRECTION('center_axis',(0.974298608387781,0.225260342034796,1.29802649747084E-15));
#1916=DIRECTION('ref_axis',(0.210966989487324,-0.912476836430927,-0.350540942435635));
#1917=DIRECTION('center_axis',(0.,1.,0.));
#1918=DIRECTION('ref_axis',(0.,0.,1.));
#1919=DIRECTION('',(1.,0.,3.43386193997065E-16));
#1920=DIRECTION('',(0.499999999999999,0.,0.866025403784439));
#1921=DIRECTION('',(-0.5,0.,0.866025403784439));
#1922=DIRECTION('',(-1.,0.,3.43386193997065E-16));
#1923=DIRECTION('',(-0.5,0.,-0.866025403784438));
#1924=DIRECTION('',(0.499999999999999,0.,-0.866025403784439));
#1925=DIRECTION('center_axis',(0.,-1.,0.));
#1926=DIRECTION('ref_axis',(0.,0.,1.));
#1927=DIRECTION('center_axis',(0.866025403784439,0.,0.499999999999999));
#1928=DIRECTION('ref_axis',(-0.499999999999999,0.,0.866025403784439));
#1929=DIRECTION('',(0.,1.,0.));
#1930=DIRECTION('',(0.,1.,0.));
#1931=DIRECTION('center_axis',(0.866025403784438,0.,-0.5));
#1932=DIRECTION('ref_axis',(0.5,0.,0.866025403784438));
#1933=DIRECTION('',(0.,1.,0.));
#1934=DIRECTION('center_axis',(-3.43386193997065E-16,0.,-1.));
#1935=DIRECTION('ref_axis',(1.,0.,-3.43386193997065E-16));
#1936=DIRECTION('',(0.,1.,0.));
#1937=DIRECTION('center_axis',(-0.866025403784439,0.,-0.5));
#1938=DIRECTION('ref_axis',(0.5,0.,-0.866025403784439));
#1939=DIRECTION('',(0.,1.,0.));
#1940=DIRECTION('center_axis',(-0.866025403784439,0.,0.499999999999999));
#1941=DIRECTION('ref_axis',(-0.499999999999999,0.,-0.866025403784439));
#1942=DIRECTION('',(0.,-1.,0.));
#1943=DIRECTION('center_axis',(-3.43386193997065E-16,0.,1.));
#1944=DIRECTION('ref_axis',(-1.,0.,-3.43386193997065E-16));
#1945=DIRECTION('center_axis',(0.,1.,0.));
#1946=DIRECTION('ref_axis',(0.,0.,1.));
#1947=DIRECTION('',(1.,0.,6.8677238799413E-16));
#1948=DIRECTION('',(0.5,0.,0.866025403784439));
#1949=DIRECTION('',(-0.5,0.,0.866025403784439));
#1950=DIRECTION('',(-1.,0.,-6.8677238799413E-16));
#1951=DIRECTION('',(-0.5,0.,-0.866025403784439));
#1952=DIRECTION('',(0.5,0.,-0.866025403784439));
#1953=DIRECTION('center_axis',(0.,-1.,0.));
#1954=DIRECTION('ref_axis',(0.,0.,1.));
#1955=DIRECTION('center_axis',(0.866025403784439,0.,0.5));
#1956=DIRECTION('ref_axis',(-0.5,0.,0.866025403784439));
#1957=DIRECTION('',(0.,1.,0.));
#1958=DIRECTION('',(0.,1.,0.));
#1959=DIRECTION('center_axis',(0.866025403784439,0.,-0.5));
#1960=DIRECTION('ref_axis',(0.5,0.,0.866025403784439));
#1961=DIRECTION('',(0.,1.,0.));
#1962=DIRECTION('center_axis',(6.8677238799413E-16,0.,-1.));
#1963=DIRECTION('ref_axis',(1.,0.,6.8677238799413E-16));
#1964=DIRECTION('',(0.,1.,0.));
#1965=DIRECTION('center_axis',(-0.866025403784439,0.,-0.5));
#1966=DIRECTION('ref_axis',(0.5,0.,-0.866025403784439));
#1967=DIRECTION('',(0.,1.,0.));
#1968=DIRECTION('center_axis',(-0.866025403784439,0.,0.5));
#1969=DIRECTION('ref_axis',(-0.5,0.,-0.866025403784439));
#1970=DIRECTION('',(0.,-1.,0.));
#1971=DIRECTION('center_axis',(-6.8677238799413E-16,0.,1.));
#1972=DIRECTION('ref_axis',(-1.,0.,-6.8677238799413E-16));
#1973=DIRECTION('center_axis',(0.,1.,0.));
#1974=DIRECTION('ref_axis',(0.,0.,1.));
#1975=DIRECTION('',(-1.,0.,0.));
#1976=DIRECTION('',(-0.499999999999999,0.,-0.866025403784439));
#1977=DIRECTION('',(0.499999999999999,0.,-0.866025403784439));
#1978=DIRECTION('',(1.,0.,-6.8677238799413E-16));
#1979=DIRECTION('',(0.5,0.,0.866025403784438));
#1980=DIRECTION('',(-0.499999999999999,0.,0.866025403784439));
#1981=DIRECTION('center_axis',(0.,-1.,0.));
#1982=DIRECTION('ref_axis',(0.,0.,1.));
#1983=DIRECTION('center_axis',(-0.866025403784439,0.,-0.499999999999999));
#1984=DIRECTION('ref_axis',(0.499999999999999,0.,-0.866025403784439));
#1985=DIRECTION('',(0.,1.,0.));
#1986=DIRECTION('',(0.,1.,0.));
#1987=DIRECTION('center_axis',(-0.866025403784438,0.,0.5));
#1988=DIRECTION('ref_axis',(-0.5,0.,-0.866025403784438));
#1989=DIRECTION('',(0.,1.,0.));
#1990=DIRECTION('center_axis',(6.8677238799413E-16,0.,1.));
#1991=DIRECTION('ref_axis',(-1.,0.,6.8677238799413E-16));
#1992=DIRECTION('',(0.,1.,0.));
#1993=DIRECTION('center_axis',(0.866025403784439,0.,0.499999999999999));
#1994=DIRECTION('ref_axis',(-0.499999999999999,0.,0.866025403784439));
#1995=DIRECTION('',(0.,1.,0.));
#1996=DIRECTION('center_axis',(0.866025403784439,0.,-0.499999999999999));
#1997=DIRECTION('ref_axis',(0.499999999999999,0.,0.866025403784439));
#1998=DIRECTION('',(0.,-1.,0.));
#1999=DIRECTION('center_axis',(0.,0.,-1.));
#2000=DIRECTION('ref_axis',(1.,0.,0.));
#2001=DIRECTION('center_axis',(0.,1.,0.));
#2002=DIRECTION('ref_axis',(0.,0.,1.));
#2003=DIRECTION('',(1.,0.,1.71693096998532E-16));
#2004=DIRECTION('',(0.5,0.,0.866025403784439));
#2005=DIRECTION('',(-0.500000000000001,0.,0.866025403784438));
#2006=DIRECTION('',(-1.,0.,-3.43386193997065E-16));
#2007=DIRECTION('',(-0.5,0.,-0.866025403784439));
#2008=DIRECTION('',(0.5,0.,-0.866025403784439));
#2009=DIRECTION('center_axis',(0.,-1.,0.));
#2010=DIRECTION('ref_axis',(0.,0.,1.));
#2011=DIRECTION('center_axis',(0.866025403784439,0.,0.5));
#2012=DIRECTION('ref_axis',(-0.5,0.,0.866025403784439));
#2013=DIRECTION('',(0.,1.,0.));
#2014=DIRECTION('',(0.,1.,0.));
#2015=DIRECTION('center_axis',(0.866025403784439,0.,-0.5));
#2016=DIRECTION('ref_axis',(0.5,0.,0.866025403784439));
#2017=DIRECTION('',(0.,1.,0.));
#2018=DIRECTION('center_axis',(3.43386193997065E-16,0.,-1.));
#2019=DIRECTION('ref_axis',(1.,0.,3.43386193997065E-16));
#2020=DIRECTION('',(0.,1.,0.));
#2021=DIRECTION('center_axis',(-0.866025403784438,0.,-0.500000000000001));
#2022=DIRECTION('ref_axis',(0.500000000000001,0.,-0.866025403784438));
#2023=DIRECTION('',(0.,1.,0.));
#2024=DIRECTION('center_axis',(-0.866025403784439,0.,0.5));
#2025=DIRECTION('ref_axis',(-0.5,0.,-0.866025403784439));
#2026=DIRECTION('',(0.,-1.,0.));
#2027=DIRECTION('center_axis',(-1.71693096998532E-16,0.,1.));
#2028=DIRECTION('ref_axis',(-1.,0.,-1.71693096998532E-16));
#2029=DIRECTION('center_axis',(0.,-1.,0.));
#2030=DIRECTION('ref_axis',(0.,0.,1.));
#2031=DIRECTION('center_axis',(0.,-1.,0.));
#2032=DIRECTION('ref_axis',(0.,0.,1.));
#2033=DIRECTION('center_axis',(0.,-1.,0.));
#2034=DIRECTION('ref_axis',(0.,0.,1.));
#2035=DIRECTION('center_axis',(0.,-1.,0.));
#2036=DIRECTION('ref_axis',(0.,0.,1.));
#2037=DIRECTION('center_axis',(3.30707435303202E-31,-1.,7.91628933034463E-31));
#2038=DIRECTION('ref_axis',(0.,0.,1.));
#2039=DIRECTION('',(0.,-1.,0.));
#2040=DIRECTION('center_axis',(0.,-1.,0.));
#2041=DIRECTION('ref_axis',(0.,0.,1.));
#2042=DIRECTION('',(0.,-1.,0.));
#2043=DIRECTION('center_axis',(0.,-1.,0.));
#2044=DIRECTION('ref_axis',(0.,0.,1.));
#2045=DIRECTION('center_axis',(0.,-1.,0.));
#2046=DIRECTION('ref_axis',(0.,0.,1.));
#2047=DIRECTION('center_axis',(0.,-1.,0.));
#2048=DIRECTION('ref_axis',(0.,0.,1.));
#2049=DIRECTION('center_axis',(0.,-1.,0.));
#2050=DIRECTION('ref_axis',(0.,0.,1.));
#2051=DIRECTION('center_axis',(3.30707435303202E-31,-1.,7.91628933034463E-31));
#2052=DIRECTION('ref_axis',(0.,0.,1.));
#2053=DIRECTION('',(0.,-1.,0.));
#2054=DIRECTION('center_axis',(0.,-1.,0.));
#2055=DIRECTION('ref_axis',(0.,0.,1.));
#2056=DIRECTION('',(0.,-1.,0.));
#2057=DIRECTION('center_axis',(0.,-1.,0.));
#2058=DIRECTION('ref_axis',(0.,0.,1.));
#2059=DIRECTION('center_axis',(0.,-1.,0.));
#2060=DIRECTION('ref_axis',(0.,0.,1.));
#2061=DIRECTION('center_axis',(0.,-1.,0.));
#2062=DIRECTION('ref_axis',(0.,0.,1.));
#2063=DIRECTION('center_axis',(0.,-1.,0.));
#2064=DIRECTION('ref_axis',(0.,0.,1.));
#2065=DIRECTION('center_axis',(3.30707435303202E-31,-1.,7.91628933034463E-31));
#2066=DIRECTION('ref_axis',(0.,0.,1.));
#2067=DIRECTION('',(0.,-1.,0.));
#2068=DIRECTION('center_axis',(0.,-1.,0.));
#2069=DIRECTION('ref_axis',(0.,0.,1.));
#2070=DIRECTION('',(0.,-1.,0.));
#2071=DIRECTION('center_axis',(0.,-1.,0.));
#2072=DIRECTION('ref_axis',(0.,0.,1.));
#2073=DIRECTION('center_axis',(0.,-1.,0.));
#2074=DIRECTION('ref_axis',(0.,0.,1.));
#2075=DIRECTION('center_axis',(0.,-1.,0.));
#2076=DIRECTION('ref_axis',(0.,0.,1.));
#2077=DIRECTION('center_axis',(0.,-1.,0.));
#2078=DIRECTION('ref_axis',(0.,0.,1.));
#2079=DIRECTION('center_axis',(3.30707435303202E-31,-1.,7.91628933034463E-31));
#2080=DIRECTION('ref_axis',(0.,0.,1.));
#2081=DIRECTION('',(0.,-1.,0.));
#2082=DIRECTION('center_axis',(0.,-1.,0.));
#2083=DIRECTION('ref_axis',(0.,0.,1.));
#2084=DIRECTION('',(0.,-1.,0.));
#2085=DIRECTION('center_axis',(-0.5,-0.866025403784439,0.));
#2086=DIRECTION('ref_axis',(-0.866025403784439,0.5,0.));
#2087=DIRECTION('',(0.,0.,-1.));
#2088=DIRECTION('',(-0.866025403784439,0.5,0.));
#2089=DIRECTION('',(0.,0.,-1.));
#2090=DIRECTION('center_axis',(-1.,0.,0.));
#2091=DIRECTION('ref_axis',(0.,1.,0.));
#2092=DIRECTION('',(0.,1.,0.));
#2093=DIRECTION('',(0.,0.,-1.));
#2094=DIRECTION('center_axis',(-0.5,0.866025403784439,0.));
#2095=DIRECTION('ref_axis',(0.866025403784439,0.5,0.));
#2096=DIRECTION('',(0.866025403784439,0.5,0.));
#2097=DIRECTION('',(0.,0.,-1.));
#2098=DIRECTION('center_axis',(0.500000000000001,0.866025403784438,0.));
#2099=DIRECTION('ref_axis',(0.866025403784438,-0.500000000000001,0.));
#2100=DIRECTION('',(0.866025403784438,-0.500000000000001,0.));
#2101=DIRECTION('',(0.,0.,-1.));
#2102=DIRECTION('center_axis',(0.5,-0.866025403784439,0.));
#2103=DIRECTION('ref_axis',(-0.866025403784439,-0.5,0.));
#2104=DIRECTION('',(0.,0.,-1.));
#2105=DIRECTION('',(-0.866025403784439,-0.5,0.));
#2106=DIRECTION('center_axis',(1.,1.37354477598826E-15,0.));
#2107=DIRECTION('ref_axis',(1.37354477598826E-15,-1.,0.));
#2108=DIRECTION('',(1.37354477598826E-15,-1.,0.));
#2109=DIRECTION('center_axis',(0.,0.,-1.));
#2110=DIRECTION('ref_axis',(-1.,0.,0.));
#2111=DIRECTION('center_axis',(0.,0.,1.));
#2112=DIRECTION('ref_axis',(1.,0.,0.));
#2113=DIRECTION('center_axis',(0.,0.,1.));
#2114=DIRECTION('ref_axis',(1.,0.,0.));
#2115=DIRECTION('',(0.,0.,1.));
#2116=DIRECTION('center_axis',(0.,0.,1.));
#2117=DIRECTION('ref_axis',(1.,0.,0.));
#2118=DIRECTION('center_axis',(0.,0.,1.));
#2119=DIRECTION('ref_axis',(1.,0.,0.));
#2120=DIRECTION('center_axis',(0.,0.,-1.));
#2121=DIRECTION('ref_axis',(1.,0.,0.));
#2122=DIRECTION('center_axis',(0.,0.,1.));
#2123=DIRECTION('ref_axis',(1.,0.,0.));
#2124=DIRECTION('',(0.,0.,1.));
#2125=DIRECTION('center_axis',(0.,0.164398987305357,-0.986393923832144));
#2126=DIRECTION('ref_axis',(0.,0.986393923832144,0.164398987305357));
#2127=DIRECTION('center_axis',(0.,0.,1.));
#2128=DIRECTION('ref_axis',(1.,0.,0.));
#2129=DIRECTION('center_axis',(0.,0.164398987305357,0.986393923832144));
#2130=DIRECTION('ref_axis',(0.,0.986393923832144,-0.164398987305357));
#2131=DIRECTION('',(0.,0.,1.));
#2132=DIRECTION('center_axis',(0.974298608387783,0.225260342034789,3.94060031732199E-14));
#2133=DIRECTION('ref_axis',(-4.08562073062058E-14,1.77635683940025E-15,
1.));
#2134=DIRECTION('center_axis',(-2.23113783611335E-14,0.214335616847254,
0.97676007460927));
#2135=DIRECTION('ref_axis',(0.646258694625894,-0.745383589928756,0.163563454002892));
#2136=DIRECTION('center_axis',(0.974298608387781,-0.225260342034795,-9.19435435708509E-16));
#2137=DIRECTION('ref_axis',(9.43689570931383E-16,0.,1.));
#2138=DIRECTION('center_axis',(0.,-1.,0.));
#2139=DIRECTION('ref_axis',(1.,0.,0.));
#2140=DIRECTION('center_axis',(8.27763166368171E-16,-0.214335616847257,
0.97676007460927));
#2141=DIRECTION('ref_axis',(0.64625869462589,-0.745383589928762,-0.163563454002882));
#2142=DIRECTION('center_axis',(1.34058638436258E-14,0.214335616847257,0.97676007460927));
#2143=DIRECTION('ref_axis',(-1.,-4.44089209850063E-16,1.38222766565832E-14));
#2144=DIRECTION('center_axis',(0.,-1.,0.));
#2145=DIRECTION('ref_axis',(1.,0.,0.));
#2146=DIRECTION('center_axis',(-4.56180753601057E-16,-0.21433561684713,
0.976760074609297));
#2147=DIRECTION('ref_axis',(-1.,5.37347943918576E-14,1.13242748511766E-14));
#2148=DIRECTION('center_axis',(0.,-1.,0.));
#2149=DIRECTION('ref_axis',(1.,0.,0.));
#2150=DIRECTION('center_axis',(0.,-1.,0.));
#2151=DIRECTION('ref_axis',(1.,0.,0.));
#2152=DIRECTION('center_axis',(1.,0.,2.36658271566304E-30));
#2153=DIRECTION('ref_axis',(-2.36658271566304E-30,7.67558579441779E-31,
1.));
#2154=DIRECTION('',(0.,-1.,0.));
#2155=DIRECTION('',(-2.36658271566304E-30,7.91628933034463E-31,1.));
#2156=DIRECTION('',(3.89063801829365E-31,-0.986393923832144,-0.164398987305357));
#2157=DIRECTION('center_axis',(1.,0.,2.36658271566304E-30));
#2158=DIRECTION('ref_axis',(-2.36658271566304E-30,7.67558579441779E-31,
1.));
#2159=DIRECTION('',(3.89063801829365E-31,0.986393923832144,-0.164398987305357));
#2160=DIRECTION('',(-2.36658271566304E-30,7.91628933034463E-31,1.));
#2161=DIRECTION('',(0.,1.,0.));
#2162=DIRECTION('center_axis',(0.,-1.,0.));
#2163=DIRECTION('ref_axis',(0.707106781186548,0.,-0.707106781186547));
#2164=DIRECTION('',(0.,1.,0.));
#2165=DIRECTION('center_axis',(3.30707435303202E-31,-1.,7.91628933034463E-31));
#2166=DIRECTION('ref_axis',(0.707106781186548,0.,-0.707106781186547));
#2167=DIRECTION('center_axis',(2.36658271566304E-30,0.,-1.));
#2168=DIRECTION('ref_axis',(1.,2.89462930475912E-31,2.36658271566304E-30));
#2169=DIRECTION('',(0.,-1.,0.));
#2170=DIRECTION('',(1.,3.30707435303202E-31,2.36658271566304E-30));
#2171=DIRECTION('center_axis',(-1.,0.,-2.36658271566304E-30));
#2172=DIRECTION('ref_axis',(2.36658271566304E-30,-5.91645678915759E-31,
-1.));
#2173=DIRECTION('',(-3.89063801829365E-31,0.986393923832144,0.164398987305357));
#2174=DIRECTION('',(2.36658271566304E-30,-7.91628933034463E-31,-1.));
#2175=DIRECTION('',(0.,1.,0.));
#2176=DIRECTION('center_axis',(0.,-1.,0.));
#2177=DIRECTION('ref_axis',(-0.707106781186548,0.,-0.707106781186547));
#2178=DIRECTION('center_axis',(3.30707435303202E-31,-1.,7.91628933034463E-31));
#2179=DIRECTION('ref_axis',(-0.707106781186548,0.,-0.707106781186547));
#2180=DIRECTION('center_axis',(3.30707435303202E-31,-1.,7.91628933034463E-31));
#2181=DIRECTION('ref_axis',(-1.,-3.30707435303202E-31,-2.36658271566304E-30));
#2182=DIRECTION('',(1.,3.30707435303202E-31,5.51179058838671E-32));
#2183=DIRECTION('center_axis',(0.,-1.,0.));
#2184=DIRECTION('ref_axis',(-0.707106781186547,0.,0.707106781186548));
#2185=DIRECTION('',(0.,1.,0.));
#2186=DIRECTION('center_axis',(3.30707435303202E-31,-1.,7.91628933034463E-31));
#2187=DIRECTION('ref_axis',(-0.707106781186547,0.,0.707106781186548));
#2188=DIRECTION('',(0.,-1.,0.));
#2189=DIRECTION('center_axis',(3.30707435303202E-31,-1.,7.91628933034463E-31));
#2190=DIRECTION('ref_axis',(-1.,-3.30707435303202E-31,-2.36658271566304E-30));
#2191=DIRECTION('',(-1.,-3.30707435303202E-31,-2.36658271566304E-30));
#2192=DIRECTION('center_axis',(3.30707435303202E-31,-1.,7.91628933034463E-31));
#2193=DIRECTION('ref_axis',(0.707106781186548,0.,0.707106781186547));
#2194=DIRECTION('',(-1.,-3.30707435303202E-31,5.51179058838671E-32));
#2195=DIRECTION('',(2.36658271566304E-30,-7.91628933034463E-31,-1.));
#2196=DIRECTION('center_axis',(-2.36658271566304E-30,0.,1.));
#2197=DIRECTION('ref_axis',(-1.,-3.94430452610506E-31,-2.36658271566304E-30));
#2198=DIRECTION('',(0.,-1.,0.));
#2199=DIRECTION('center_axis',(0.,-1.,0.));
#2200=DIRECTION('ref_axis',(0.707106781186548,0.,0.707106781186547));
#2201=DIRECTION('center_axis',(0.,0.164398987305357,0.986393923832144));
#2202=DIRECTION('ref_axis',(0.,0.986393923832144,-0.164398987305357));
#2203=DIRECTION('',(-3.89063801829365E-31,-0.986393923832144,0.164398987305357));
#2204=DIRECTION('',(1.,0.,0.));
#2205=DIRECTION('center_axis',(0.,-1.,0.));
#2206=DIRECTION('ref_axis',(0.,0.,1.));
#2207=DIRECTION('',(1.,0.,0.));
#2208=DIRECTION('center_axis',(0.,0.164398987305357,-0.986393923832144));
#2209=DIRECTION('ref_axis',(0.,-0.986393923832144,-0.164398987305357));
#2210=DIRECTION('center_axis',(-1.,0.,-2.36658271566304E-30));
#2211=DIRECTION('ref_axis',(2.36658271566304E-30,-5.91645678915759E-31,
-1.));
#2212=DIRECTION('center_axis',(0.,-1.,0.));
#2213=DIRECTION('ref_axis',(1.,0.,0.));
#2214=CARTESIAN_POINT('',(0.,0.,0.));
#2215=CARTESIAN_POINT('Origin',(-21.8013113805619,-75.768657938047,27.2302489775093));
#2216=CARTESIAN_POINT('',(-18.7013113805619,-85.668657938047,27.2302489775093));
#2217=CARTESIAN_POINT('',(-24.9013113805619,-85.668657938047,27.2302489775093));
#2218=CARTESIAN_POINT('Origin',(-21.8013113805619,-85.668657938047,27.2302489775093));
#2219=CARTESIAN_POINT('',(-18.7013113805619,-75.768657938047,27.2302489775093));
#2220=CARTESIAN_POINT('',(-18.7013113805619,-75.768657938047,27.2302489775093));
#2221=CARTESIAN_POINT('',(-24.9013113805619,-75.768657938047,27.2302489775093));
#2222=CARTESIAN_POINT('Origin',(-21.8013113805619,-75.768657938047,27.2302489775093));
#2223=CARTESIAN_POINT('',(-24.9013113805619,-75.768657938047,27.2302489775093));
#2224=CARTESIAN_POINT('Origin',(-24.9013113805619,-75.768657938047,50.2302489775093));
#2225=CARTESIAN_POINT('',(-24.9013113805619,-75.768657938047,36.5773381565702));
#2226=CARTESIAN_POINT('',(-24.9013113805619,-75.768657938047,43.2302489775093));
#2227=CARTESIAN_POINT('',(-24.9013113805619,-85.668657938047,36.5773381565702));
#2228=CARTESIAN_POINT('',(-24.9013113805619,-75.668657938047,36.5773381565702));
#2229=CARTESIAN_POINT('',(-24.9013113805619,-85.668657938047,27.7302489775093));
#2230=CARTESIAN_POINT('Origin',(-18.7013113805619,-75.768657938047,27.2302489775093));
#2231=CARTESIAN_POINT('',(-18.7013113805619,-85.668657938047,36.5773381565702));
#2232=CARTESIAN_POINT('',(-18.7013113805619,-85.668657938047,16.2302489775093));
#2233=CARTESIAN_POINT('',(-18.7013113805619,-75.768657938047,36.5773381565702));
#2234=CARTESIAN_POINT('',(-18.7013113805619,-75.668657938047,36.5773381565702));
#2235=CARTESIAN_POINT('',(-18.7013113805619,-75.768657938047,31.7302489775093));
#2236=CARTESIAN_POINT('Origin',(-18.7013113805619,-75.768657938047,-39.7697510224907));
#2237=CARTESIAN_POINT('',(-18.7013113805619,-85.668657938047,-26.1168402015517));
#2238=CARTESIAN_POINT('',(-18.7013113805619,-75.768657938047,-26.1168402015517));
#2239=CARTESIAN_POINT('',(-18.7013113805619,-75.668657938047,-26.1168402015517));
#2240=CARTESIAN_POINT('',(-18.7013113805619,-85.668657938047,-16.7697510224907));
#2241=CARTESIAN_POINT('',(-18.7013113805619,-85.668657938047,-17.2697510224907));
#2242=CARTESIAN_POINT('',(-18.7013113805619,-75.768657938047,-16.7697510224907));
#2243=CARTESIAN_POINT('',(-18.7013113805619,-75.768657938047,-16.7697510224907));
#2244=CARTESIAN_POINT('',(-18.7013113805619,-75.768657938047,-32.7697510224907));
#2245=CARTESIAN_POINT('Origin',(-24.9013113805619,-75.768657938047,-16.7697510224907));
#2246=CARTESIAN_POINT('',(-24.9013113805619,-85.668657938047,-26.1168402015517));
#2247=CARTESIAN_POINT('',(-24.9013113805619,-85.668657938047,-16.7697510224907));
#2248=CARTESIAN_POINT('',(-24.9013113805619,-85.668657938047,-5.76975102249072));
#2249=CARTESIAN_POINT('',(-24.9013113805619,-75.768657938047,-26.1168402015517));
#2250=CARTESIAN_POINT('',(-24.9013113805619,-75.668657938047,-26.1168402015517));
#2251=CARTESIAN_POINT('',(-24.9013113805619,-75.768657938047,-16.7697510224907));
#2252=CARTESIAN_POINT('',(-24.9013113805619,-75.768657938047,-21.2697510224907));
#2253=CARTESIAN_POINT('',(-24.9013113805619,-75.768657938047,-16.7697510224907));
#2254=CARTESIAN_POINT('Origin',(-21.8013113805619,-75.768657938047,-16.7697510224907));
#2255=CARTESIAN_POINT('Origin',(-21.8013113805619,-85.668657938047,-16.7697510224907));
#2256=CARTESIAN_POINT('Origin',(-21.8013113805619,-75.768657938047,-16.7697510224907));
#2257=CARTESIAN_POINT('Origin',(-21.8013113805619,-75.668657938047,5.23024897750928));
#2258=CARTESIAN_POINT('',(-27.1013113805619,-75.768657938047,36.2811748896298));
#2259=CARTESIAN_POINT('Origin',(-21.8013113805619,-75.768657938047,5.23024897750928));
#2260=CARTESIAN_POINT('',(-27.1013113805619,-75.668657938047,36.2811748896298));
#2261=CARTESIAN_POINT('',(-27.1013113805619,-75.668657938047,36.2811748896298));
#2262=CARTESIAN_POINT('',(-38.0442821920545,-75.668657938047,32.2194301287966));
#2263=CARTESIAN_POINT('Origin',(-21.8013113805619,-75.668657938047,5.23024897750928));
#2264=CARTESIAN_POINT('',(-52.3384480892831,-75.668657938047,12.9589798974515));
#2265=CARTESIAN_POINT('Origin',(-21.8013113805619,-75.668657938047,5.23024897750928));
#2266=CARTESIAN_POINT('',(-52.338448089283,-75.668657938047,-2.49848194243338));
#2267=CARTESIAN_POINT('Origin',(-21.8013113805619,-75.668657938047,5.23024897750928));
#2268=CARTESIAN_POINT('',(-38.0442821920539,-75.668657938047,-21.7589321737783));
#2269=CARTESIAN_POINT('Origin',(-21.8013113805619,-75.668657938047,5.23024897750928));
#2270=CARTESIAN_POINT('',(-27.1013113805619,-75.668657938047,-25.8206769346113));
#2271=CARTESIAN_POINT('Origin',(-21.8013113805619,-75.668657938047,5.23024897750928));
#2272=CARTESIAN_POINT('',(-27.1013113805619,-75.768657938047,-25.8206769346113));
#2273=CARTESIAN_POINT('',(-27.1013113805619,-75.668657938047,-25.8206769346113));
#2274=CARTESIAN_POINT('Origin',(-21.8013113805619,-75.768657938047,5.23024897750928));
#2275=CARTESIAN_POINT('Origin',(-21.8013113805619,-85.668657938047,5.23024897750928));
#2276=CARTESIAN_POINT('Origin',(-21.8013113805619,-85.668657938047,5.23024897750928));
#2277=CARTESIAN_POINT('Origin',(-21.8013113805619,-85.668657938047,5.23024897750928));
#2278=CARTESIAN_POINT('',(-9.72242002559195,-85.668657938047,-2.08779706466236));
#2279=CARTESIAN_POINT('',(-8.10583927186099,-85.668657938047,-4.88779706466236));
#2280=CARTESIAN_POINT('',(-12.0083945127439,-85.668657938047,1.87162689189106));
#2281=CARTESIAN_POINT('',(-9.72242002559195,-85.668657938047,-7.68779706466236));
#2282=CARTESIAN_POINT('',(-8.43544243501878,-85.668657938047,-5.45868648958706));
#2283=CARTESIAN_POINT('',(-12.9555815330539,-85.668657938047,-7.68779706466236));
#2284=CARTESIAN_POINT('',(-17.3784464568079,-85.668657938047,-7.68779706466236));
#2285=CARTESIAN_POINT('',(-14.5721622867848,-85.668657938047,-4.88779706466236));
#2286=CARTESIAN_POINT('',(-17.6664271508023,-85.668657938047,0.47162689189106));
#2287=CARTESIAN_POINT('',(-12.9555815330539,-85.668657938047,-2.08779706466236));
#2288=CARTESIAN_POINT('',(-12.4768943193462,-85.668657938047,-1.25868648958705));
#2289=CARTESIAN_POINT('',(-15.7618657030769,-85.668657938047,-2.08779706466236));
#2290=CARTESIAN_POINT('',(-33.8802027355319,-85.668657938047,12.5482950196809));
#2291=CARTESIAN_POINT('',(-35.4967834892628,-85.668657938047,15.3482950196809));
#2292=CARTESIAN_POINT('',(-31.5942282483799,-85.668657938047,8.5888710631275));
#2293=CARTESIAN_POINT('',(-33.8802027355319,-85.668657938047,18.1482950196809));
#2294=CARTESIAN_POINT('',(-35.167180326105,-85.668657938047,15.9191844446056));
#2295=CARTESIAN_POINT('',(-30.64704122807,-85.668657938047,18.1482950196809));
#2296=CARTESIAN_POINT('',(-26.2241763043159,-85.668657938047,18.1482950196809));
#2297=CARTESIAN_POINT('',(-29.030460474339,-85.668657938047,15.3482950196809));
#2298=CARTESIAN_POINT('',(-25.9361956103216,-85.668657938047,9.98887106312749));
#2299=CARTESIAN_POINT('',(-30.64704122807,-85.668657938047,12.5482950196809));
#2300=CARTESIAN_POINT('',(-31.1257284417777,-85.668657938047,11.7191844446056));
#2301=CARTESIAN_POINT('',(-27.8407570580469,-85.668657938047,12.5482950196809));
#2302=CARTESIAN_POINT('',(-9.72242002559195,-85.668657938047,18.1482950196809));
#2303=CARTESIAN_POINT('',(-8.105839271861,-85.668657938047,15.3482950196809));
#2304=CARTESIAN_POINT('',(-7.6271520581533,-85.668657938047,14.5191844446056));
#2305=CARTESIAN_POINT('',(-9.72242002559195,-85.668657938047,12.5482950196809));
#2306=CARTESIAN_POINT('',(-12.8166848896094,-85.668657938047,7.18887106312749));
#2307=CARTESIAN_POINT('',(-12.9555815330539,-85.668657938047,12.5482950196809));
#2308=CARTESIAN_POINT('',(-17.3784464568079,-85.668657938047,12.5482950196809));
#2309=CARTESIAN_POINT('',(-14.5721622867848,-85.668657938047,15.3482950196809));
#2310=CARTESIAN_POINT('',(-13.2851846962116,-85.668657938047,13.1191844446056));
#2311=CARTESIAN_POINT('',(-12.9555815330539,-85.668657938047,18.1482950196809));
#2312=CARTESIAN_POINT('',(-16.8581367739368,-85.668657938047,11.3888710631275));
#2313=CARTESIAN_POINT('',(-15.7618657030769,-85.668657938047,18.1482950196809));
#2314=CARTESIAN_POINT('',(-30.64704122807,-85.668657938047,-2.08779706466236));
#2315=CARTESIAN_POINT('',(-29.030460474339,-85.668657938047,-4.88779706466236));
#2316=CARTESIAN_POINT('',(-30.3174380649122,-85.668657938047,-2.65868648958705));
#2317=CARTESIAN_POINT('',(-30.64704122807,-85.668657938047,-7.68779706466236));
#2318=CARTESIAN_POINT('',(-26.744485987187,-85.668657938047,-0.928373108108941));
#2319=CARTESIAN_POINT('',(-33.8802027355319,-85.668657938047,-7.68779706466236));
#2320=CARTESIAN_POINT('',(-27.8407570580469,-85.668657938047,-7.68779706466236));
#2321=CARTESIAN_POINT('',(-35.4967834892628,-85.668657938047,-4.88779706466236));
#2322=CARTESIAN_POINT('',(-35.9754707029705,-85.668657938047,-4.05868648958705));
#2323=CARTESIAN_POINT('',(-33.8802027355319,-85.668657938047,-2.08779706466236));
#2324=CARTESIAN_POINT('',(-30.7859378715144,-85.668657938047,3.27162689189106));
#2325=CARTESIAN_POINT('',(-26.2241763043159,-85.668657938047,-2.08779706466236));
#2326=CARTESIAN_POINT('Origin',(-21.8013113805619,-75.768657938047,-25.7697510224907));
#2327=CARTESIAN_POINT('',(-27.1013113805619,-75.768657938047,-16.7697510224907));
#2328=CARTESIAN_POINT('',(-27.1013113805619,-75.768657938047,-34.7697510224907));
#2329=CARTESIAN_POINT('',(-16.5013113805619,-75.768657938047,-16.7697510224907));
#2330=CARTESIAN_POINT('Origin',(-21.8013113805619,-75.768657938047,-16.7697510224907));
#2331=CARTESIAN_POINT('',(-16.5013113805619,-75.768657938047,-25.8206769346113));
#2332=CARTESIAN_POINT('',(-16.5013113805619,-75.768657938047,-16.7697510224907));
#2333=CARTESIAN_POINT('Origin',(-21.8013113805619,-75.768657938047,5.23024897750928));
#2334=CARTESIAN_POINT('Origin',(-27.1013113805619,-55.768657938047,45.2302489775093));
#2335=CARTESIAN_POINT('',(-27.1013113805619,-75.768657938047,27.2302489775093));
#2336=CARTESIAN_POINT('',(-27.1013113805619,-75.768657938047,27.2302489775093));
#2337=CARTESIAN_POINT('',(-27.1013113805619,-71.8860829357633,27.2302489775093));
#2338=CARTESIAN_POINT('',(-27.1013113805619,-55.768657938047,27.2302489775093));
#2339=CARTESIAN_POINT('Ctrl Pts',(-27.097763889839,-75.668657938047,36.2799749573648));
#2340=CARTESIAN_POINT('Ctrl Pts',(-27.0977507426348,-75.607433998771,35.8694166611053));
#2341=CARTESIAN_POINT('Ctrl Pts',(-27.0977452693458,-75.5333012610712,35.4612101261814));
#2342=CARTESIAN_POINT('Ctrl Pts',(-27.0977451422057,-75.4465647356506,35.0559093645317));
#2343=CARTESIAN_POINT('Ctrl Pts',(-27.0977450136703,-75.3588763413222,34.6461607282246));
#2344=CARTESIAN_POINT('Ctrl Pts',(-27.0977503482313,-75.2583059085262,34.2393814718336));
#2345=CARTESIAN_POINT('Ctrl Pts',(-27.0977591898873,-75.1451158771609,33.8361499368062));
#2346=CARTESIAN_POINT('Ctrl Pts',(-27.097768045259,-75.031750257767,33.4322928817617));
#2347=CARTESIAN_POINT('Ctrl Pts',(-27.0977804186934,-74.9057256808254,33.0319940395276));
#2348=CARTESIAN_POINT('Ctrl Pts',(-27.0977947994277,-74.7672554027753,32.6358481883683));
#2349=CARTESIAN_POINT('Ctrl Pts',(-27.0978091174282,-74.6293891807239,32.2414304645812));
#2350=CARTESIAN_POINT('Ctrl Pts',(-27.0978254261491,-74.4791853929072,31.8511290762121));
#2351=CARTESIAN_POINT('Ctrl Pts',(-27.0978426765499,-74.3168075687116,31.4655523050373));
#2352=CARTESIAN_POINT('Ctrl Pts',(-27.0978462265443,-74.2833915115526,31.3862036902334));
#2353=CARTESIAN_POINT('Ctrl Pts',(-27.0978498178911,-74.2494597265749,31.3070552514017));
#2354=CARTESIAN_POINT('Ctrl Pts',(-27.0978534437241,-74.2150134033799,31.228112432343));
#2355=CARTESIAN_POINT('Ctrl Pts',(-27.0978710939955,-74.0473313937171,30.8438249577901));
#2356=CARTESIAN_POINT('Ctrl Pts',(-27.0978902324503,-73.8678071678192,30.4652031501205));
#2357=CARTESIAN_POINT('Ctrl Pts',(-27.0979127458306,-73.6766967999942,30.0928185189004));
#2358=CARTESIAN_POINT('Ctrl Pts',(-27.0979352385512,-73.4857618058282,29.720775608834));
#2359=CARTESIAN_POINT('Ctrl Pts',(-27.0979610998915,-73.2832617170114,29.3549579283972));
#2360=CARTESIAN_POINT('Ctrl Pts',(-27.0979930135607,-73.0694037454045,28.9959546102026));
#2361=CARTESIAN_POINT('Ctrl Pts',(-27.0980016446062,-73.0115658990989,28.8988622334961));
#2362=CARTESIAN_POINT('Ctrl Pts',(-27.0980107228755,-72.9528970395338,28.8022684127986));
#2363=CARTESIAN_POINT('Ctrl Pts',(-27.0980203115472,-72.8934006897475,28.706185117828));
#2364=CARTESIAN_POINT('Ctrl Pts',(-27.0980558770817,-72.6727215853915,28.3498006412365));
#2365=CARTESIAN_POINT('Ctrl Pts',(-27.0980983943286,-72.4406614522972,28.0004373256628));
#2366=CARTESIAN_POINT('Ctrl Pts',(-27.0981443552743,-72.1976602294163,27.6585323757812));
#2367=CARTESIAN_POINT('Ctrl Pts',(-27.0981637137341,-72.095309650735,27.5145241726144));
#2368=CARTESIAN_POINT('Ctrl Pts',(-27.0981836940371,-71.9910175721061,27.3718394998904));
#2369=CARTESIAN_POINT('Ctrl Pts',(-27.0982040807698,-71.8848147634253,27.2305128200063));
#2370=CARTESIAN_POINT('Origin',(-21.8013113805619,-55.768657938047,27.2302489775093));
#2371=CARTESIAN_POINT('',(-16.5013113805619,-71.8860829357633,27.2302489775093));
#2372=CARTESIAN_POINT('Ctrl Pts',(-27.1013113805619,-71.8860829357632,27.2302489775093));
#2373=CARTESIAN_POINT('Ctrl Pts',(-27.1013113805619,-71.4142691065309,26.6013580583006));
#2374=CARTESIAN_POINT('Ctrl Pts',(-26.9899122586298,-70.9018816684208,26.0011327637317));
#2375=CARTESIAN_POINT('Ctrl Pts',(-26.4918759580908,-69.5624592441492,24.6045215607704));
#2376=CARTESIAN_POINT('Ctrl Pts',(-25.9993971297308,-68.7341903362963,23.8979226274206));
#2377=CARTESIAN_POINT('Ctrl Pts',(-25.0100816333888,-67.5152756910533,22.9758268886318));
#2378=CARTESIAN_POINT('Ctrl Pts',(-24.5548213761804,-67.0617809107408,22.6696974584837));
#2379=CARTESIAN_POINT('Ctrl Pts',(-23.6896062123928,-66.4214655685561,22.2604162857666));
#2380=CARTESIAN_POINT('Ctrl Pts',(-23.2604169810659,-66.1740534492274,22.1125674608091));
#2381=CARTESIAN_POINT('Ctrl Pts',(-22.5211444250331,-65.9343788407564,21.9722545582878));
#2382=CARTESIAN_POINT('Ctrl Pts',(-22.2433316502212,-65.8796226706906,21.9409530863055));
#2383=CARTESIAN_POINT('Ctrl Pts',(-21.6948374135282,-65.8515135187086,21.9248297082989));
#2384=CARTESIAN_POINT('Ctrl Pts',(-21.4357857835753,-65.87222395368,21.936608621655));
#2385=CARTESIAN_POINT('Ctrl Pts',(-21.1801933758166,-65.9243994893474,21.9667698596461));
#2386=CARTESIAN_POINT('Ctrl Pts',(-21.0456463089822,-65.9518653493318,21.9826471157015));
#2387=CARTESIAN_POINT('Ctrl Pts',(-20.9138303907777,-65.9876769699055,22.003429865279));
#2388=CARTESIAN_POINT('Ctrl Pts',(-20.324679206928,-66.1840868055945,22.1185527838932));
#2389=CARTESIAN_POINT('Ctrl Pts',(-19.9047642302929,-66.4274644061457,22.264235846299));
#2390=CARTESIAN_POINT('Ctrl Pts',(-18.8579508230153,-67.2024807602768,22.7596580365684));
#2391=CARTESIAN_POINT('Ctrl Pts',(-18.236026921137,-67.8878414363782,23.230174794409));
#2392=CARTESIAN_POINT('Ctrl Pts',(-17.2156152445113,-69.3812874050953,24.4537625059838));
#2393=CARTESIAN_POINT('Ctrl Pts',(-16.8144497866291,-70.1999649243533,25.2213895495836));
#2394=CARTESIAN_POINT('Ctrl Pts',(-16.5438848734476,-71.288290857658,26.4645593669816));
#2395=CARTESIAN_POINT('Ctrl Pts',(-16.5013113805619,-71.5948720734241,26.8420876826231));
#2396=CARTESIAN_POINT('Ctrl Pts',(-16.5013113805619,-71.8860829357633,27.2302489775093));
#2397=CARTESIAN_POINT('',(-16.5013113805619,-75.768657938047,27.2302489775093));
#2398=CARTESIAN_POINT('Origin',(-21.8013113805619,-75.768657938047,27.2302489775093));
#2399=CARTESIAN_POINT('',(-16.5013113805619,-55.768657938047,27.2302489775093));
#2400=CARTESIAN_POINT('Origin',(-16.5013113805619,-55.768657938047,27.2302489775093));
#2401=CARTESIAN_POINT('',(-16.5013113805619,-75.668657938047,36.2811748896298));
#2402=CARTESIAN_POINT('',(-16.5013113805619,-75.768657938047,36.2811748896298));
#2403=CARTESIAN_POINT('',(-16.5013113805619,-75.668657938047,36.2811748896298));
#2404=CARTESIAN_POINT('Ctrl Pts',(-16.4996742659572,-71.8848849144787,27.2304052628711));
#2405=CARTESIAN_POINT('Ctrl Pts',(-16.4996774466403,-72.1370542308178,27.5659767525329));
#2406=CARTESIAN_POINT('Ctrl Pts',(-16.4996810628631,-72.3784534072737,27.9092027626088));
#2407=CARTESIAN_POINT('Ctrl Pts',(-16.49968226739,-72.6086592517789,28.2596320763843));
#2408=CARTESIAN_POINT('Ctrl Pts',(-16.4996827745685,-72.705589809097,28.4071839717667));
#2409=CARTESIAN_POINT('Ctrl Pts',(-16.4996828435419,-72.8005354067361,28.5560133730721));
#2410=CARTESIAN_POINT('Ctrl Pts',(-16.4996822144062,-72.8934622827949,28.7060883157869));
#2411=CARTESIAN_POINT('Ctrl Pts',(-16.4996807253906,-73.1133982246387,29.06128021799));
#2412=CARTESIAN_POINT('Ctrl Pts',(-16.499675379821,-73.3220293147155,29.4234473984638));
#2413=CARTESIAN_POINT('Ctrl Pts',(-16.4996694492737,-73.5191611195805,29.7919947484722));
#2414=CARTESIAN_POINT('Ctrl Pts',(-16.4996635104247,-73.7165688769472,30.1610580048979));
#2415=CARTESIAN_POINT('Ctrl Pts',(-16.4996569850222,-73.9024453408939,30.5365198094087));
#2416=CARTESIAN_POINT('Ctrl Pts',(-16.4996523463786,-74.0765477515586,30.9178038631313));
#2417=CARTESIAN_POINT('Ctrl Pts',(-16.4996510932584,-74.1235811674607,31.0208069830026));
#2418=CARTESIAN_POINT('Ctrl Pts',(-16.4996499732616,-74.1697550362396,31.1242351063626));
#2419=CARTESIAN_POINT('Ctrl Pts',(-16.4996490250139,-74.2150639470472,31.2280770635196));
#2420=CARTESIAN_POINT('Ctrl Pts',(-16.4996453425444,-74.391018677579,31.6313417473048));
#2421=CARTESIAN_POINT('Ctrl Pts',(-16.4996451508389,-74.5535514019947,32.0399701816062));
#2422=CARTESIAN_POINT('Ctrl Pts',(-16.4996476715588,-74.7024817978213,32.4532503822686));
#2423=CARTESIAN_POINT('Ctrl Pts',(-16.4996500800779,-74.8447830894861,32.848134892226));
#2424=CARTESIAN_POINT('Ctrl Pts',(-16.4996549619159,-74.9746658384147,33.247267016307));
#2425=CARTESIAN_POINT('Ctrl Pts',(-16.4996611656725,-75.0919244362904,33.6500491206995));
#2426=CARTESIAN_POINT('Ctrl Pts',(-16.4996673543255,-75.2088975576704,34.0518506162005));
#2427=CARTESIAN_POINT('Ctrl Pts',(-16.4996748585256,-75.3133080884056,34.4572848645719));
#2428=CARTESIAN_POINT('Ctrl Pts',(-16.4996820709702,-75.4049023413908,34.8657734178681));
#2429=CARTESIAN_POINT('Ctrl Pts',(-16.4996892160771,-75.4956414414454,35.2704481927655));
#2430=CARTESIAN_POINT('Ctrl Pts',(-16.4996960740054,-75.5738025687597,35.6781210166952));
#2431=CARTESIAN_POINT('Ctrl Pts',(-16.499700632527,-75.639088407921,36.0882363635199));
#2432=CARTESIAN_POINT('Ctrl Pts',(-16.4997013425975,-75.6492578341732,36.1521190956411));
#2433=CARTESIAN_POINT('Ctrl Pts',(-16.4997019959973,-75.6591147570385,36.2160610969909));
#2434=CARTESIAN_POINT('Ctrl Pts',(-16.4997025841505,-75.668657938047,36.2800602708008));
#2435=CARTESIAN_POINT('',(-16.5013113805619,-75.768657938047,45.2302489775093));
#2436=CARTESIAN_POINT('Origin',(-21.8013113805619,-75.768657938047,36.2302489775093));
#2437=CARTESIAN_POINT('Origin',(-21.8013113805619,-75.768657938047,5.23024897750928));
#2438=CARTESIAN_POINT('Origin',(-16.5013113805619,-55.768657938047,-34.7697510224907));
#2439=CARTESIAN_POINT('',(-16.5013113805619,-75.668657938047,-25.8206769346113));
#2440=CARTESIAN_POINT('',(-16.5013113805619,-75.668657938047,-25.8206769346113));
#2441=CARTESIAN_POINT('',(-16.5013113805619,-71.8860829357632,-16.7697510224907));
#2442=CARTESIAN_POINT('',(-16.5013113805619,-55.768657938047,-16.7697510224907));
#2443=CARTESIAN_POINT('Ctrl Pts',(-16.5028400629445,-75.668657938047,-25.8202653425472));
#2444=CARTESIAN_POINT('Ctrl Pts',(-16.5028202386845,-75.6074404507424,-25.4096332806717));
#2445=CARTESIAN_POINT('Ctrl Pts',(-16.5027968890605,-75.5333110407008,-25.0013529318577));
#2446=CARTESIAN_POINT('Ctrl Pts',(-16.5027721298344,-75.4465743869072,-24.5959787000314));
#2447=CARTESIAN_POINT('Ctrl Pts',(-16.5027470996756,-75.3588886003119,-24.1861685813735));
#2448=CARTESIAN_POINT('Ctrl Pts',(-16.5027206299345,-75.2583180475139,-23.7793280084349));
#2449=CARTESIAN_POINT('Ctrl Pts',(-16.5026944422133,-75.1451248001335,-23.3760356759108));
#2450=CARTESIAN_POINT('Ctrl Pts',(-16.5026682143516,-75.0317580506328,-22.9721251786429));
#2451=CARTESIAN_POINT('Ctrl Pts',(-16.5026422692983,-74.9057297051909,-22.5717732835746));
#2452=CARTESIAN_POINT('Ctrl Pts',(-16.5026178671476,-74.7672526388022,-22.1755750934496));
#2453=CARTESIAN_POINT('Ctrl Pts',(-16.5025935719818,-74.6293826887289,-21.7811139301959));
#2454=CARTESIAN_POINT('Ctrl Pts',(-16.5025708053303,-74.4791727220328,-21.3907696290898));
#2455=CARTESIAN_POINT('Ctrl Pts',(-16.5025503537882,-74.3167858799314,-21.0051507536487));
#2456=CARTESIAN_POINT('Ctrl Pts',(-16.5025461539953,-74.2834391963367,-20.9259626220177));
#2457=CARTESIAN_POINT('Ctrl Pts',(-16.5025420503139,-74.2495788613496,-20.8469738480403));
#2458=CARTESIAN_POINT('Ctrl Pts',(-16.502538047215,-74.2152060536964,-20.7681898431627));
#2459=CARTESIAN_POINT('Ctrl Pts',(-16.5025185183302,-74.0475203145201,-20.3838466662398));
#2460=CARTESIAN_POINT('Ctrl Pts',(-16.5025007152205,-73.8679888045434,-20.0051701872767));
#2461=CARTESIAN_POINT('Ctrl Pts',(-16.5024824277434,-73.6768672951378,-19.6327322108055));
#2462=CARTESIAN_POINT('Ctrl Pts',(-16.5024641573018,-73.4859238218523,-19.2606411728475));
#2463=CARTESIAN_POINT('Ctrl Pts',(-16.5024454034868,-73.2834117250909,-18.8947765151423));
#2464=CARTESIAN_POINT('Ctrl Pts',(-16.5024231518217,-73.0695379005142,-18.5357276282096));
#2465=CARTESIAN_POINT('Ctrl Pts',(-16.5024171383958,-73.0117393321013,-18.4386960644079));
#2466=CARTESIAN_POINT('Ctrl Pts',(-16.502410864934,-72.9531107208795,-18.3421624087153));
#2467=CARTESIAN_POINT('Ctrl Pts',(-16.5024042617711,-72.8936555756932,-18.2461386087058));
#2468=CARTESIAN_POINT('Ctrl Pts',(-16.5023797511343,-72.6729608111469,-17.8897026792744));
#2469=CARTESIAN_POINT('Ctrl Pts',(-16.5023507680614,-72.4408807916608,-17.5402894156446));
#2470=CARTESIAN_POINT('Ctrl Pts',(-16.5023205860838,-72.1978557846142,-17.1983362226098));
#2471=CARTESIAN_POINT('Ctrl Pts',(-16.5023078776531,-72.0955276163214,-17.0543533283787));
#2472=CARTESIAN_POINT('Ctrl Pts',(-16.5022949457218,-71.9912584868593,-16.9116934283751));
#2473=CARTESIAN_POINT('Ctrl Pts',(-16.5022819878915,-71.8850791613537,-16.7703909667017));
#2474=CARTESIAN_POINT('Origin',(-21.8013113805619,-55.768657938047,-16.7697510224907));
#2475=CARTESIAN_POINT('',(-27.1013113805619,-71.8860829357632,-16.7697510224907));
#2476=CARTESIAN_POINT('Ctrl Pts',(-16.5013113805619,-71.8860829357632,-16.7697510224907));
#2477=CARTESIAN_POINT('Ctrl Pts',(-16.5013113805619,-71.4144779105424,-16.1411384226923));
#2478=CARTESIAN_POINT('Ctrl Pts',(-16.6126125276593,-70.9023338567765,-15.5411629134069));
#2479=CARTESIAN_POINT('Ctrl Pts',(-17.1103853120726,-69.5631420988639,-14.1446488116986));
#2480=CARTESIAN_POINT('Ctrl Pts',(-17.6028080098607,-68.7348187870762,-13.4379383799467));
#2481=CARTESIAN_POINT('Ctrl Pts',(-18.5920976365035,-67.5157432697152,-12.5156561498244));
#2482=CARTESIAN_POINT('Ctrl Pts',(-19.0473712737404,-67.0621648587398,-12.2094538863543));
#2483=CARTESIAN_POINT('Ctrl Pts',(-19.9126253894888,-66.421704166432,-11.8000638867112));
#2484=CARTESIAN_POINT('Ctrl Pts',(-20.34184789091,-66.1742172411525,-11.6521665684003));
#2485=CARTESIAN_POINT('Ctrl Pts',(-21.0810920730767,-65.9344768694334,-11.5118133238658));
#2486=CARTESIAN_POINT('Ctrl Pts',(-21.3588320459841,-65.8796960722152,-11.4804972643409));
#2487=CARTESIAN_POINT('Ctrl Pts',(-21.9071051679892,-65.8515028005323,-11.4643255779125));
#2488=CARTESIAN_POINT('Ctrl Pts',(-22.166020016481,-65.8721359181271,-11.4760605294598));
#2489=CARTESIAN_POINT('Ctrl Pts',(-22.4214908996539,-65.9242080552733,-11.5061612432527));
#2490=CARTESIAN_POINT('Ctrl Pts',(-22.5567327821015,-65.9517741472023,-11.5220960423414));
#2491=CARTESIAN_POINT('Ctrl Pts',(-22.6892161227255,-65.9877735740729,-11.5429873699633));
#2492=CARTESIAN_POINT('Ctrl Pts',(-23.2792986721287,-66.1846981427801,-11.6584173124331));
#2493=CARTESIAN_POINT('Ctrl Pts',(-23.6994488805959,-66.4284287547175,-11.8043251780138));
#2494=CARTESIAN_POINT('Ctrl Pts',(-24.7464082710686,-67.2041561835247,-12.3002844488097));
#2495=CARTESIAN_POINT('Ctrl Pts',(-25.3683036273606,-67.8898659106335,-12.77115134133));
#2496=CARTESIAN_POINT('Ctrl Pts',(-26.3882154353887,-69.3835412438863,-13.9952995441489));
#2497=CARTESIAN_POINT('Ctrl Pts',(-26.7889581962169,-70.2019592790387,-14.7629374305897));
#2498=CARTESIAN_POINT('Ctrl Pts',(-27.0588873652109,-71.2893703783549,-16.005389946441));
#2499=CARTESIAN_POINT('Ctrl Pts',(-27.1013113805619,-71.5953847366454,-16.3822730675674));
#2500=CARTESIAN_POINT('Ctrl Pts',(-27.1013113805619,-71.8860829357632,-16.7697510224907));
#2501=CARTESIAN_POINT('',(-27.1013113805619,-55.768657938047,-16.7697510224907));
#2502=CARTESIAN_POINT('Origin',(-27.1013113805619,-55.768657938047,-16.7697510224907));
#2503=CARTESIAN_POINT('Ctrl Pts',(-27.0998892200331,-71.8848680000736,-16.7700885260761));
#2504=CARTESIAN_POINT('Ctrl Pts',(-27.0998477989784,-72.1370134694432,-17.1056261367505));
#2505=CARTESIAN_POINT('Ctrl Pts',(-27.0998084262893,-72.3783907711872,-17.4488158714598));
#2506=CARTESIAN_POINT('Ctrl Pts',(-27.0997742380612,-72.6085768585647,-17.7992065988566));
#2507=CARTESIAN_POINT('Ctrl Pts',(-27.0997598378578,-72.7055320579868,-17.9467924205604));
#2508=CARTESIAN_POINT('Ctrl Pts',(-27.0997463680664,-72.8005013232023,-18.0956562072051));
#2509=CARTESIAN_POINT('Ctrl Pts',(-27.0997341103573,-72.893450868591,-18.24576596832));
#2510=CARTESIAN_POINT('Ctrl Pts',(-27.0997051085872,-73.1133697214923,-18.600926032155));
#2511=CARTESIAN_POINT('Ctrl Pts',(-27.0996828386247,-73.3219854051101,-18.963059311671));
#2512=CARTESIAN_POINT('Ctrl Pts',(-27.0996644011907,-73.5191036032995,-19.3315706885652));
#2513=CARTESIAN_POINT('Ctrl Pts',(-27.0996459378565,-73.7164987061247,-19.7005997371385));
#2514=CARTESIAN_POINT('Ctrl Pts',(-27.0996313177827,-73.9023642070085,-20.0760253188481));
#2515=CARTESIAN_POINT('Ctrl Pts',(-27.0996184342239,-74.0764574643135,-20.4572711250512));
#2516=CARTESIAN_POINT('Ctrl Pts',(-27.0996149514287,-74.1235198618075,-20.5603327941371));
#2517=CARTESIAN_POINT('Ctrl Pts',(-27.0996116000696,-74.1697216943552,-20.663819887463));
#2518=CARTESIAN_POINT('Ctrl Pts',(-27.0996083485918,-74.2150575425186,-20.7677212128348));
#2519=CARTESIAN_POINT('Ctrl Pts',(-27.0995957291144,-74.3910128359748,-21.1709779938792));
#2520=CARTESIAN_POINT('Ctrl Pts',(-27.0995837526324,-74.5535460759261,-21.5795971672424));
#2521=CARTESIAN_POINT('Ctrl Pts',(-27.099573544433,-74.7024769818584,-21.9928666160848));
#2522=CARTESIAN_POINT('Ctrl Pts',(-27.0995637914775,-74.8447661781949,-22.3877059368969));
#2523=CARTESIAN_POINT('Ctrl Pts',(-27.0995556554804,-74.9746390222094,-22.7867907605093));
#2524=CARTESIAN_POINT('Ctrl Pts',(-27.0995505745401,-75.0918899813867,-23.1895235014149));
#2525=CARTESIAN_POINT('Ctrl Pts',(-27.0995455059965,-75.2088548642597,-23.5912736295137));
#2526=CARTESIAN_POINT('Ctrl Pts',(-27.0995434775579,-75.3132595445303,-23.9966544192346));
#2527=CARTESIAN_POINT('Ctrl Pts',(-27.0995463660343,-75.4048504129956,-24.4050874760043));
#2528=CARTESIAN_POINT('Ctrl Pts',(-27.0995492275118,-75.4955851699656,-24.8097028570512));
#2529=CARTESIAN_POINT('Ctrl Pts',(-27.0995569152633,-75.5737446487591,-25.2173142218479));
#2530=CARTESIAN_POINT('Ctrl Pts',(-27.0995716887091,-75.6390316181138,-25.6273661088042));
#2531=CARTESIAN_POINT('Ctrl Pts',(-27.0995739944412,-75.649221133993,-25.6913640283701));
#2532=CARTESIAN_POINT('Ctrl Pts',(-27.0995764736241,-75.6590969891278,-25.7554214007596));
#2533=CARTESIAN_POINT('Ctrl Pts',(-27.0995791357912,-75.668657938047,-25.8195361170924));
#2534=CARTESIAN_POINT('Ctrl Pts',(-5.55834056906938,-75.668657938047,32.2194301287966));
#2535=CARTESIAN_POINT('Ctrl Pts',(-6.67382514875987,-75.668657938047,32.8907651858707));
#2536=CARTESIAN_POINT('Ctrl Pts',(-9.19641230068638,-75.668657938047,34.2193260672617));
#2537=CARTESIAN_POINT('Ctrl Pts',(-13.8010778072148,-75.668657938047,35.8423303626218));
#2538=CARTESIAN_POINT('Ctrl Pts',(-19.0528690120244,-75.668657938047,36.7667076398442));
#2539=CARTESIAN_POINT('Ctrl Pts',(-26.406035597486,-75.668657938047,36.775259166677));
#2540=CARTESIAN_POINT('Ctrl Pts',(-33.1851400735029,-75.668657938047,34.8875286510369));
#2541=CARTESIAN_POINT('Ctrl Pts',(-36.9332036005856,-75.668657938047,32.8881135182384));
#2542=CARTESIAN_POINT('Ctrl Pts',(-38.0442821920545,-75.668657938047,32.2194301287966));
#2543=CARTESIAN_POINT('Ctrl Pts',(-5.37595148988038,-74.8797866061748,30.0561881207709));
#2544=CARTESIAN_POINT('Ctrl Pts',(-6.54046789039395,-74.92359848404,30.6346226559104));
#2545=CARTESIAN_POINT('Ctrl Pts',(-9.13516191273858,-75.036254655812,31.7864435116523));
#2546=CARTESIAN_POINT('Ctrl Pts',(-13.7849036584635,-75.2146247247513,33.2114829734359));
#2547=CARTESIAN_POINT('Ctrl Pts',(-19.0499464739286,-75.3290398592596,34.031062134702));
#2548=CARTESIAN_POINT('Ctrl Pts',(-26.4112038705212,-75.3310028195568,34.0385149269275));
#2549=CARTESIAN_POINT('Ctrl Pts',(-33.2113540864568,-75.0941658659817,32.3656115068427));
#2550=CARTESIAN_POINT('Ctrl Pts',(-37.0667545269135,-74.9234254340299,30.632337930693));
#2551=CARTESIAN_POINT('Ctrl Pts',(-38.2266712712435,-74.8797866061748,30.0561881207709));
#2552=CARTESIAN_POINT('Ctrl Pts',(-4.84065542790393,-72.564517955031,26.0131713807353));
#2553=CARTESIAN_POINT('Ctrl Pts',(-6.12538150579108,-72.6336325145068,26.395420954795));
#2554=CARTESIAN_POINT('Ctrl Pts',(-8.91083903652435,-72.8512250088668,27.1646091288561));
#2555=CARTESIAN_POINT('Ctrl Pts',(-13.7076542035362,-73.2402713918624,28.1350440016985));
#2556=CARTESIAN_POINT('Ctrl Pts',(-19.0336833442859,-73.5014000248319,28.7020652582848));
#2557=CARTESIAN_POINT('Ctrl Pts',(-26.4381272697853,-73.5062445834363,28.7068691508112));
#2558=CARTESIAN_POINT('Ctrl Pts',(-33.3401981637941,-72.9640876766663,27.550979839636));
#2559=CARTESIAN_POINT('Ctrl Pts',(-37.4823157207899,-72.6333595228936,26.3939111292432));
#2560=CARTESIAN_POINT('Ctrl Pts',(-38.7619673332199,-72.564517955031,26.0131713807353));
#2561=CARTESIAN_POINT('Ctrl Pts',(-3.82470564873901,-68.1703203475384,22.2703021598852));
#2562=CARTESIAN_POINT('Ctrl Pts',(-5.30171817791078,-68.132827557229,22.4463090575516));
#2563=CARTESIAN_POINT('Ctrl Pts',(-8.41697371560606,-68.2028093403918,22.8026407766055));
#2564=CARTESIAN_POINT('Ctrl Pts',(-13.5145080987729,-68.5000321902076,23.2564633679221));
#2565=CARTESIAN_POINT('Ctrl Pts',(-18.9905870741571,-68.7330810786964,23.5239018051376));
#2566=CARTESIAN_POINT('Ctrl Pts',(-26.5079011772524,-68.7404132649169,23.5259991259969));
#2567=CARTESIAN_POINT('Ctrl Pts',(-33.6647905911493,-68.2451796058524,22.9814242739366));
#2568=CARTESIAN_POINT('Ctrl Pts',(-38.3067385498371,-68.1329756478397,22.4456138580552));
#2569=CARTESIAN_POINT('Ctrl Pts',(-39.7779171123848,-68.1703203475384,22.2703021598852));
#2570=CARTESIAN_POINT('Ctrl Pts',(-2.63942757239122,-63.0437420519242,19.8382566348129));
#2571=CARTESIAN_POINT('Ctrl Pts',(-4.32843364129815,-62.8281519056044,19.8746781487685));
#2572=CARTESIAN_POINT('Ctrl Pts',(-7.81692350053442,-62.6051513589211,19.948669147892));
#2573=CARTESIAN_POINT('Ctrl Pts',(-13.2727097360925,-62.618215152598,20.0441844640142));
#2574=CARTESIAN_POINT('Ctrl Pts',(-18.9359483761854,-62.7064475290434,20.1008788561856));
#2575=CARTESIAN_POINT('Ctrl Pts',(-26.5960512979492,-62.7153891753929,20.1013638120198));
#2576=CARTESIAN_POINT('Ctrl Pts',(-34.0716380429441,-62.5041732016531,19.9858409318485));
#2577=CARTESIAN_POINT('Ctrl Pts',(-39.2808604275091,-62.8290034526925,19.8745342895306));
#2578=CARTESIAN_POINT('Ctrl Pts',(-40.9631951887326,-63.0437420519242,19.8382566348129));
#2579=CARTESIAN_POINT('Ctrl Pts',(-1.85930827299748,-59.6695611334811,19.2302489775093));
#2580=CARTESIAN_POINT('Ctrl Pts',(-3.68342856655582,-59.3180288582282,19.2299116430359));
#2581=CARTESIAN_POINT('Ctrl Pts',(-7.41353512940971,-58.858737837091,19.230297208375));
#2582=CARTESIAN_POINT('Ctrl Pts',(-13.1076524314337,-58.6221862208079,19.2295463896806));
#2583=CARTESIAN_POINT('Ctrl Pts',(-18.8984005252584,-58.5747423496444,19.2295907858146));
#2584=CARTESIAN_POINT('Ctrl Pts',(-26.6564755992689,-58.5846725071847,19.2292513160031));
#2585=CARTESIAN_POINT('Ctrl Pts',(-34.3494425425979,-58.6418838624186,19.2300862861623));
#2586=CARTESIAN_POINT('Ctrl Pts',(-39.9263991821369,-59.3194173552929,19.2299129754539));
#2587=CARTESIAN_POINT('Ctrl Pts',(-41.7433144881264,-59.6695611334811,19.2302489775093));
#2588=CARTESIAN_POINT('Ctrl Pts',(-1.33900077932291,-57.4191212094285,19.2302489775093));
#2589=CARTESIAN_POINT('Ctrl Pts',(-3.25323233289348,-56.9765459550056,19.2302489775093));
#2590=CARTESIAN_POINT('Ctrl Pts',(-7.14439585249087,-56.3597062077275,19.2302489775093));
#2591=CARTESIAN_POINT('Ctrl Pts',(-12.9975430168128,-55.9555592043191,19.2302489775093));
#2592=CARTESIAN_POINT('Ctrl Pts',(-18.8733625706628,-55.8172891878733,19.2302489775093));
#2593=CARTESIAN_POINT('Ctrl Pts',(-26.6968069411497,-55.827596614848,19.2302489775093));
#2594=CARTESIAN_POINT('Ctrl Pts',(-34.5348078736349,-56.0652684610328,19.2302489775093));
#2595=CARTESIAN_POINT('Ctrl Pts',(-40.3569513410695,-56.9782940574842,19.2302489775093));
#2596=CARTESIAN_POINT('Ctrl Pts',(-42.2636219818009,-57.4191212094285,19.2302489775093));
#2597=CARTESIAN_POINT('',(-5.55834056906942,-75.668657938047,32.2194301287966));
#2598=CARTESIAN_POINT('Origin',(-21.8013113805619,-75.668657938047,5.23024897750928));
#2599=CARTESIAN_POINT('',(-1.33900077932294,-57.4191212094284,19.2302489775093));
#2600=CARTESIAN_POINT('Origin',(-1.33900077932294,-57.4191212094285,39.2302489775093));
#2601=CARTESIAN_POINT('',(-42.2636219818009,-57.4191212094285,19.2302489775093));
#2602=CARTESIAN_POINT('Ctrl Pts',(-1.33900077932291,-57.4191212094285,19.2302489775093));
#2603=CARTESIAN_POINT('Ctrl Pts',(-3.25323233289348,-56.9765459550056,19.2302489775093));
#2604=CARTESIAN_POINT('Ctrl Pts',(-7.14439585249087,-56.3597062077275,19.2302489775093));
#2605=CARTESIAN_POINT('Ctrl Pts',(-12.9975430168128,-55.9555592043191,19.2302489775093));
#2606=CARTESIAN_POINT('Ctrl Pts',(-18.8733625706628,-55.8172891878733,19.2302489775093));
#2607=CARTESIAN_POINT('Ctrl Pts',(-26.6968069411497,-55.827596614848,19.2302489775093));
#2608=CARTESIAN_POINT('Ctrl Pts',(-34.5348078736349,-56.0652684610328,19.2302489775093));
#2609=CARTESIAN_POINT('Ctrl Pts',(-40.3569513410695,-56.9782940574842,19.2302489775093));
#2610=CARTESIAN_POINT('Ctrl Pts',(-42.2636219818009,-57.4191212094285,19.2302489775093));
#2611=CARTESIAN_POINT('Origin',(-42.2636219818009,-57.4191212094285,39.2302489775093));
#2612=CARTESIAN_POINT('',(-21.8013113805619,-58.4354964305851,19.4012792806223));
#2613=CARTESIAN_POINT('',(-19.0013113805619,-60.052077184316,19.6786867790729));
#2614=CARTESIAN_POINT('Ctrl Pts',(-21.8013113805619,-58.4354964305851,19.4012792806223));
#2615=CARTESIAN_POINT('Ctrl Pts',(-20.8665511638831,-58.9751804933124,19.4723147922732));
#2616=CARTESIAN_POINT('Ctrl Pts',(-19.933483301251,-59.5138874749752,19.5649786637447));
#2617=CARTESIAN_POINT('Ctrl Pts',(-19.0013113805619,-60.052077184316,19.6786867790729));
#2618=CARTESIAN_POINT('',(-19.0013113805619,-63.2852386917779,20.6673683248743));
#2619=CARTESIAN_POINT('Ctrl Pts',(-19.0007902975615,-60.0512862939401,19.6808410754301));
#2620=CARTESIAN_POINT('Ctrl Pts',(-19.0007726462606,-60.461984784971,19.7694390710082));
#2621=CARTESIAN_POINT('Ctrl Pts',(-19.000755251,-60.8696425061149,19.8708162616973));
#2622=CARTESIAN_POINT('Ctrl Pts',(-19.0007383847894,-61.2736694653424,19.9847931081528));
#2623=CARTESIAN_POINT('Ctrl Pts',(-19.0007215495187,-61.6769552672329,20.0985608725803));
#2624=CARTESIAN_POINT('Ctrl Pts',(-19.0007052467789,-62.0766241363607,20.2248822551792));
#2625=CARTESIAN_POINT('Ctrl Pts',(-19.0006893271303,-62.4720770349419,20.3636289301047));
#2626=CARTESIAN_POINT('Ctrl Pts',(-19.000678342345,-62.7449451945554,20.4593661215003));
#2627=CARTESIAN_POINT('Ctrl Pts',(-19.0006675312455,-63.0158057948928,20.5610202825172));
#2628=CARTESIAN_POINT('Ctrl Pts',(-19.000656707003,-63.2844566459104,20.6685627052248));
#2629=CARTESIAN_POINT('',(-21.8013113805619,-64.9018194455089,21.4083286337192));
#2630=CARTESIAN_POINT('Ctrl Pts',(-19.0013113805619,-63.2852386917779,20.6673683248743));
#2631=CARTESIAN_POINT('Ctrl Pts',(-19.9390916404412,-63.82666637726,20.8886900927321));
#2632=CARTESIAN_POINT('Ctrl Pts',(-20.8733588197501,-64.366065784729,21.1354815500764));
#2633=CARTESIAN_POINT('Ctrl Pts',(-21.8013113805619,-64.9018194455089,21.4083286337192));
#2634=CARTESIAN_POINT('',(-24.6013113805619,-63.2852386917779,20.6673683248743));
#2635=CARTESIAN_POINT('Ctrl Pts',(-21.8013113805619,-64.9018194455089,21.4083286337192));
#2636=CARTESIAN_POINT('Ctrl Pts',(-22.7292639337039,-64.3660657891572,21.1354815523315));
#2637=CARTESIAN_POINT('Ctrl Pts',(-23.6635310833847,-63.826666398794,20.8886901015346));
#2638=CARTESIAN_POINT('Ctrl Pts',(-24.6013113805619,-63.2852386917779,20.6673683248743));
#2639=CARTESIAN_POINT('',(-24.6013113805619,-60.052077184316,19.6786867790729));
#2640=CARTESIAN_POINT('Ctrl Pts',(-24.6019579583811,-63.2864874723001,20.6687711766519));
#2641=CARTESIAN_POINT('Ctrl Pts',(-24.601862903357,-62.8975455576611,20.5130418485401));
#2642=CARTESIAN_POINT('Ctrl Pts',(-24.6017656778883,-62.50397236696,20.3696540602944));
#2643=CARTESIAN_POINT('Ctrl Pts',(-24.6016661121639,-62.1063778901154,20.2387032402198));
#2644=CARTESIAN_POINT('Ctrl Pts',(-24.6015662378262,-61.7075510316878,20.1073465257267));
#2645=CARTESIAN_POINT('Ctrl Pts',(-24.6014640137823,-61.3046774011659,19.9885038464584));
#2646=CARTESIAN_POINT('Ctrl Pts',(-24.6013597533451,-60.8983548553592,19.8823207145503));
#2647=CARTESIAN_POINT('Ctrl Pts',(-24.6012878893073,-60.6182871749773,19.809131412711));
#2648=CARTESIAN_POINT('Ctrl Pts',(-24.6012150678856,-60.3365805455207,19.7419576718728));
#2649=CARTESIAN_POINT('Ctrl Pts',(-24.6011415059039,-60.053427800021,19.680861261178));
#2650=CARTESIAN_POINT('Ctrl Pts',(-24.6013113805619,-60.052077184316,19.6786867790729));
#2651=CARTESIAN_POINT('Ctrl Pts',(-23.6691394232263,-59.5138874538173,19.5649786592745));
#2652=CARTESIAN_POINT('Ctrl Pts',(-22.7360715894255,-58.9751804888002,19.4723147916793));
#2653=CARTESIAN_POINT('Ctrl Pts',(-21.8013113805619,-58.4354964305851,19.4012792806223));
#2654=CARTESIAN_POINT('Origin',(-32.2636219818009,-76.768657938047,-4.88779706466236));
#2655=CARTESIAN_POINT('',(-33.8802027355319,-76.768657938047,-2.08779706466236));
#2656=CARTESIAN_POINT('',(-30.64704122807,-76.768657938047,-2.08779706466236));
#2657=CARTESIAN_POINT('',(-33.8802027355319,-76.768657938047,-2.08779706466236));
#2658=CARTESIAN_POINT('',(-35.4967834892628,-76.768657938047,-4.88779706466236));
#2659=CARTESIAN_POINT('',(-35.4967834892628,-76.768657938047,-4.88779706466236));
#2660=CARTESIAN_POINT('',(-33.8802027355319,-76.768657938047,-7.68779706466236));
#2661=CARTESIAN_POINT('',(-33.8802027355319,-76.768657938047,-7.68779706466236));
#2662=CARTESIAN_POINT('',(-30.64704122807,-76.768657938047,-7.68779706466236));
#2663=CARTESIAN_POINT('',(-30.64704122807,-76.768657938047,-7.68779706466236));
#2664=CARTESIAN_POINT('',(-29.030460474339,-76.768657938047,-4.88779706466236));
#2665=CARTESIAN_POINT('',(-29.030460474339,-76.768657938047,-4.88779706466236));
#2666=CARTESIAN_POINT('',(-30.64704122807,-76.768657938047,-2.08779706466236));
#2667=CARTESIAN_POINT('',(-32.2636219818009,-76.768657938047,-6.38779706466236));
#2668=CARTESIAN_POINT('Origin',(-32.2636219818009,-76.768657938047,-4.88779706466236));
#2669=CARTESIAN_POINT('Origin',(-29.030460474339,-80.768657938047,-4.88779706466236));
#2670=CARTESIAN_POINT('',(-30.64704122807,-80.768657938047,-2.08779706466236));
#2671=CARTESIAN_POINT('',(-29.030460474339,-80.768657938047,-4.88779706466236));
#2672=CARTESIAN_POINT('Origin',(-30.64704122807,-80.768657938047,-7.68779706466236));
#2673=CARTESIAN_POINT('',(-30.64704122807,-80.768657938047,-7.68779706466236));
#2674=CARTESIAN_POINT('Origin',(-33.8802027355319,-80.768657938047,-7.68779706466236));
#2675=CARTESIAN_POINT('',(-33.8802027355319,-80.768657938047,-7.68779706466236));
#2676=CARTESIAN_POINT('Origin',(-35.4967834892628,-80.768657938047,-4.88779706466236));
#2677=CARTESIAN_POINT('',(-35.4967834892628,-80.768657938047,-4.88779706466236));
#2678=CARTESIAN_POINT('Origin',(-33.8802027355319,-80.768657938047,-2.08779706466236));
#2679=CARTESIAN_POINT('',(-33.8802027355319,-80.768657938047,-2.08779706466236));
#2680=CARTESIAN_POINT('Origin',(-30.64704122807,-80.768657938047,-2.08779706466236));
#2681=CARTESIAN_POINT('Origin',(-11.3390007793229,-76.768657938047,15.3482950196809));
#2682=CARTESIAN_POINT('',(-12.9555815330539,-76.768657938047,18.1482950196809));
#2683=CARTESIAN_POINT('',(-9.72242002559195,-76.768657938047,18.1482950196809));
#2684=CARTESIAN_POINT('',(-12.9555815330539,-76.768657938047,18.1482950196809));
#2685=CARTESIAN_POINT('',(-14.5721622867848,-76.768657938047,15.3482950196809));
#2686=CARTESIAN_POINT('',(-14.5721622867848,-76.768657938047,15.3482950196809));
#2687=CARTESIAN_POINT('',(-12.9555815330539,-76.768657938047,12.5482950196809));
#2688=CARTESIAN_POINT('',(-12.9555815330539,-76.768657938047,12.5482950196809));
#2689=CARTESIAN_POINT('',(-9.72242002559195,-76.768657938047,12.5482950196809));
#2690=CARTESIAN_POINT('',(-9.72242002559195,-76.768657938047,12.5482950196809));
#2691=CARTESIAN_POINT('',(-8.105839271861,-76.768657938047,15.3482950196809));
#2692=CARTESIAN_POINT('',(-8.105839271861,-76.768657938047,15.3482950196809));
#2693=CARTESIAN_POINT('',(-9.72242002559195,-76.768657938047,18.1482950196809));
#2694=CARTESIAN_POINT('',(-11.3390007793229,-76.768657938047,13.8482950196809));
#2695=CARTESIAN_POINT('Origin',(-11.3390007793229,-76.768657938047,15.3482950196809));
#2696=CARTESIAN_POINT('Origin',(-8.105839271861,-80.768657938047,15.3482950196809));
#2697=CARTESIAN_POINT('',(-9.72242002559195,-80.768657938047,18.1482950196809));
#2698=CARTESIAN_POINT('',(-8.105839271861,-80.768657938047,15.3482950196809));
#2699=CARTESIAN_POINT('Origin',(-9.72242002559195,-80.768657938047,12.5482950196809));
#2700=CARTESIAN_POINT('',(-9.72242002559195,-80.768657938047,12.5482950196809));
#2701=CARTESIAN_POINT('Origin',(-12.9555815330539,-80.768657938047,12.5482950196809));
#2702=CARTESIAN_POINT('',(-12.9555815330539,-80.768657938047,12.5482950196809));
#2703=CARTESIAN_POINT('Origin',(-14.5721622867848,-80.768657938047,15.3482950196809));
#2704=CARTESIAN_POINT('',(-14.5721622867848,-80.768657938047,15.3482950196809));
#2705=CARTESIAN_POINT('Origin',(-12.9555815330539,-80.768657938047,18.1482950196809));
#2706=CARTESIAN_POINT('',(-12.9555815330539,-80.768657938047,18.1482950196809));
#2707=CARTESIAN_POINT('Origin',(-9.72242002559195,-80.768657938047,18.1482950196809));
#2708=CARTESIAN_POINT('Origin',(-32.2636219818009,-76.768657938047,15.3482950196809));
#2709=CARTESIAN_POINT('',(-30.64704122807,-76.768657938047,12.5482950196809));
#2710=CARTESIAN_POINT('',(-33.8802027355319,-76.768657938047,12.5482950196809));
#2711=CARTESIAN_POINT('',(-30.64704122807,-76.768657938047,12.5482950196809));
#2712=CARTESIAN_POINT('',(-29.030460474339,-76.768657938047,15.3482950196809));
#2713=CARTESIAN_POINT('',(-29.030460474339,-76.768657938047,15.3482950196809));
#2714=CARTESIAN_POINT('',(-30.64704122807,-76.768657938047,18.1482950196809));
#2715=CARTESIAN_POINT('',(-30.64704122807,-76.768657938047,18.1482950196809));
#2716=CARTESIAN_POINT('',(-33.8802027355319,-76.768657938047,18.1482950196809));
#2717=CARTESIAN_POINT('',(-33.8802027355319,-76.768657938047,18.1482950196809));
#2718=CARTESIAN_POINT('',(-35.4967834892628,-76.768657938047,15.3482950196809));
#2719=CARTESIAN_POINT('',(-35.4967834892628,-76.768657938047,15.3482950196809));
#2720=CARTESIAN_POINT('',(-33.8802027355319,-76.768657938047,12.5482950196809));
#2721=CARTESIAN_POINT('',(-32.2636219818009,-76.768657938047,13.8482950196809));
#2722=CARTESIAN_POINT('Origin',(-32.2636219818009,-76.768657938047,15.3482950196809));
#2723=CARTESIAN_POINT('Origin',(-35.4967834892628,-80.768657938047,15.3482950196809));
#2724=CARTESIAN_POINT('',(-33.8802027355319,-80.768657938047,12.5482950196809));
#2725=CARTESIAN_POINT('',(-35.4967834892628,-80.768657938047,15.3482950196809));
#2726=CARTESIAN_POINT('Origin',(-33.8802027355319,-80.768657938047,18.1482950196809));
#2727=CARTESIAN_POINT('',(-33.8802027355319,-80.768657938047,18.1482950196809));
#2728=CARTESIAN_POINT('Origin',(-30.64704122807,-80.768657938047,18.1482950196809));
#2729=CARTESIAN_POINT('',(-30.64704122807,-80.768657938047,18.1482950196809));
#2730=CARTESIAN_POINT('Origin',(-29.030460474339,-80.768657938047,15.3482950196809));
#2731=CARTESIAN_POINT('',(-29.030460474339,-80.768657938047,15.3482950196809));
#2732=CARTESIAN_POINT('Origin',(-30.64704122807,-80.768657938047,12.5482950196809));
#2733=CARTESIAN_POINT('',(-30.64704122807,-80.768657938047,12.5482950196809));
#2734=CARTESIAN_POINT('Origin',(-33.8802027355319,-80.768657938047,12.5482950196809));
#2735=CARTESIAN_POINT('Origin',(-11.3390007793229,-76.768657938047,-4.88779706466236));
#2736=CARTESIAN_POINT('',(-12.9555815330539,-76.768657938047,-2.08779706466236));
#2737=CARTESIAN_POINT('',(-9.72242002559195,-76.768657938047,-2.08779706466236));
#2738=CARTESIAN_POINT('',(-12.9555815330539,-76.768657938047,-2.08779706466236));
#2739=CARTESIAN_POINT('',(-14.5721622867848,-76.768657938047,-4.88779706466236));
#2740=CARTESIAN_POINT('',(-14.5721622867848,-76.768657938047,-4.88779706466236));
#2741=CARTESIAN_POINT('',(-12.9555815330539,-76.768657938047,-7.68779706466236));
#2742=CARTESIAN_POINT('',(-12.9555815330539,-76.768657938047,-7.68779706466236));
#2743=CARTESIAN_POINT('',(-9.72242002559195,-76.768657938047,-7.68779706466236));
#2744=CARTESIAN_POINT('',(-9.72242002559195,-76.768657938047,-7.68779706466236));
#2745=CARTESIAN_POINT('',(-8.10583927186099,-76.768657938047,-4.88779706466236));
#2746=CARTESIAN_POINT('',(-8.10583927186099,-76.768657938047,-4.88779706466236));
#2747=CARTESIAN_POINT('',(-9.72242002559195,-76.768657938047,-2.08779706466236));
#2748=CARTESIAN_POINT('',(-11.3390007793229,-76.768657938047,-6.38779706466236));
#2749=CARTESIAN_POINT('Origin',(-11.3390007793229,-76.768657938047,-4.88779706466236));
#2750=CARTESIAN_POINT('Origin',(-8.10583927186099,-80.768657938047,-4.88779706466236));
#2751=CARTESIAN_POINT('',(-9.72242002559195,-80.768657938047,-2.08779706466236));
#2752=CARTESIAN_POINT('',(-8.10583927186099,-80.768657938047,-4.88779706466236));
#2753=CARTESIAN_POINT('Origin',(-9.72242002559195,-80.768657938047,-7.68779706466236));
#2754=CARTESIAN_POINT('',(-9.72242002559195,-80.768657938047,-7.68779706466236));
#2755=CARTESIAN_POINT('Origin',(-12.9555815330539,-80.768657938047,-7.68779706466236));
#2756=CARTESIAN_POINT('',(-12.9555815330539,-80.768657938047,-7.68779706466236));
#2757=CARTESIAN_POINT('Origin',(-14.5721622867848,-80.768657938047,-4.88779706466236));
#2758=CARTESIAN_POINT('',(-14.5721622867848,-80.768657938047,-4.88779706466236));
#2759=CARTESIAN_POINT('Origin',(-12.9555815330539,-80.768657938047,-2.08779706466236));
#2760=CARTESIAN_POINT('',(-12.9555815330539,-80.768657938047,-2.08779706466236));
#2761=CARTESIAN_POINT('Origin',(-9.72242002559195,-80.768657938047,-2.08779706466236));
#2762=CARTESIAN_POINT('Origin',(-32.2636219818009,-58.768657938047,-4.88779706466236));
#2763=CARTESIAN_POINT('',(-32.2636219818009,-58.768657938047,-7.68779706466236));
#2764=CARTESIAN_POINT('Origin',(-32.2636219818009,-58.768657938047,-4.88779706466236));
#2765=CARTESIAN_POINT('',(-32.2636219818009,-58.768657938047,-6.38779706466236));
#2766=CARTESIAN_POINT('Origin',(-32.2636219818009,-58.768657938047,-4.88779706466236));
#2767=CARTESIAN_POINT('Origin',(-32.2636219818009,-57.268657938047,-4.88779706466236));
#2768=CARTESIAN_POINT('',(-32.2636219818009,-55.768657938047,-7.68779706466236));
#2769=CARTESIAN_POINT('Origin',(-32.2636219818009,-55.768657938047,-4.88779706466236));
#2770=CARTESIAN_POINT('',(-32.2636219818009,-57.268657938047,-7.68779706466236));
#2771=CARTESIAN_POINT('Origin',(-32.2636219818009,-68.268657938047,-4.88779706466236));
#2772=CARTESIAN_POINT('',(-32.2636219818009,-68.268657938047,-6.38779706466236));
#2773=CARTESIAN_POINT('Origin',(-11.3390007793229,-58.768657938047,15.3482950196809));
#2774=CARTESIAN_POINT('',(-11.3390007793229,-58.768657938047,12.5482950196809));
#2775=CARTESIAN_POINT('Origin',(-11.3390007793229,-58.768657938047,15.3482950196809));
#2776=CARTESIAN_POINT('',(-11.3390007793229,-58.768657938047,13.8482950196809));
#2777=CARTESIAN_POINT('Origin',(-11.3390007793229,-58.768657938047,15.3482950196809));
#2778=CARTESIAN_POINT('Origin',(-11.3390007793229,-57.268657938047,15.3482950196809));
#2779=CARTESIAN_POINT('',(-11.3390007793229,-55.768657938047,12.5482950196809));
#2780=CARTESIAN_POINT('Origin',(-11.3390007793229,-55.768657938047,15.3482950196809));
#2781=CARTESIAN_POINT('',(-11.3390007793229,-57.268657938047,12.5482950196809));
#2782=CARTESIAN_POINT('Origin',(-11.3390007793229,-68.268657938047,15.3482950196809));
#2783=CARTESIAN_POINT('',(-11.3390007793229,-68.268657938047,13.8482950196809));
#2784=CARTESIAN_POINT('Origin',(-11.3390007793229,-58.768657938047,-4.88779706466236));
#2785=CARTESIAN_POINT('',(-11.3390007793229,-58.768657938047,-7.68779706466236));
#2786=CARTESIAN_POINT('Origin',(-11.3390007793229,-58.768657938047,-4.88779706466236));
#2787=CARTESIAN_POINT('',(-11.3390007793229,-58.768657938047,-6.38779706466236));
#2788=CARTESIAN_POINT('Origin',(-11.3390007793229,-58.768657938047,-4.88779706466236));
#2789=CARTESIAN_POINT('Origin',(-11.3390007793229,-57.268657938047,-4.88779706466236));
#2790=CARTESIAN_POINT('',(-11.3390007793229,-55.768657938047,-7.68779706466236));
#2791=CARTESIAN_POINT('Origin',(-11.3390007793229,-55.768657938047,-4.88779706466236));
#2792=CARTESIAN_POINT('',(-11.3390007793229,-57.268657938047,-7.68779706466236));
#2793=CARTESIAN_POINT('Origin',(-11.3390007793229,-68.268657938047,-4.88779706466236));
#2794=CARTESIAN_POINT('',(-11.3390007793229,-68.268657938047,-6.38779706466236));
#2795=CARTESIAN_POINT('Origin',(-32.2636219818009,-58.768657938047,15.3482950196809));
#2796=CARTESIAN_POINT('',(-32.2636219818009,-58.768657938047,12.5482950196809));
#2797=CARTESIAN_POINT('Origin',(-32.2636219818009,-58.768657938047,15.3482950196809));
#2798=CARTESIAN_POINT('',(-32.2636219818009,-58.768657938047,13.8482950196809));
#2799=CARTESIAN_POINT('Origin',(-32.2636219818009,-58.768657938047,15.3482950196809));
#2800=CARTESIAN_POINT('Origin',(-32.2636219818009,-57.268657938047,15.3482950196809));
#2801=CARTESIAN_POINT('',(-32.2636219818009,-55.768657938047,12.5482950196809));
#2802=CARTESIAN_POINT('Origin',(-32.2636219818009,-55.768657938047,15.3482950196809));
#2803=CARTESIAN_POINT('',(-32.2636219818009,-57.268657938047,12.5482950196809));
#2804=CARTESIAN_POINT('Origin',(-32.2636219818009,-68.268657938047,15.3482950196809));
#2805=CARTESIAN_POINT('',(-32.2636219818009,-68.268657938047,13.8482950196809));
#2806=CARTESIAN_POINT('Origin',(-21.8013113805619,-64.9018194455089,30.));
#2807=CARTESIAN_POINT('',(-21.8013113805619,-64.9018194455089,18.));
#2808=CARTESIAN_POINT('',(-21.8013113805619,-64.9018194455089,30.));
#2809=CARTESIAN_POINT('',(-24.6013113805619,-63.2852386917779,18.));
#2810=CARTESIAN_POINT('',(-24.6013113805619,-63.2852386917779,18.));
#2811=CARTESIAN_POINT('',(-24.6013113805619,-63.2852386917779,30.));
#2812=CARTESIAN_POINT('Origin',(-24.6013113805619,-63.2852386917779,30.));
#2813=CARTESIAN_POINT('',(-24.6013113805619,-60.052077184316,18.));
#2814=CARTESIAN_POINT('',(-24.6013113805619,-60.052077184316,18.));
#2815=CARTESIAN_POINT('',(-24.6013113805619,-60.052077184316,30.));
#2816=CARTESIAN_POINT('Origin',(-24.6013113805619,-60.052077184316,30.));
#2817=CARTESIAN_POINT('',(-21.8013113805619,-58.4354964305851,18.));
#2818=CARTESIAN_POINT('',(-21.8013113805619,-58.4354964305851,18.));
#2819=CARTESIAN_POINT('',(-21.8013113805619,-58.4354964305851,30.));
#2820=CARTESIAN_POINT('Origin',(-21.8013113805619,-58.4354964305851,30.));
#2821=CARTESIAN_POINT('',(-19.0013113805619,-60.052077184316,18.));
#2822=CARTESIAN_POINT('',(-19.0013113805619,-60.052077184316,18.));
#2823=CARTESIAN_POINT('',(-19.0013113805619,-60.052077184316,30.));
#2824=CARTESIAN_POINT('Origin',(-19.0013113805619,-63.2852386917779,30.));
#2825=CARTESIAN_POINT('',(-19.0013113805619,-63.2852386917779,18.));
#2826=CARTESIAN_POINT('',(-19.0013113805619,-63.2852386917779,30.));
#2827=CARTESIAN_POINT('',(-21.8013113805619,-64.9018194455089,18.));
#2828=CARTESIAN_POINT('Origin',(-19.0013113805619,-60.052077184316,30.));
#2829=CARTESIAN_POINT('',(-19.0013113805619,-63.2852386917779,18.));
#2830=CARTESIAN_POINT('Origin',(-21.8013113805619,-61.668657938047,18.));
#2831=CARTESIAN_POINT('',(-23.4013113805619,-61.668657938047,18.));
#2832=CARTESIAN_POINT('Origin',(-21.8013113805619,-61.668657938047,18.));
#2833=CARTESIAN_POINT('Origin',(-21.8013113805619,-61.668657938047,-15.));
#2834=CARTESIAN_POINT('',(-24.5583552549646,-61.175240336363,-9.49646292592589));
#2835=CARTESIAN_POINT('',(-24.6023795750526,-61.6696133544911,-9.63970193143978));
#2836=CARTESIAN_POINT('Ctrl Pts',(-24.5583552549646,-61.175240336363,-9.49646292592589));
#2837=CARTESIAN_POINT('Ctrl Pts',(-24.5794667894545,-61.2927261395969,-9.52889748722653));
#2838=CARTESIAN_POINT('Ctrl Pts',(-24.5929590358226,-61.4109549261049,-9.56270703914147));
#2839=CARTESIAN_POINT('Ctrl Pts',(-24.5989319790967,-61.5292162390427,-9.59773560941537));
#2840=CARTESIAN_POINT('Ctrl Pts',(-24.601297856194,-61.576059431575,-9.61161039247592));
#2841=CARTESIAN_POINT('Ctrl Pts',(-24.6024839846607,-61.6229078655676,-9.62567587905837));
#2842=CARTESIAN_POINT('Ctrl Pts',(-24.6024964998245,-61.6697179345566,-9.63992017198707));
#2843=CARTESIAN_POINT('Ctrl Pts',(-24.6024964998245,-61.6697179345566,-9.63992017198707));
#2844=CARTESIAN_POINT('Ctrl Pts',(-24.6025157023469,-61.7395006666448,-9.66115503904851));
#2845=CARTESIAN_POINT('Ctrl Pts',(-24.5999270129151,-61.8091983342381,-9.68278765388883));
#2846=CARTESIAN_POINT('Ctrl Pts',(-24.5947492747432,-61.8786673070002,-9.70477321675741));
#2847=CARTESIAN_POINT('Ctrl Pts',(-24.5859805572046,-61.9963159365014,-9.7420066929045));
#2848=CARTESIAN_POINT('Ctrl Pts',(-24.5698142482447,-62.1129008800782,-9.78012633916693));
#2849=CARTESIAN_POINT('Ctrl Pts',(-24.546495677392,-62.227753791567,-9.81885453116524));
#2850=CARTESIAN_POINT('Ctrl Pts',(-24.5230105843398,-62.3434268888017,-9.85785928829917));
#2851=CARTESIAN_POINT('Ctrl Pts',(-24.4922708019813,-62.457343138571,-9.89748124378627));
#2852=CARTESIAN_POINT('Ctrl Pts',(-24.4545196756339,-62.5688320391733,-9.93738563288947));
#2853=CARTESIAN_POINT('Ctrl Pts',(-24.416057413478,-62.6824211088864,-9.97804171982922));
#2854=CARTESIAN_POINT('Ctrl Pts',(-24.3703172379458,-62.7934905278186,-10.0189908880702));
#2855=CARTESIAN_POINT('Ctrl Pts',(-24.3175477320248,-62.9013437645721,-10.059827250364));
#2856=CARTESIAN_POINT('Ctrl Pts',(-24.3092533214019,-62.9182963400611,-10.0662459869297));
#2857=CARTESIAN_POINT('Ctrl Pts',(-24.3007852247101,-62.935169480591,-10.0726618364411));
#2858=CARTESIAN_POINT('Ctrl Pts',(-24.2921443866245,-62.9519605083144,-10.0790731126118));
#2859=CARTESIAN_POINT('Ctrl Pts',(-24.2335034635452,-63.065912575856,-10.122583145903));
#2860=CARTESIAN_POINT('Ctrl Pts',(-24.1670736873627,-63.1757545866212,-10.1657619755237));
#2861=CARTESIAN_POINT('Ctrl Pts',(-24.0933276260412,-63.280672196938,-10.2080351556262));
#2862=CARTESIAN_POINT('Ctrl Pts',(-24.0111685519913,-63.3975588965215,-10.2551308956852));
#2863=CARTESIAN_POINT('Ctrl Pts',(-23.9199288245332,-63.5083335184136,-10.3011024088531));
#2864=CARTESIAN_POINT('Ctrl Pts',(-23.820244978184,-63.6118878360204,-10.3450891338528));
#2865=CARTESIAN_POINT('Ctrl Pts',(-23.7427597443607,-63.6923816252055,-10.3792804476569));
#2866=CARTESIAN_POINT('Ctrl Pts',(-23.660172088467,-63.7685133003906,-10.4122707949686));
#2867=CARTESIAN_POINT('Ctrl Pts',(-23.57277463457,-63.8397679681831,-10.4436364568196));
#2868=CARTESIAN_POINT('Ctrl Pts',(-23.5694690820051,-63.842462967172,-10.4448227710583));
#2869=CARTESIAN_POINT('Ctrl Pts',(-23.566157133579,-63.845150581381,-10.4460065800178));
#2870=CARTESIAN_POINT('Ctrl Pts',(-23.5628388141476,-63.8478307859458,-10.4471878610957));
#2871=CARTESIAN_POINT('Ctrl Pts',(-23.4398931085384,-63.9471339567884,-10.4909550265692));
#2872=CARTESIAN_POINT('Ctrl Pts',(-23.3082027887684,-64.0362656740833,-10.5312502912702));
#2873=CARTESIAN_POINT('Ctrl Pts',(-23.1690245554492,-64.1139622608581,-10.5669283386789));
#2874=CARTESIAN_POINT('Ctrl Pts',(-23.0475179416459,-64.1817936231189,-10.5980763035894));
#2875=CARTESIAN_POINT('Ctrl Pts',(-22.9203038304427,-64.2409099485815,-10.6257034383281));
#2876=CARTESIAN_POINT('Ctrl Pts',(-22.7882115726182,-64.2904636460456,-10.6490811615059));
#2877=CARTESIAN_POINT('Ctrl Pts',(-22.7690004033806,-64.2976706124795,-10.6524811593843));
#2878=CARTESIAN_POINT('Ctrl Pts',(-22.7496860425492,-64.3046752882625,-10.6557913613155));
#2879=CARTESIAN_POINT('Ctrl Pts',(-22.7302710329809,-64.3114750413505,-10.6590096246018));
#2880=CARTESIAN_POINT('Ctrl Pts',(-22.6190359562691,-64.3504330987088,-10.677448130247));
#2881=CARTESIAN_POINT('Ctrl Pts',(-22.5053220281019,-64.3823731390796,-10.692726325525));
#2882=CARTESIAN_POINT('Ctrl Pts',(-22.3897625613981,-64.4070589407983,-10.7045868064054));
#2883=CARTESIAN_POINT('Ctrl Pts',(-22.2785843681818,-64.4308088153128,-10.7159976139539));
#2884=CARTESIAN_POINT('Ctrl Pts',(-22.1656979321882,-64.4478441663672,-10.7242448008432));
#2885=CARTESIAN_POINT('Ctrl Pts',(-22.0516667790458,-64.4579421095107,-10.729146206272));
#2886=CARTESIAN_POINT('Ctrl Pts',(-22.0222027639478,-64.4605512732439,-10.7304126591629));
#2887=CARTESIAN_POINT('Ctrl Pts',(-21.9926623210342,-64.4626972033334,-10.7314559961001));
#2888=CARTESIAN_POINT('Ctrl Pts',(-21.9630551645705,-64.4643759024523,-10.7322736308555));
#2889=CARTESIAN_POINT('Ctrl Pts',(-21.8513397639644,-64.4707100650997,-10.7353587766497));
#2890=CARTESIAN_POINT('Ctrl Pts',(-21.7396309558663,-64.4703385031752,-10.7351999559209));
#2891=CARTESIAN_POINT('Ctrl Pts',(-21.628476332754,-64.4633541554877,-10.7318431011247));
#2892=CARTESIAN_POINT('Ctrl Pts',(-21.5158129909123,-64.456275008179,-10.728440683224));
#2893=CARTESIAN_POINT('Ctrl Pts',(-21.4037190098051,-64.4424023254605,-10.7217528822204));
#2894=CARTESIAN_POINT('Ctrl Pts',(-21.2927649955855,-64.4218185613384,-10.7118790705606));
#2895=CARTESIAN_POINT('Ctrl Pts',(-21.266134419103,-64.4168781586986,-10.709509212215));
#2896=CARTESIAN_POINT('Ctrl Pts',(-21.2395695134109,-64.4115510877507,-10.706956045358));
#2897=CARTESIAN_POINT('Ctrl Pts',(-21.213078168806,-64.4058383702962,-10.7042213709423));
#2898=CARTESIAN_POINT('Ctrl Pts',(-21.0914645562321,-64.3796130420762,-10.6916673220682));
#2899=CARTESIAN_POINT('Ctrl Pts',(-20.972476155787,-64.3454953762024,-10.6753958688552));
#2900=CARTESIAN_POINT('Ctrl Pts',(-20.8567544772216,-64.3039605817167,-10.6557978751664));
#2901=CARTESIAN_POINT('Ctrl Pts',(-20.7292765062381,-64.2582062218433,-10.6342088997751));
#2902=CARTESIAN_POINT('Ctrl Pts',(-20.6057626287689,-64.2034509695514,-10.6085836051164));
#2903=CARTESIAN_POINT('Ctrl Pts',(-20.4870734945232,-64.1403133787748,-10.5795057434674));
#2904=CARTESIAN_POINT('Ctrl Pts',(-20.4593031026193,-64.1255407068628,-10.5727022258678));
#2905=CARTESIAN_POINT('Ctrl Pts',(-20.4317968557538,-64.1103090883286,-10.5657099197877));
#2906=CARTESIAN_POINT('Ctrl Pts',(-20.4045658093557,-64.0946263507189,-10.5585366720736));
#2907=CARTESIAN_POINT('Ctrl Pts',(-20.2764979984683,-64.020870320744,-10.5248008354748));
#2908=CARTESIAN_POINT('Ctrl Pts',(-20.155409406493,-63.9376622283611,-10.4873027556446));
#2909=CARTESIAN_POINT('Ctrl Pts',(-20.0420717947722,-63.8461032112597,-10.4469801515041));
#2910=CARTESIAN_POINT('Ctrl Pts',(-19.9249145141518,-63.7514585006734,-10.4052986075143));
#2911=CARTESIAN_POINT('Ctrl Pts',(-19.8160391170574,-63.6478896398747,-10.3606019844228));
#2912=CARTESIAN_POINT('Ctrl Pts',(-19.7163116142291,-63.5366185480307,-10.3139063272198));
#2913=CARTESIAN_POINT('Ctrl Pts',(-19.6684586425484,-63.4832265322289,-10.2915000110245));
#2914=CARTESIAN_POINT('Ctrl Pts',(-19.6227121466374,-63.4280612810902,-10.2686328938061));
#2915=CARTESIAN_POINT('Ctrl Pts',(-19.5791692223691,-63.3712589691247,-10.2454130295364));
#2916=CARTESIAN_POINT('Ctrl Pts',(-19.5019704700592,-63.2705521910258,-10.2042457312772));
#2917=CARTESIAN_POINT('Ctrl Pts',(-19.4319303921474,-63.1650161544337,-10.1621021713327));
#2918=CARTESIAN_POINT('Ctrl Pts',(-19.3693936644776,-63.0554195093025,-10.1195338961442));
#2919=CARTESIAN_POINT('Ctrl Pts',(-19.3087426690976,-62.9491276410647,-10.0782492245921));
#2920=CARTESIAN_POINT('Ctrl Pts',(-19.2551493489818,-62.8390162816568,-10.0365653745645));
#2921=CARTESIAN_POINT('Ctrl Pts',(-19.2089378224123,-62.7257983809119,-9.99493918266994));
#2922=CARTESIAN_POINT('Ctrl Pts',(-19.1639147673884,-62.6154922267267,-9.95438353633608));
#2923=CARTESIAN_POINT('Ctrl Pts',(-19.1258987465556,-62.5022372369796,-9.91388275334741));
#2924=CARTESIAN_POINT('Ctrl Pts',(-19.0951983862705,-62.3867048331044,-9.87381152919228));
#2925=CARTESIAN_POINT('Ctrl Pts',(-19.0897887712813,-62.3663472275932,-9.86675070342966));
#2926=CARTESIAN_POINT('Ctrl Pts',(-19.0846063208229,-62.3459189424327,-9.85970308993314));
#2927=CARTESIAN_POINT('Ctrl Pts',(-19.0796527507276,-62.325423691856,-9.85267057621254));
#2928=CARTESIAN_POINT('Ctrl Pts',(-19.0522057362896,-62.211862476881,-9.81370443625483));
#2929=CARTESIAN_POINT('Ctrl Pts',(-19.0318816828339,-62.0966634194289,-9.77534969934985));
#2930=CARTESIAN_POINT('Ctrl Pts',(-19.0188155442563,-61.9804903115109,-9.73788082426323));
#2931=CARTESIAN_POINT('Ctrl Pts',(-19.0057538796258,-61.864356982165,-9.70042477880969));
#2932=CARTESIAN_POINT('Ctrl Pts',(-18.9999452691509,-61.7472502493489,-9.66385400695664));
#2933=CARTESIAN_POINT('Ctrl Pts',(-19.0015293886368,-61.6298461012385,-9.6283923966271));
#2934=CARTESIAN_POINT('Ctrl Pts',(-19.0031214630839,-61.511852385586,-9.5927527089913));
#2935=CARTESIAN_POINT('Ctrl Pts',(-19.0121808333821,-61.3935582441342,-9.55823333359541));
#2936=CARTESIAN_POINT('Ctrl Pts',(-19.0288523921123,-61.2756631948798,-9.52501066747041));
#2937=CARTESIAN_POINT('Ctrl Pts',(-19.0310348516147,-61.2602296547594,-9.52066151664695));
#2938=CARTESIAN_POINT('Ctrl Pts',(-19.0333477653822,-61.2448029726934,-9.51633451715285));
#2939=CARTESIAN_POINT('Ctrl Pts',(-19.0357914604409,-61.2293847349049,-9.51203000119917));
#2940=CARTESIAN_POINT('Ctrl Pts',(-19.055123811631,-61.1074092917763,-9.4779764830147));
#2941=CARTESIAN_POINT('Ctrl Pts',(-19.0825174833456,-60.9867336427964,-9.44554999358775));
#2942=CARTESIAN_POINT('Ctrl Pts',(-19.1178538261092,-60.8681503963103,-9.41483739033515));
#2943=CARTESIAN_POINT('Ctrl Pts',(-19.1544900145284,-60.7452050708508,-9.38299502546074));
#2944=CARTESIAN_POINT('Ctrl Pts',(-19.1996641851528,-60.6245089085532,-9.35299485702468));
#2945=CARTESIAN_POINT('Ctrl Pts',(-19.2532387143751,-60.5069607103911,-9.32487879433241));
#2946=CARTESIAN_POINT('Ctrl Pts',(-19.2925840385626,-60.4206328969417,-9.3042302582172));
#2947=CARTESIAN_POINT('Ctrl Pts',(-19.3364599783171,-60.3360032734704,-9.28459670098155));
#2948=CARTESIAN_POINT('Ctrl Pts',(-19.3848092547195,-60.2534327692445,-9.26597786322344));
#2949=CARTESIAN_POINT('Ctrl Pts',(-19.4666492821528,-60.1136670305646,-9.23446206182414));
#2950=CARTESIAN_POINT('Ctrl Pts',(-19.5604765555078,-59.9812363424959,-9.2061779700508));
#2951=CARTESIAN_POINT('Ctrl Pts',(-19.665265758395,-59.8576490551345,-9.1809143342949));
#2952=CARTESIAN_POINT('Ctrl Pts',(-19.7836872288918,-59.7179840142639,-9.15236409425225));
#2953=CARTESIAN_POINT('Ctrl Pts',(-19.91610925532,-59.5896137785998,-9.12766832546902));
#2954=CARTESIAN_POINT('Ctrl Pts',(-20.0610029986277,-59.4747284769352,-9.10648703564587));
#2955=CARTESIAN_POINT('Ctrl Pts',(-20.0769444335764,-59.4620886173991,-9.10415663720258));
#2956=CARTESIAN_POINT('Ctrl Pts',(-20.0930367836648,-59.4496119921777,-9.10186878157834));
#2957=CARTESIAN_POINT('Ctrl Pts',(-20.1092779745916,-59.4373015177325,-9.09962302432251));
#2958=CARTESIAN_POINT('Ctrl Pts',(-20.221087344811,-59.3525524127548,-9.08416253835379));
#2959=CARTESIAN_POINT('Ctrl Pts',(-20.3390405967305,-59.2763822409563,-9.07082178539358));
#2960=CARTESIAN_POINT('Ctrl Pts',(-20.4621059919053,-59.2094131564133,-9.05939220175959));
#2961=CARTESIAN_POINT('Ctrl Pts',(-20.577315933347,-59.14671881169,-9.0486921860541));
#2962=CARTESIAN_POINT('Ctrl Pts',(-20.6970059658267,-59.0920885157974,-9.03966684759778));
#2963=CARTESIAN_POINT('Ctrl Pts',(-20.8203188605136,-59.0460206413352,-9.03218818665968));
#2964=CARTESIAN_POINT('Ctrl Pts',(-20.8652374735657,-59.0292397115521,-9.02946396971806));
#2965=CARTESIAN_POINT('Ctrl Pts',(-20.9106367108962,-59.0135947933876,-9.02694543543957));
#2966=CARTESIAN_POINT('Ctrl Pts',(-20.9564748436628,-58.9991094967546,-9.02462807083831));
#2967=CARTESIAN_POINT('Ctrl Pts',(-21.0721599198256,-58.9625518853713,-9.01877956689164));
#2968=CARTESIAN_POINT('Ctrl Pts',(-21.1899977951437,-58.9335867565335,-9.01424163865546));
#2969=CARTESIAN_POINT('Ctrl Pts',(-21.3092196276505,-58.9123597032805,-9.01093498610031));
#2970=CARTESIAN_POINT('Ctrl Pts',(-21.4267411706591,-58.8914353809532,-9.00767549157398));
#2971=CARTESIAN_POINT('Ctrl Pts',(-21.5456073942325,-58.878030011706,-9.0056123388014));
#2972=CARTESIAN_POINT('Ctrl Pts',(-21.6650792639627,-58.872269031578,-9.0047183135868));
#2973=CARTESIAN_POINT('Ctrl Pts',(-21.6958208474997,-58.870786660437,-9.00448826988797));
#2974=CARTESIAN_POINT('Ctrl Pts',(-21.7266025205022,-58.86981034762,-9.00433589081015));
#2975=CARTESIAN_POINT('Ctrl Pts',(-21.7574116737429,-58.8693420751505,-9.00426125318572));
#2976=CARTESIAN_POINT('Ctrl Pts',(-21.8767009258136,-58.8675289817423,-9.00397226548374));
#2977=CARTESIAN_POINT('Ctrl Pts',(-21.9958294917133,-58.8733420126848,-9.00484620409099));
#2978=CARTESIAN_POINT('Ctrl Pts',(-22.1140615709353,-58.8866841218211,-9.00688837681341));
#2979=CARTESIAN_POINT('Ctrl Pts',(-22.2336592998084,-58.9001803401197,-9.00895413782494));
#2980=CARTESIAN_POINT('Ctrl Pts',(-22.3523396320996,-58.9213805431226,-9.01221532384899));
#2981=CARTESIAN_POINT('Ctrl Pts',(-22.4693427262626,-58.9501698910769,-9.01672868961962));
#2982=CARTESIAN_POINT('Ctrl Pts',(-22.4980165686221,-58.9572252705161,-9.01783477608292));
#2983=CARTESIAN_POINT('Ctrl Pts',(-22.5265896894278,-58.9647363795909,-9.0190163036411));
#2984=CARTESIAN_POINT('Ctrl Pts',(-22.5550509295883,-58.972701401681,-9.02027456421337));
#2985=CARTESIAN_POINT('Ctrl Pts',(-22.6795109901152,-59.0075321794627,-9.02577689601969));
#2986=CARTESIAN_POINT('Ctrl Pts',(-22.8011131196914,-59.050841318012,-9.03271050058076));
#2987=CARTESIAN_POINT('Ctrl Pts',(-22.9190280671608,-59.102199021686,-9.0411714012873));
#2988=CARTESIAN_POINT('Ctrl Pts',(-23.0435078281466,-59.1564160214414,-9.0501033553803));
#2989=CARTESIAN_POINT('Ctrl Pts',(-23.1638781931697,-59.2196026114683,-9.06073766369612));
#2990=CARTESIAN_POINT('Ctrl Pts',(-23.2791736108047,-59.2912387193365,-9.0732429197426));
#2991=CARTESIAN_POINT('Ctrl Pts',(-23.3191775196714,-59.3160942113371,-9.07758185301072));
#2992=CARTESIAN_POINT('Ctrl Pts',(-23.3585705703809,-59.3419668051664,-9.08214647428515));
#2993=CARTESIAN_POINT('Ctrl Pts',(-23.3973127718741,-59.3688344460329,-9.08694516902359));
#2994=CARTESIAN_POINT('Ctrl Pts',(-23.5483874419612,-59.4736044338881,-9.10565761169638));
#2995=CARTESIAN_POINT('Ctrl Pts',(-23.6879867106666,-59.5923939024438,-9.12772887991791));
#2996=CARTESIAN_POINT('Ctrl Pts',(-23.8144957423873,-59.7231437380577,-9.1535075638083));
#2997=CARTESIAN_POINT('Ctrl Pts',(-23.9333511849131,-59.8459834227878,-9.17772667954932));
#2998=CARTESIAN_POINT('Ctrl Pts',(-24.0406527105,-59.9793792053086,-9.20522162902754));
#2999=CARTESIAN_POINT('Ctrl Pts',(-24.1351027391223,-60.1216299766984,-9.23627663529019));
#3000=CARTESIAN_POINT('Ctrl Pts',(-24.1411847636652,-60.1307900870283,-9.23827639445411));
#3001=CARTESIAN_POINT('Ctrl Pts',(-24.1472135121619,-60.1399869201863,-9.24029090443627));
#3002=CARTESIAN_POINT('Ctrl Pts',(-24.1531886438893,-60.1492200240813,-9.24232023573938));
#3003=CARTESIAN_POINT('Ctrl Pts',(-24.2259577630867,-60.2616668902845,-9.26703477898689));
#3004=CARTESIAN_POINT('Ctrl Pts',(-24.2901458342163,-60.3785048119873,-9.29373436773637));
#3005=CARTESIAN_POINT('Ctrl Pts',(-24.3455596249318,-60.4987584007007,-9.32243338960463));
#3006=CARTESIAN_POINT('Ctrl Pts',(-24.3985191732295,-60.6136860325627,-9.34986134959624));
#3007=CARTESIAN_POINT('Ctrl Pts',(-24.4434646729034,-60.7317334679762,-9.37911577398642));
#3008=CARTESIAN_POINT('Ctrl Pts',(-24.4802357994004,-60.8520618380774,-9.41016491717791));
#3009=CARTESIAN_POINT('Ctrl Pts',(-24.5126711879769,-60.9582021120593,-9.43755300996499));
#3010=CARTESIAN_POINT('Ctrl Pts',(-24.5387464601519,-61.066117287533,-9.4663370884275));
#3011=CARTESIAN_POINT('Ctrl Pts',(-24.5583552549646,-61.175240336363,-9.49646292592589));
#3012=CARTESIAN_POINT('',(-24.6013113805619,-61.668657938047,-9.));
#3013=CARTESIAN_POINT('',(-24.6013113805619,-61.668657938047,-15.));
#3014=CARTESIAN_POINT('Origin',(-21.8013113805619,-61.668657938047,-9.));
#3015=CARTESIAN_POINT('Origin',(-21.8013113805619,-61.668657938047,-9.));
#3016=CARTESIAN_POINT('',(-23.4013113805619,-61.668657938047,-9.));
#3017=CARTESIAN_POINT('Origin',(-21.8013113805619,-61.668657938047,-9.));
#3018=CARTESIAN_POINT('Origin',(-21.8013113805619,-61.668657938047,0.));
#3019=CARTESIAN_POINT('',(-23.4013113805619,-61.668657938047,-0.871130397995692));
#3020=CARTESIAN_POINT('',(-23.4013113805619,-61.668657938047,0.));
#3021=CARTESIAN_POINT('Origin',(-21.8013113805619,-61.668657938047,-0.871130397995692));
#3022=CARTESIAN_POINT('Origin',(-21.8013113805619,-61.668657938047,0.));
#3023=CARTESIAN_POINT('',(-23.4013113805619,-61.668657938047,11.3316283530142));
#3024=CARTESIAN_POINT('Origin',(-21.8013113805619,-61.668657938047,11.3316283530142));
#3025=CARTESIAN_POINT('',(-23.4013113805619,-61.668657938047,0.));
#3026=CARTESIAN_POINT('Ctrl Pts',(-52.338448089283,-75.668657938047,-2.49848194243328));
#3027=CARTESIAN_POINT('Ctrl Pts',(-51.7663170919794,-75.668657938047,-4.759039679652));
#3028=CARTESIAN_POINT('Ctrl Pts',(-50.5157436412709,-75.668657938047,-8.10352969113772));
#3029=CARTESIAN_POINT('Ctrl Pts',(-47.4989529600142,-75.668657938047,-13.2598042660451));
#3030=CARTESIAN_POINT('Ctrl Pts',(-43.7096363795782,-75.668657938047,-17.7582650917901));
#3031=CARTESIAN_POINT('Ctrl Pts',(-40.0402976777413,-75.668657938047,-20.5576648551602));
#3032=CARTESIAN_POINT('Ctrl Pts',(-38.0442821920539,-75.668657938047,-21.7589321737784));
#3033=CARTESIAN_POINT('Ctrl Pts',(-51.0765776128184,-74.6248582806909,-2.72752840864337));
#3034=CARTESIAN_POINT('Ctrl Pts',(-50.6455029951169,-74.6139360271762,-4.7608628204149));
#3035=CARTESIAN_POINT('Ctrl Pts',(-49.5954187258545,-74.6297193691366,-7.81071752794241));
#3036=CARTESIAN_POINT('Ctrl Pts',(-46.8375916106112,-74.6227697442616,-12.4525482274901));
#3037=CARTESIAN_POINT('Ctrl Pts',(-43.2796018800714,-74.6063614607984,-16.360314161586));
#3038=CARTESIAN_POINT('Ctrl Pts',(-39.9566085444201,-74.7424295731482,-18.6209762565682));
#3039=CARTESIAN_POINT('Ctrl Pts',(-38.226671271243,-74.8797866061748,-19.5956901657526));
#3040=CARTESIAN_POINT('Ctrl Pts',(-48.8203576774561,-72.2298504989284,-3.2530776029666));
#3041=CARTESIAN_POINT('Ctrl Pts',(-48.6397973043327,-72.2622134229284,-4.84529172133837));
#3042=CARTESIAN_POINT('Ctrl Pts',(-47.95091286581,-72.3589331702585,-7.31664058018474));
#3043=CARTESIAN_POINT('Ctrl Pts',(-45.7033065781257,-72.3161786976426,-10.9708848778414));
#3044=CARTESIAN_POINT('Ctrl Pts',(-42.6375610525335,-72.13763277382,-13.7820017650469));
#3045=CARTESIAN_POINT('Ctrl Pts',(-39.9906933701141,-72.3049767940403,-15.0358102430194));
#3046=CARTESIAN_POINT('Ctrl Pts',(-38.762158291018,-72.5636920221764,-15.5568541275707));
#3047=CARTESIAN_POINT('Ctrl Pts',(-46.0424082753446,-67.2202071510522,-4.35237007515461));
#3048=CARTESIAN_POINT('Ctrl Pts',(-46.1273164639574,-67.509633991487,-5.27445920551579));
#3049=CARTESIAN_POINT('Ctrl Pts',(-45.8802665075925,-67.8806468142677,-6.80859334905709));
#3050=CARTESIAN_POINT('Ctrl Pts',(-44.469822468097,-67.7150796083043,-8.95848658072832));
#3051=CARTESIAN_POINT('Ctrl Pts',(-42.3633085251817,-66.9022935278209,-10.2995007363859));
#3052=CARTESIAN_POINT('Ctrl Pts',(-40.7609264904321,-66.4219199126623,-10.3631711488436));
#3053=CARTESIAN_POINT('Ctrl Pts',(-40.1840348660353,-66.4137751933886,-10.3070516989054));
#3054=CARTESIAN_POINT('Ctrl Pts',(-45.2636219818009,-63.1836993641512,-5.23812227664611));
#3055=CARTESIAN_POINT('Ctrl Pts',(-45.3433693946809,-63.7614557143412,-5.81932963404813));
#3056=CARTESIAN_POINT('Ctrl Pts',(-45.2058835547813,-64.4031018125577,-6.78625821900831));
#3057=CARTESIAN_POINT('Ctrl Pts',(-44.3172838600581,-64.1155895064629,-8.12561905178365));
#3058=CARTESIAN_POINT('Ctrl Pts',(-42.9619929735461,-62.6511039502734,-8.93175939465368));
#3059=CARTESIAN_POINT('Ctrl Pts',(-41.8920373737759,-61.2911478074056,-8.88834242443474));
#3060=CARTESIAN_POINT('Ctrl Pts',(-41.4831607412889,-60.7947810955073,-8.76975102249069));
#3061=CARTESIAN_POINT('Ctrl Pts',(-45.2636219818009,-60.7609861394719,-5.76975102249076));
#3062=CARTESIAN_POINT('Ctrl Pts',(-45.2636219818009,-61.5122128623339,-6.21628858901202));
#3063=CARTESIAN_POINT('Ctrl Pts',(-45.1103770863326,-62.3164057539317,-6.89567573445543));
#3064=CARTESIAN_POINT('Ctrl Pts',(-44.4939649315221,-61.9558909865246,-7.86646409164048));
#3065=CARTESIAN_POINT('Ctrl Pts',(-43.5894322987951,-60.0998386241451,-8.57197440821765));
#3066=CARTESIAN_POINT('Ctrl Pts',(-42.7103963246973,-58.2110524270299,-8.76975102249074));
#3067=CARTESIAN_POINT('Ctrl Pts',(-42.2636219818008,-57.4191212094282,-8.76975102249072));
#3068=CARTESIAN_POINT('',(-42.2636219818008,-57.4191212094282,-8.76975102249072));
#3069=CARTESIAN_POINT('Origin',(-42.2636219818,-57.4191212094283,-28.7697510224907));
#3070=CARTESIAN_POINT('',(-45.2636219818009,-60.7609861394719,-5.76975102249076));
#3071=CARTESIAN_POINT('Origin',(-65.2636219818009,-60.7609861394719,-5.76975102249122));
#3072=CARTESIAN_POINT('Ctrl Pts',(-45.2636219818009,-60.7609861394719,-5.76975102249076));
#3073=CARTESIAN_POINT('Ctrl Pts',(-45.2636219818009,-61.5122128623339,-6.21628858901202));
#3074=CARTESIAN_POINT('Ctrl Pts',(-45.1103770863326,-62.3164057539317,-6.89567573445543));
#3075=CARTESIAN_POINT('Ctrl Pts',(-44.4939649315221,-61.9558909865246,-7.86646409164048));
#3076=CARTESIAN_POINT('Ctrl Pts',(-43.5894322987951,-60.0998386241451,-8.57197440821765));
#3077=CARTESIAN_POINT('Ctrl Pts',(-42.7103963246973,-58.2110524270299,-8.76975102249074));
#3078=CARTESIAN_POINT('Ctrl Pts',(-42.2636219818008,-57.4191212094282,-8.76975102249072));
#3079=CARTESIAN_POINT('Ctrl Pts',(-38.0442821920539,-75.668657938047,-21.7589321737783));
#3080=CARTESIAN_POINT('Ctrl Pts',(-36.9327027007625,-75.668657938047,-22.4279170210951));
#3081=CARTESIAN_POINT('Ctrl Pts',(-33.1868247889078,-75.668657938047,-24.4259053103973));
#3082=CARTESIAN_POINT('Ctrl Pts',(-26.4076443659876,-75.668657938047,-26.3157948526725));
#3083=CARTESIAN_POINT('Ctrl Pts',(-19.0477948685426,-75.668657938047,-26.3056325360841));
#3084=CARTESIAN_POINT('Ctrl Pts',(-14.6756793451367,-75.668657938047,-25.5359372872696));
#3085=CARTESIAN_POINT('Ctrl Pts',(-9.89947098336992,-75.668657938047,-24.0838468870244));
#3086=CARTESIAN_POINT('Ctrl Pts',(-7.22573266113319,-75.668657938047,-22.7624231997151));
#3087=CARTESIAN_POINT('Ctrl Pts',(-5.5583405690694,-75.668657938047,-21.758932173778));
#3088=CARTESIAN_POINT('Ctrl Pts',(-38.2266712712429,-74.8797866061748,-19.5956901657526));
#3089=CARTESIAN_POINT('Ctrl Pts',(-37.066231609726,-74.9234451074187,-20.1720997172805));
#3090=CARTESIAN_POINT('Ctrl Pts',(-33.2130773503676,-75.0940248315835,-21.9041040323841));
#3091=CARTESIAN_POINT('Ctrl Pts',(-26.4127547130894,-75.3311390690595,-23.5789906180293));
#3092=CARTESIAN_POINT('Ctrl Pts',(-19.0448473271874,-75.328928950432,-23.5700413376081));
#3093=CARTESIAN_POINT('Ctrl Pts',(-14.6615278845486,-75.2337472175787,-22.8878017144408));
#3094=CARTESIAN_POINT('Ctrl Pts',(-9.84837953443988,-75.0706457618692,-21.6104213346147));
#3095=CARTESIAN_POINT('Ctrl Pts',(-7.11663484189384,-74.9452752557007,-20.4603163445703));
#3096=CARTESIAN_POINT('Ctrl Pts',(-5.37595148988039,-74.8797866061748,-19.5956901657524));
#3097=CARTESIAN_POINT('Ctrl Pts',(-38.7619641521809,-72.5645317136946,-15.5526587014192));
#3098=CARTESIAN_POINT('Ctrl Pts',(-37.4817356433271,-72.6334043169217,-15.9335700961759));
#3099=CARTESIAN_POINT('Ctrl Pts',(-33.3420507741571,-72.9638249893043,-17.0897657974449));
#3100=CARTESIAN_POINT('Ctrl Pts',(-26.439491566227,-73.5066124050981,-18.2470964075198));
#3101=CARTESIAN_POINT('Ctrl Pts',(-19.0285616417956,-73.5012147663985,-18.2412006364802));
#3102=CARTESIAN_POINT('Ctrl Pts',(-14.5938814714065,-73.2839610086366,-17.7693709433829));
#3103=CARTESIAN_POINT('Ctrl Pts',(-9.65580028526585,-72.9256212849264,-16.8970425065472));
#3104=CARTESIAN_POINT('Ctrl Pts',(-6.76102769493329,-72.6678420346212,-16.1240336254531));
#3105=CARTESIAN_POINT('Ctrl Pts',(-4.84065860894234,-72.5645317136946,-15.552658701419));
#3106=CARTESIAN_POINT('Ctrl Pts',(-39.7779152355754,-68.170328465133,-11.8097910858358));
#3107=CARTESIAN_POINT('Ctrl Pts',(-38.3060734318425,-68.1329669295833,-11.9851818185576));
#3108=CARTESIAN_POINT('Ctrl Pts',(-33.6669127553667,-68.2449703001984,-12.5205876561207));
#3109=CARTESIAN_POINT('Ctrl Pts',(-26.5089046703304,-68.7407001917409,-13.0658555539992));
#3110=CARTESIAN_POINT('Ctrl Pts',(-18.985486260383,-68.7328375005036,-13.0632379875466));
#3111=CARTESIAN_POINT('Ctrl Pts',(-14.4246735621726,-68.5389213279685,-12.8407254340248));
#3112=CARTESIAN_POINT('Ctrl Pts',(-9.2250183415799,-68.2566373738004,-12.432264578803));
#3113=CARTESIAN_POINT('Ctrl Pts',(-6.03250049360804,-68.11428539362,-12.072880791118));
#3114=CARTESIAN_POINT('Ctrl Pts',(-3.82470752554777,-68.170328465133,-11.8097910858357));
#3115=CARTESIAN_POINT('Ctrl Pts',(-40.9631930295972,-63.0437513906379,-9.37774083514489));
#3116=CARTESIAN_POINT('Ctrl Pts',(-39.2800998331098,-62.828915982299,-9.41403484466503));
#3117=CARTESIAN_POINT('Ctrl Pts',(-34.0740777207765,-62.5041981666741,-9.52524418213296));
#3118=CARTESIAN_POINT('Ctrl Pts',(-26.5966418404919,-62.7154320740984,-9.6409172289111));
#3119=CARTESIAN_POINT('Ctrl Pts',(-18.930893302794,-62.7062690618131,-9.64031025970103));
#3120=CARTESIAN_POINT('Ctrl Pts',(-14.2128537701141,-62.6326688503431,-9.59316474529613));
#3121=CARTESIAN_POINT('Ctrl Pts',(-8.69941933214621,-62.6009646305438,-9.50699457637696));
#3122=CARTESIAN_POINT('Ctrl Pts',(-5.16410413224671,-62.7214938609101,-9.43218259566429));
#3123=CARTESIAN_POINT('Ctrl Pts',(-2.63942973152584,-63.043751390638,-9.37774083514488));
#3124=CARTESIAN_POINT('Ctrl Pts',(-41.7433144881255,-59.669561133481,-8.76975102249072));
#3125=CARTESIAN_POINT('Ctrl Pts',(-39.9255800748622,-59.3192595024117,-8.76941486895788));
#3126=CARTESIAN_POINT('Ctrl Pts',(-34.3520944397073,-58.6420687519183,-8.76962119543458));
#3127=CARTESIAN_POINT('Ctrl Pts',(-26.6567950633505,-58.584450121521,-8.76877631877849));
#3128=CARTESIAN_POINT('Ctrl Pts',(-18.8933808829727,-58.5745602433851,-8.76915439508334));
#3129=CARTESIAN_POINT('Ctrl Pts',(-14.0682465285851,-58.6137592450427,-8.76904712266298));
#3130=CARTESIAN_POINT('Ctrl Pts',(-8.34537969585782,-58.8038588219118,-8.77008345172902));
#3131=CARTESIAN_POINT('Ctrl Pts',(-4.58594726723311,-59.144101484344,-8.76924678527984));
#3132=CARTESIAN_POINT('Ctrl Pts',(-1.85930827299748,-59.6695611334811,-8.76975102249073));
#3133=CARTESIAN_POINT('Ctrl Pts',(-42.2636219818,-57.4191212094283,-8.76975102249072));
#3134=CARTESIAN_POINT('Ctrl Pts',(-40.3560917700221,-56.9780953224491,-8.76975102249072));
#3135=CARTESIAN_POINT('Ctrl Pts',(-34.5375999539243,-56.0655967765443,-8.76975102249072));
#3136=CARTESIAN_POINT('Ctrl Pts',(-26.6969478615599,-55.8272265984163,-8.76975102249072));
#3137=CARTESIAN_POINT('Ctrl Pts',(-18.8683680326056,-55.817167816296,-8.76975102249072));
#3138=CARTESIAN_POINT('Ctrl Pts',(-13.9717927057007,-55.9318148721184,-8.76975102249072));
#3139=CARTESIAN_POINT('Ctrl Pts',(-8.10911831056136,-56.2711725022525,-8.76975102249072));
#3140=CARTESIAN_POINT('Ctrl Pts',(-4.20033531761711,-56.7575733110499,-8.76975102249073));
#3141=CARTESIAN_POINT('Ctrl Pts',(-1.33900077932291,-57.4191212094285,-8.76975102249073));
#3142=CARTESIAN_POINT('',(-1.33900077932293,-57.4191212094285,-8.76975102249072));
#3143=CARTESIAN_POINT('Ctrl Pts',(-42.2636219818,-57.4191212094283,-8.76975102249072));
#3144=CARTESIAN_POINT('Ctrl Pts',(-40.3560917700221,-56.9780953224491,-8.76975102249072));
#3145=CARTESIAN_POINT('Ctrl Pts',(-34.5375999539243,-56.0655967765443,-8.76975102249072));
#3146=CARTESIAN_POINT('Ctrl Pts',(-26.6969478615599,-55.8272265984163,-8.76975102249072));
#3147=CARTESIAN_POINT('Ctrl Pts',(-18.8683680326056,-55.817167816296,-8.76975102249072));
#3148=CARTESIAN_POINT('Ctrl Pts',(-13.9717927057007,-55.9318148721184,-8.76975102249072));
#3149=CARTESIAN_POINT('Ctrl Pts',(-8.10911831056136,-56.2711725022525,-8.76975102249072));
#3150=CARTESIAN_POINT('Ctrl Pts',(-4.20033531761711,-56.7575733110499,-8.76975102249073));
#3151=CARTESIAN_POINT('Ctrl Pts',(-1.33900077932291,-57.4191212094285,-8.76975102249073));
#3152=CARTESIAN_POINT('',(-5.5583405690694,-75.668657938047,-21.758932173778));
#3153=CARTESIAN_POINT('Origin',(-1.33900077932295,-57.4191212094285,-28.7697510224907));
#3154=CARTESIAN_POINT('Origin',(-21.8013113805619,-75.668657938047,5.23024897750928));
#3155=CARTESIAN_POINT('Ctrl Pts',(-52.3384480892831,-75.668657938047,12.9589798974515));
#3156=CARTESIAN_POINT('Ctrl Pts',(-52.8561919646475,-75.668657938047,10.9133121589992));
#3157=CARTESIAN_POINT('Ctrl Pts',(-53.6602094013289,-75.668657938047,5.65637707561221));
#3158=CARTESIAN_POINT('Ctrl Pts',(-53.0267955296587,-75.668657938047,0.221260808036829));
#3159=CARTESIAN_POINT('Ctrl Pts',(-52.338448089283,-75.668657938047,-2.49848194243338));
#3160=CARTESIAN_POINT('Ctrl Pts',(-49.8147071363538,-73.5810586233348,13.4170728298717));
#3161=CARTESIAN_POINT('Ctrl Pts',(-50.1606247142126,-73.5486790590599,11.2105654741107));
#3162=CARTESIAN_POINT('Ctrl Pts',(-50.7061366126546,-73.5591423017985,5.66829833206761));
#3163=CARTESIAN_POINT('Ctrl Pts',(-50.2746092049826,-73.538009557475,-0.0229936916108897));
#3164=CARTESIAN_POINT('Ctrl Pts',(-49.8147071363538,-73.5810586233348,-2.95657487485363));
#3165=CARTESIAN_POINT('Ctrl Pts',(-46.3506147847643,-68.8379252803332,14.4578836055043));
#3166=CARTESIAN_POINT('Ctrl Pts',(-46.436641826779,-68.6100382467148,11.9116216408241));
#3167=CARTESIAN_POINT('Ctrl Pts',(-46.5736380674237,-68.4179874446129,5.70363675018149));
#3168=CARTESIAN_POINT('Ctrl Pts',(-46.46498889326,-68.5349464065114,-0.612096148645179));
#3169=CARTESIAN_POINT('Ctrl Pts',(-46.3506147847643,-68.8379252803333,-3.9973856504863));
#3170=CARTESIAN_POINT('Ctrl Pts',(-45.2636219818009,-63.1836993641511,15.6986202316645));
#3171=CARTESIAN_POINT('Ctrl Pts',(-45.2634781429809,-62.6392820739254,12.7660958917782));
#3172=CARTESIAN_POINT('Ctrl Pts',(-45.263396859307,-62.0418331103147,5.75214588290623));
#3173=CARTESIAN_POINT('Ctrl Pts',(-45.2634307461566,-62.4598892602471,-1.33929175590007));
#3174=CARTESIAN_POINT('Ctrl Pts',(-45.2636219818009,-63.1836993641512,-5.23812227664653));
#3175=CARTESIAN_POINT('Ctrl Pts',(-45.2636219818009,-60.7609861394718,16.2302489775092));
#3176=CARTESIAN_POINT('Ctrl Pts',(-45.2636219818009,-60.081171487574,13.1322299927253));
#3177=CARTESIAN_POINT('Ctrl Pts',(-45.2636219818009,-59.3102601188912,5.77294989029191));
#3178=CARTESIAN_POINT('Ctrl Pts',(-45.2636219818009,-59.8571634235886,-1.65089314723286));
#3179=CARTESIAN_POINT('Ctrl Pts',(-45.2636219818009,-60.7609861394719,-5.76975102249122));
#3180=CARTESIAN_POINT('',(-46.7652430120959,-67.768657938047,-1.88779706466236));
#3181=CARTESIAN_POINT('',(-45.2636219818009,-59.936681935902,-0.582467730970705));
#3182=CARTESIAN_POINT('Ctrl Pts',(-46.7652430120959,-67.768657938047,-1.88779706466237));
#3183=CARTESIAN_POINT('Ctrl Pts',(-46.7367844106535,-67.6967408609059,-1.87581088513885));
#3184=CARTESIAN_POINT('Ctrl Pts',(-46.7087089451466,-67.6246641121834,-1.86379809427503));
#3185=CARTESIAN_POINT('Ctrl Pts',(-45.7481725715681,-65.1190141436158,-1.44618976618042));
#3186=CARTESIAN_POINT('Ctrl Pts',(-45.2636219818009,-62.5376725205091,-1.01596616173938));
#3187=CARTESIAN_POINT('Ctrl Pts',(-45.2636219818009,-59.9366819359054,-0.582467730972093));
#3188=CARTESIAN_POINT('Ctrl Pts',(-45.2636219818009,-59.9291954094786,-0.583248979530685));
#3189=CARTESIAN_POINT('Ctrl Pts',(-45.2636219818009,-60.1121155403817,-2.32646485832436));
#3190=CARTESIAN_POINT('Ctrl Pts',(-45.2636219818009,-60.385532097129,-4.0587497255274));
#3191=CARTESIAN_POINT('Ctrl Pts',(-45.2636219818009,-60.7609861394719,-5.76975102249122));
#3192=CARTESIAN_POINT('',(-45.2636219818009,-60.7609861394717,16.2302489775092));
#3193=CARTESIAN_POINT('Origin',(-65.2636219818009,-60.7609861394718,16.2302489775092));
#3194=CARTESIAN_POINT('',(-45.2636219818009,-59.9366819359014,11.0429656859889));
#3195=CARTESIAN_POINT('Ctrl Pts',(-45.2636219818009,-60.7609861394718,16.2302489775092));
#3196=CARTESIAN_POINT('Ctrl Pts',(-45.2636219818009,-60.3847867436694,14.5158509912252));
#3197=CARTESIAN_POINT('Ctrl Pts',(-45.2636219818009,-60.1155933055856,12.7843166322965));
#3198=CARTESIAN_POINT('Ctrl Pts',(-45.2636219818009,-59.9352091580811,11.043119303529));
#3199=CARTESIAN_POINT('',(-46.7652430120959,-67.768657938047,12.3482950196809));
#3200=CARTESIAN_POINT('Ctrl Pts',(-45.2636219818009,-59.935278353357,11.0437871835055));
#3201=CARTESIAN_POINT('Ctrl Pts',(-45.2635983591519,-60.3455181078724,11.1119748138456));
#3202=CARTESIAN_POINT('Ctrl Pts',(-45.275768494956,-60.7554643405051,11.1801095738617));
#3203=CARTESIAN_POINT('Ctrl Pts',(-45.2999035875809,-61.1646216355185,11.2481133859781));
#3204=CARTESIAN_POINT('Ctrl Pts',(-45.3243976651064,-61.5798647282176,11.3171286854794));
#3205=CARTESIAN_POINT('Ctrl Pts',(-45.3612156492935,-61.9942959192492,11.3860090278868));
#3206=CARTESIAN_POINT('Ctrl Pts',(-45.4101712480413,-62.4073834546552,11.4546705797532));
#3207=CARTESIAN_POINT('Ctrl Pts',(-45.4599142555096,-62.8271151479511,11.5244364936554));
#3208=CARTESIAN_POINT('Ctrl Pts',(-45.5221889007363,-63.2454602977029,11.5939764075376));
#3209=CARTESIAN_POINT('Ctrl Pts',(-45.5968478092885,-63.6618363884134,11.6632016199138));
#3210=CARTESIAN_POINT('Ctrl Pts',(-45.6556156716746,-63.9895873999708,11.7176923408936));
#3211=CARTESIAN_POINT('Ctrl Pts',(-45.7220579710496,-64.3161179584299,11.7719880295837));
#3212=CARTESIAN_POINT('Ctrl Pts',(-45.7961203379528,-64.6411295154969,11.8260458763045));
#3213=CARTESIAN_POINT('Ctrl Pts',(-45.8857580490306,-65.0344911277091,11.8914721089304));
#3214=CARTESIAN_POINT('Ctrl Pts',(-45.986438607422,-65.4251144396961,11.956467379468));
#3215=CARTESIAN_POINT('Ctrl Pts',(-46.0980312522309,-65.8125421379933,12.0209624692969));
#3216=CARTESIAN_POINT('Ctrl Pts',(-46.2107622942411,-66.2039221273056,12.0861154970202));
#3217=CARTESIAN_POINT('Ctrl Pts',(-46.3346297025636,-66.592041496913,12.1507579407762));
#3218=CARTESIAN_POINT('Ctrl Pts',(-46.4695395324404,-66.9763948516878,12.2148211756911));
#3219=CARTESIAN_POINT('Ctrl Pts',(-46.5480589506082,-67.2000939091642,12.2521068793056));
#3220=CARTESIAN_POINT('Ctrl Pts',(-46.6303196058927,-67.4225165872064,12.2891964428688));
#3221=CARTESIAN_POINT('Ctrl Pts',(-46.7163081638638,-67.6435570464494,12.3260770756809));
#3222=CARTESIAN_POINT('Ctrl Pts',(-46.7324644809428,-67.6850881504834,12.3330065464367));
#3223=CARTESIAN_POINT('Ctrl Pts',(-46.7487524111348,-67.7265704452334,12.3399286434226));
#3224=CARTESIAN_POINT('Ctrl Pts',(-46.7651714842246,-67.7680033931373,12.3468432552566));
#3225=CARTESIAN_POINT('Ctrl Pts',(-46.7652430120959,-67.768657938047,12.3482950196809));
#3226=CARTESIAN_POINT('Ctrl Pts',(-46.7933913301704,-67.768657938047,11.9004692837528));
#3227=CARTESIAN_POINT('Ctrl Pts',(-46.8193060999107,-67.768657938047,11.4472150782307));
#3228=CARTESIAN_POINT('Ctrl Pts',(-47.0632036348296,-67.768657938047,6.66369804689336));
#3229=CARTESIAN_POINT('Ctrl Pts',(-47.0400798469691,-67.768657938047,2.48472023855643));
#3230=CARTESIAN_POINT('Ctrl Pts',(-46.7652430120959,-67.768657938047,-1.88779706466237));
#3231=CARTESIAN_POINT('Ctrl Pts',(-5.5583405690694,-75.668657938047,-21.758932173778));
#3232=CARTESIAN_POINT('Ctrl Pts',(-4.56976652665286,-75.668657938047,-21.1639760235354));
#3233=CARTESIAN_POINT('Ctrl Pts',(-1.70280822003927,-75.668657938047,-19.2139242655516));
#3234=CARTESIAN_POINT('Ctrl Pts',(2.50386555539248,-75.668657938047,-15.2165625584833));
#3235=CARTESIAN_POINT('Ctrl Pts',(6.48921368854325,-75.668657938047,-9.23722867207196));
#3236=CARTESIAN_POINT('Ctrl Pts',(8.16523775262878,-75.668657938047,-4.75294143633433));
#3237=CARTESIAN_POINT('Ctrl Pts',(8.73582532815924,-75.668657938047,-2.49848194243323));
#3238=CARTESIAN_POINT('Ctrl Pts',(-5.37595148988039,-74.8797866061748,-19.5956901657524));
#3239=CARTESIAN_POINT('Ctrl Pts',(-4.51915899726964,-74.8117572755573,-19.1129399685161));
#3240=CARTESIAN_POINT('Ctrl Pts',(-1.98339934487666,-74.6542861703341,-17.5392308230984));
#3241=CARTESIAN_POINT('Ctrl Pts',(1.92646160802026,-74.6062192552439,-14.1938213546883));
#3242=CARTESIAN_POINT('Ctrl Pts',(5.63815132118417,-74.6381806318823,-8.84730967979048));
#3243=CARTESIAN_POINT('Ctrl Pts',(7.04404313192027,-74.6139654918337,-4.75537755110063));
#3244=CARTESIAN_POINT('Ctrl Pts',(7.47395485169461,-74.6248582806909,-2.72752840864332));
#3245=CARTESIAN_POINT('Ctrl Pts',(-4.84047871597302,-72.5637536385657,-15.5567306162883));
#3246=CARTESIAN_POINT('Ctrl Pts',(-4.23201756018479,-72.4356187815232,-15.2986712660875));
#3247=CARTESIAN_POINT('Ctrl Pts',(-2.32726709209496,-72.1699099000359,-14.4502768642232));
#3248=CARTESIAN_POINT('Ctrl Pts',(0.97122052874577,-72.2379197242257,-12.3060196006489));
#3249=CARTESIAN_POINT('Ctrl Pts',(4.11784684044471,-72.4001234550278,-8.16119979217927));
#3250=CARTESIAN_POINT('Ctrl Pts',(5.03762581570837,-72.2621386026875,-4.84099371039073));
#3251=CARTESIAN_POINT('Ctrl Pts',(5.2176990961684,-72.2298629832414,-3.25307486346789));
#3252=CARTESIAN_POINT('Ctrl Pts',(-3.41860561108254,-66.413851818809,-10.3067687189737));
#3253=CARTESIAN_POINT('Ctrl Pts',(-3.13288634224141,-66.4178856843349,-10.3345632084861));
#3254=CARTESIAN_POINT('Ctrl Pts',(-2.10737123375156,-66.5894696001568,-10.3689497009497));
#3255=CARTESIAN_POINT('Ctrl Pts',(0.0895684462855953,-67.4527304786464,
-9.70416750420069));
#3256=CARTESIAN_POINT('Ctrl Pts',(2.19757054232401,-68.0211127542143,-7.33764741306584));
#3257=CARTESIAN_POINT('Ctrl Pts',(2.52438815246878,-67.508868086397,-5.27196844769399));
#3258=CARTESIAN_POINT('Ctrl Pts',(2.43970901829913,-67.2202220246464,-4.35236681136333));
#3259=CARTESIAN_POINT('Ctrl Pts',(-2.11946201983476,-60.7947810955075,-8.76975102249073));
#3260=CARTESIAN_POINT('Ctrl Pts',(-1.91695616337943,-61.0406184902676,-8.82848622893392));
#3261=CARTESIAN_POINT('Ctrl Pts',(-1.21391999007891,-61.9059488264065,-8.94028742527786));
#3262=CARTESIAN_POINT('Ctrl Pts',(0.218813469196246,-63.6791752043609,-8.586140686176));
#3263=CARTESIAN_POINT('Ctrl Pts',(1.55887040089109,-64.6379682697619,-7.11944709673155));
#3264=CARTESIAN_POINT('Ctrl Pts',(1.74053150119413,-63.7598971172111,-5.81776172723272));
#3265=CARTESIAN_POINT('Ctrl Pts',(1.6609992206771,-63.1836993641512,-5.23812227664609));
#3266=CARTESIAN_POINT('Ctrl Pts',(-1.33900077932291,-57.4191212094285,-8.76975102249073));
#3267=CARTESIAN_POINT('Ctrl Pts',(-1.11772518232874,-57.8113439405215,-8.76975102249073));
#3268=CARTESIAN_POINT('Ctrl Pts',(-0.454416066748695,-59.0948349195834,
-8.69575266045992));
#3269=CARTESIAN_POINT('Ctrl Pts',(0.570754083646748,-61.4149967398895,-8.21465744518219));
#3270=CARTESIAN_POINT('Ctrl Pts',(1.45595993629039,-62.6079453104695,-7.12711093386399));
#3271=CARTESIAN_POINT('Ctrl Pts',(1.66099922067709,-61.5101862990362,-6.21508397712108));
#3272=CARTESIAN_POINT('Ctrl Pts',(1.66099922067709,-60.7609861394718,-5.76975102249074));
#3273=CARTESIAN_POINT('',(1.6609992206771,-60.7609861394719,-5.76975102249075));
#3274=CARTESIAN_POINT('',(8.73582532815924,-75.668657938047,-2.49848194243325));
#3275=CARTESIAN_POINT('Origin',(21.6609992206771,-60.7609861394719,-5.76975102249102));
#3276=CARTESIAN_POINT('Origin',(-21.8013113805619,-75.668657938047,5.23024897750928));
#3277=CARTESIAN_POINT('Ctrl Pts',(-1.33900077932291,-57.4191212094285,-8.76975102249073));
#3278=CARTESIAN_POINT('Ctrl Pts',(-1.11772518232874,-57.8113439405215,-8.76975102249073));
#3279=CARTESIAN_POINT('Ctrl Pts',(-0.454416066748695,-59.0948349195834,
-8.69575266045992));
#3280=CARTESIAN_POINT('Ctrl Pts',(0.570754083646748,-61.4149967398895,-8.21465744518219));
#3281=CARTESIAN_POINT('Ctrl Pts',(1.45595993629039,-62.6079453104695,-7.12711093386399));
#3282=CARTESIAN_POINT('Ctrl Pts',(1.66099922067709,-61.5101862990362,-6.21508397712108));
#3283=CARTESIAN_POINT('Ctrl Pts',(1.66099922067709,-60.7609861394718,-5.76975102249074));
#3284=CARTESIAN_POINT('Ctrl Pts',(-38.0442821920543,-75.668657938047,32.2194301287967));
#3285=CARTESIAN_POINT('Ctrl Pts',(-39.0335734058903,-75.668657938047,31.6240423613676));
#3286=CARTESIAN_POINT('Ctrl Pts',(-41.9111848655957,-75.668657938047,29.6643690067061));
#3287=CARTESIAN_POINT('Ctrl Pts',(-46.1038604430773,-75.668657938047,25.6785664240728));
#3288=CARTESIAN_POINT('Ctrl Pts',(-50.0947047999795,-75.668657938047,19.6945745933959));
#3289=CARTESIAN_POINT('Ctrl Pts',(-51.7697685412836,-75.668657938047,15.2059005472448));
#3290=CARTESIAN_POINT('Ctrl Pts',(-52.3384480892831,-75.668657938047,12.9589798974515));
#3291=CARTESIAN_POINT('Ctrl Pts',(-38.2266712712433,-74.8797866061748,30.056188120771));
#3292=CARTESIAN_POINT('Ctrl Pts',(-39.0840853329645,-74.8117079229651,29.5730877073351));
#3293=CARTESIAN_POINT('Ctrl Pts',(-41.6295764435753,-74.65393144746,27.9914096358396));
#3294=CARTESIAN_POINT('Ctrl Pts',(-45.5266193425009,-74.6062463316785,24.6556133529362));
#3295=CARTESIAN_POINT('Ctrl Pts',(-49.2433221760129,-74.6380579590108,19.3051661513335));
#3296=CARTESIAN_POINT('Ctrl Pts',(-50.648103504784,-74.6140019169889,15.209094440147));
#3297=CARTESIAN_POINT('Ctrl Pts',(-51.0765776128185,-74.6248582806909,13.1880263636616));
#3298=CARTESIAN_POINT('Ctrl Pts',(-38.7621616975044,-72.5636772884037,26.0173825100922));
#3299=CARTESIAN_POINT('Ctrl Pts',(-39.3710642678273,-72.4354494745838,25.759135948026));
#3300=CARTESIAN_POINT('Ctrl Pts',(-41.2837301004187,-72.1695611779763,24.9057354587682));
#3301=CARTESIAN_POINT('Ctrl Pts',(-44.5717406013622,-72.2379001776856,22.7673930672876));
#3302=CARTESIAN_POINT('Ctrl Pts',(-47.7224129688473,-72.3999775784845,18.6199622462638));
#3303=CARTESIAN_POINT('Ctrl Pts',(-48.6408953425437,-72.2620152089216,15.2961851065728));
#3304=CARTESIAN_POINT('Ctrl Pts',(-48.8203664634205,-72.2298475181673,13.7135762120691));
#3305=CARTESIAN_POINT('Ctrl Pts',(-40.1840391053061,-66.4137568576461,20.7676165548312));
#3306=CARTESIAN_POINT('Ctrl Pts',(-40.4699656521913,-66.4177936495821,20.7954312081479));
#3307=CARTESIAN_POINT('Ctrl Pts',(-41.5004894311988,-66.5910565771009,20.828325680051));
#3308=CARTESIAN_POINT('Ctrl Pts',(-43.6907753492946,-67.4521041352342,20.1648872150005));
#3309=CARTESIAN_POINT('Ctrl Pts',(-45.8012773160148,-68.0213198067757,17.7974695533438));
#3310=CARTESIAN_POINT('Ctrl Pts',(-46.1268223489181,-67.5078844259253,15.7293953284417));
#3311=CARTESIAN_POINT('Ctrl Pts',(-46.0424263792025,-67.2202035878429,14.8128688120669));
#3312=CARTESIAN_POINT('Ctrl Pts',(-41.483160741289,-60.7947810955074,19.2302489775093));
#3313=CARTESIAN_POINT('Ctrl Pts',(-41.6858135077447,-61.0407968355871,19.2890267940247));
#3314=CARTESIAN_POINT('Ctrl Pts',(-42.3920715522701,-61.9100116839958,19.4004558874957));
#3315=CARTESIAN_POINT('Ctrl Pts',(-43.8204441560151,-63.6777536542264,19.0469224265877));
#3316=CARTESIAN_POINT('Ctrl Pts',(-45.1622652047158,-64.6386210643892,17.5797353743059));
#3317=CARTESIAN_POINT('Ctrl Pts',(-45.3428883087863,-63.7579703294164,16.2763213855239));
#3318=CARTESIAN_POINT('Ctrl Pts',(-45.2636219818009,-63.1836993641511,15.6986202316646));
#3319=CARTESIAN_POINT('Ctrl Pts',(-42.2636219818009,-57.4191212094284,19.2302489775093));
#3320=CARTESIAN_POINT('Ctrl Pts',(-42.4850581055008,-57.8116284826203,19.2302489775093));
#3321=CARTESIAN_POINT('Ctrl Pts',(-43.1509059567006,-59.1004560309439,19.155215605405));
#3322=CARTESIAN_POINT('Ctrl Pts',(-44.1726742732924,-61.4131717280676,18.6752404995432));
#3323=CARTESIAN_POINT('Ctrl Pts',(-45.0592166195941,-62.6089436530846,17.5871740105223));
#3324=CARTESIAN_POINT('Ctrl Pts',(-45.2636219818009,-61.507680996446,16.6740927522573));
#3325=CARTESIAN_POINT('Ctrl Pts',(-45.2636219818009,-60.7609861394718,16.2302489775093));
#3326=CARTESIAN_POINT('Ctrl Pts',(-42.2636219818009,-57.4191212094284,19.2302489775093));
#3327=CARTESIAN_POINT('Ctrl Pts',(-42.4850581055008,-57.8116284826203,19.2302489775093));
#3328=CARTESIAN_POINT('Ctrl Pts',(-43.1509059567006,-59.1004560309439,19.155215605405));
#3329=CARTESIAN_POINT('Ctrl Pts',(-44.1726742732924,-61.4131717280676,18.6752404995432));
#3330=CARTESIAN_POINT('Ctrl Pts',(-45.0592166195941,-62.6089436530846,17.5871740105223));
#3331=CARTESIAN_POINT('Ctrl Pts',(-45.2636219818009,-61.507680996446,16.6740927522573));
#3332=CARTESIAN_POINT('Ctrl Pts',(-45.2636219818009,-60.7609861394718,16.2302489775093));
#3333=CARTESIAN_POINT('Ctrl Pts',(8.73582532815924,-75.668657938047,-2.49848194243323));
#3334=CARTESIAN_POINT('Ctrl Pts',(9.25209153576021,-75.668657938047,-0.458652645371738));
#3335=CARTESIAN_POINT('Ctrl Pts',(10.0575249758449,-75.668657938047,4.80731782262473));
#3336=CARTESIAN_POINT('Ctrl Pts',(9.42613005135892,-75.668657938047,10.2315036893407));
#3337=CARTESIAN_POINT('Ctrl Pts',(8.73582532816017,-75.668657938047,12.9589798974481));
#3338=CARTESIAN_POINT('Ctrl Pts',(6.21208437522998,-73.5810586233348,-2.95657487485347));
#3339=CARTESIAN_POINT('Ctrl Pts',(6.55701468645376,-73.5487714720089,-0.756365005058898));
#3340=CARTESIAN_POINT('Ctrl Pts',(7.10374983681533,-73.5590844939433,4.79574685046772));
#3341=CARTESIAN_POINT('Ctrl Pts',(6.67329415326091,-73.5378871495277,10.4751501496946));
#3342=CARTESIAN_POINT('Ctrl Pts',(6.2120843752306,-73.5810586233347,13.417072829868));
#3343=CARTESIAN_POINT('Ctrl Pts',(2.7477274132375,-68.8380787455034,-3.9973519748141));
#3344=CARTESIAN_POINT('Ctrl Pts',(2.83350892963074,-68.61084211325,-1.45835717330347));
#3345=CARTESIAN_POINT('Ctrl Pts',(2.97061153938176,-68.4189309647128,4.76107702134489));
#3346=CARTESIAN_POINT('Ctrl Pts',(2.86242673900715,-68.5342383658331,11.0629345201887));
#3347=CARTESIAN_POINT('Ctrl Pts',(2.74772741323766,-68.838078745503,14.457849929828));
#3348=CARTESIAN_POINT('Ctrl Pts',(1.66099922067709,-63.1836993641512,-5.23812227664632));
#3349=CARTESIAN_POINT('Ctrl Pts',(1.66085579238046,-62.6408358689926,-2.31396751270005));
#3350=CARTESIAN_POINT('Ctrl Pts',(1.66082997060622,-62.0429696198156,4.71330365891392));
#3351=CARTESIAN_POINT('Ctrl Pts',(1.6608074412634,-62.457831141046,11.7887035739395));
#3352=CARTESIAN_POINT('Ctrl Pts',(1.66099922067709,-63.1836993641502,15.6986202316596));
#3353=CARTESIAN_POINT('Ctrl Pts',(1.66099922067709,-60.7609861394718,-5.769751022491));
#3354=CARTESIAN_POINT('Ctrl Pts',(1.66099922067709,-60.0831117137051,-2.68057394391197));
#3355=CARTESIAN_POINT('Ctrl Pts',(1.6609992206771,-59.3115110713415,4.6928208839711));
#3356=CARTESIAN_POINT('Ctrl Pts',(1.66099922067709,-59.8545934471874,12.0996793280772));
#3357=CARTESIAN_POINT('Ctrl Pts',(1.66099922067709,-60.7609861394706,16.2302489775039));
#3358=CARTESIAN_POINT('',(3.16262025097211,-67.768657938047,-1.88779706466236));
#3359=CARTESIAN_POINT('',(1.6609992206771,-59.9366819359022,-0.582467730970811));
#3360=CARTESIAN_POINT('Ctrl Pts',(1.66099922067709,-59.9366819359054,-0.582467730972092));
#3361=CARTESIAN_POINT('Ctrl Pts',(1.66099922067709,-62.5380417085201,-1.01602769307455));
#3362=CARTESIAN_POINT('Ctrl Pts',(2.14568734252065,-65.119744352598,-1.44631146708752));
#3363=CARTESIAN_POINT('Ctrl Pts',(3.10635289761845,-67.6253488068955,-1.86391220947044));
#3364=CARTESIAN_POINT('Ctrl Pts',(3.13429682205609,-67.6970824522884,-1.87586781703593));
#3365=CARTESIAN_POINT('Ctrl Pts',(3.16262025097212,-67.768657938047,-1.88779706466236));
#3366=CARTESIAN_POINT('',(3.16262025097211,-67.768657938047,12.3482950196809));
#3367=CARTESIAN_POINT('Ctrl Pts',(3.16262025097212,-67.768657938047,-1.88779706466236));
#3368=CARTESIAN_POINT('Ctrl Pts',(3.35000797759765,-67.768657938047,1.09344843490481));
#3369=CARTESIAN_POINT('Ctrl Pts',(3.41942688658829,-67.768657938047,3.98706962931927));
#3370=CARTESIAN_POINT('Ctrl Pts',(3.3517937802602,-67.768657938047,8.4036570369436));
#3371=CARTESIAN_POINT('Ctrl Pts',(3.30180061528275,-67.7686579382045,9.84696493453348));
#3372=CARTESIAN_POINT('Ctrl Pts',(3.20485898122484,-67.7686579382045,11.6517506154346));
#3373=CARTESIAN_POINT('Ctrl Pts',(3.18438786495809,-67.768657938047,12.0019831112084));
#3374=CARTESIAN_POINT('Ctrl Pts',(3.16262025097212,-67.768657938047,12.3482950196809));
#3375=CARTESIAN_POINT('',(1.6609992206771,-59.9366819359012,11.0429656859888));
#3376=CARTESIAN_POINT('Ctrl Pts',(3.16262025097212,-67.768657938047,12.3482950196809));
#3377=CARTESIAN_POINT('Ctrl Pts',(2.17503204176423,-65.2729464896534,11.9323431116153));
#3378=CARTESIAN_POINT('Ctrl Pts',(1.66099922067709,-62.6156595478227,11.4894619546435));
#3379=CARTESIAN_POINT('Ctrl Pts',(1.66099922067709,-59.9366819359054,11.0429656859906));
#3380=CARTESIAN_POINT('',(1.6609992206771,-60.7609861394695,16.2302489775042));
#3381=CARTESIAN_POINT('Ctrl Pts',(1.66099922067709,-59.9286508148236,11.0438036583907));
#3382=CARTESIAN_POINT('Ctrl Pts',(1.66099922067709,-60.1114107887535,12.7847924425639));
#3383=CARTESIAN_POINT('Ctrl Pts',(1.66099922067709,-60.3848841732897,14.5162949928537));
#3384=CARTESIAN_POINT('Ctrl Pts',(1.66099922067709,-60.7609861394706,16.2302489775039));
#3385=CARTESIAN_POINT('',(8.73582532816018,-75.668657938047,12.9589798974481));
#3386=CARTESIAN_POINT('Origin',(21.6609992206771,-60.7609861394706,16.2302489775039));
#3387=CARTESIAN_POINT('Origin',(-21.8013113805619,-75.668657938047,5.23024897750928));
#3388=CARTESIAN_POINT('Ctrl Pts',(1.66099922067709,-60.7609861394718,-5.769751022491));
#3389=CARTESIAN_POINT('Ctrl Pts',(1.66099922067709,-60.3855308457511,-4.05874402280761));
#3390=CARTESIAN_POINT('Ctrl Pts',(1.66099922067709,-60.1165837940947,-2.32600233649252));
#3391=CARTESIAN_POINT('Ctrl Pts',(1.66099922067709,-59.9361824400909,-0.582519835604341));
#3392=CARTESIAN_POINT('Ctrl Pts',(8.73582532816018,-75.668657938047,12.9589798974481));
#3393=CARTESIAN_POINT('Ctrl Pts',(8.45156315391412,-75.668657938047,14.0821336164728));
#3394=CARTESIAN_POINT('Ctrl Pts',(7.40597706854645,-75.668657938047,17.4433572410805));
#3395=CARTESIAN_POINT('Ctrl Pts',(4.66235988370218,-75.668657938047,22.8134507896695));
#3396=CARTESIAN_POINT('Ctrl Pts',(0.0994155632653146,-75.668657938047,28.2223280475968));
#3397=CARTESIAN_POINT('Ctrl Pts',(-3.56141589395025,-75.668657938047,31.0176156304481));
#3398=CARTESIAN_POINT('Ctrl Pts',(-5.55834057073752,-75.668657938047,32.2194301298005));
#3399=CARTESIAN_POINT('Ctrl Pts',(7.47395485169532,-74.6248582806909,13.1880263636585));
#3400=CARTESIAN_POINT('Ctrl Pts',(7.25977626555403,-74.6194315802562,14.1982846149748));
#3401=CARTESIAN_POINT('Ctrl Pts',(6.42562964210864,-74.6244556314111,17.2426245303701));
#3402=CARTESIAN_POINT('Ctrl Pts',(3.95683081839259,-74.6288474152433,22.1255989634957));
#3403=CARTESIAN_POINT('Ctrl Pts',(-0.331012898728186,-74.6053787831171,
26.8235462038616));
#3404=CARTESIAN_POINT('Ctrl Pts',(-3.64522622651954,-74.7423670066874,29.0810302273931));
#3405=CARTESIAN_POINT('Ctrl Pts',(-5.37595149132626,-74.8797866062892,30.0561881215858));
#3406=CARTESIAN_POINT('Ctrl Pts',(5.21771161753131,-72.2298585534559,13.713573790535));
#3407=CARTESIAN_POINT('Ctrl Pts',(5.12800054700976,-72.2459380093577,14.5046622812599));
#3408=CARTESIAN_POINT('Ctrl Pts',(4.67015502847936,-72.3337556612692,16.9305285461231));
#3409=CARTESIAN_POINT('Ctrl Pts',(2.72688548812917,-72.3600189119502,20.8655054149227));
#3410=CARTESIAN_POINT('Ctrl Pts',(-0.973281222444636,-72.134373230476,24.2436463377626));
#3411=CARTESIAN_POINT('Ctrl Pts',(-3.61137898587319,-72.3048987197069,25.4959904178567));
#3412=CARTESIAN_POINT('Ctrl Pts',(-4.84047366631356,-72.5637317934951,26.0172716394006));
#3413=CARTESIAN_POINT('Ctrl Pts',(2.43973629073348,-67.2202167567553,14.8128659223414));
#3414=CARTESIAN_POINT('Ctrl Pts',(2.48192275925243,-67.3640179200114,15.2710041149589));
#3415=CARTESIAN_POINT('Ctrl Pts',(2.44639084477021,-67.7959627477669,16.7277054876693));
#3416=CARTESIAN_POINT('Ctrl Pts',(1.3013938453686,-67.8939258290402,19.1496829345032));
#3417=CARTESIAN_POINT('Ctrl Pts',(-1.24617981503438,-66.8943170419912,20.7593776750807));
#3418=CARTESIAN_POINT('Ctrl Pts',(-2.84144493288647,-66.4219730918497,20.8235126317385));
#3419=CARTESIAN_POINT('Ctrl Pts',(-3.41859933301718,-66.4138246627571,20.767367619185));
#3420=CARTESIAN_POINT('Ctrl Pts',(1.66099922067698,-63.1836993641502,15.6986202316637));
#3421=CARTESIAN_POINT('Ctrl Pts',(1.70062156780145,-63.4707564840469,15.9873919777874));
#3422=CARTESIAN_POINT('Ctrl Pts',(1.70632900102291,-64.2622242885783,16.9053513348603));
#3423=CARTESIAN_POINT('Ctrl Pts',(0.993565840589205,-64.4297532230598,18.4243806044332));
#3424=CARTESIAN_POINT('Ctrl Pts',(-0.644922233864339,-62.6393680839158,
19.3914686403912));
#3425=CARTESIAN_POINT('Ctrl Pts',(-1.71039914323275,-61.2913739034099,19.3488943981415));
#3426=CARTESIAN_POINT('Ctrl Pts',(-2.11946202017729,-60.7947810950922,19.2302489774121));
#3427=CARTESIAN_POINT('Ctrl Pts',(1.6609992206771,-60.7609861394706,16.2302489775086));
#3428=CARTESIAN_POINT('Ctrl Pts',(1.66099922067715,-61.134231676942,16.4521102997233));
#3429=CARTESIAN_POINT('Ctrl Pts',(1.58865034040825,-62.1417477091335,17.1256321905397));
#3430=CARTESIAN_POINT('Ctrl Pts',(1.07513608961248,-62.3513436001479,18.1849376646027));
#3431=CARTESIAN_POINT('Ctrl Pts',(-0.0154447571561447,-60.0858006289827,
19.032381417623));
#3432=CARTESIAN_POINT('Ctrl Pts',(-0.892022929749667,-58.2114131533185,
19.2302489775649));
#3433=CARTESIAN_POINT('Ctrl Pts',(-1.33900077969629,-57.4191212087666,19.2302489775093));
#3434=CARTESIAN_POINT('Origin',(-21.8013113805619,-75.668657938047,5.23024897750928));
#3435=CARTESIAN_POINT('Ctrl Pts',(1.6609992206771,-60.7609861394706,16.2302489775086));
#3436=CARTESIAN_POINT('Ctrl Pts',(1.66099922067715,-61.134231676942,16.4521102997233));
#3437=CARTESIAN_POINT('Ctrl Pts',(1.58865034040825,-62.1417477091335,17.1256321905397));
#3438=CARTESIAN_POINT('Ctrl Pts',(1.07513608961248,-62.3513436001479,18.1849376646027));
#3439=CARTESIAN_POINT('Ctrl Pts',(-0.0154447570549249,-60.085800629193,
19.0323814175443));
#3440=CARTESIAN_POINT('Ctrl Pts',(-0.892022929505594,-58.2114131538404,
19.2302489775098));
#3441=CARTESIAN_POINT('Ctrl Pts',(-1.33900077932292,-57.4191212094284,19.2302489775093));
#3442=CARTESIAN_POINT('Origin',(1.6609992206771,-55.668657938047,-8.76975102249072));
#3443=CARTESIAN_POINT('',(1.6609992206771,-55.768657938047,-5.76975102249072));
#3444=CARTESIAN_POINT('',(1.6609992206771,-55.668657938047,-5.76975102249072));
#3445=CARTESIAN_POINT('',(1.6609992206771,-55.768657938047,0.112202935337641));
#3446=CARTESIAN_POINT('',(1.6609992206771,-55.768657938047,-1.76975102249072));
#3447=CARTESIAN_POINT('',(1.6609992206771,-56.3819477690462,0.00998796350444198));
#3448=CARTESIAN_POINT('Origin',(1.6609992206771,-55.668657938047,-8.76975102249072));
#3449=CARTESIAN_POINT('',(1.6609992206771,-55.768657938047,10.3482950196809));
#3450=CARTESIAN_POINT('',(1.6609992206771,-60.1116774987759,11.0721316131357));
#3451=CARTESIAN_POINT('',(1.6609992206771,-55.768657938047,16.2302489775093));
#3452=CARTESIAN_POINT('',(1.6609992206771,-55.768657938047,-1.76975102249072));
#3453=CARTESIAN_POINT('',(1.6609992206771,-55.668657938047,16.2302489775093));
#3454=CARTESIAN_POINT('Origin',(-1.33900077932291,-55.668657938047,-5.76975102249072));
#3455=CARTESIAN_POINT('',(-1.33900077932291,-55.768657938047,-8.76975102249072));
#3456=CARTESIAN_POINT('',(-1.33900077932291,-55.668657938047,-8.76975102249072));
#3457=CARTESIAN_POINT('Origin',(-1.33900077932291,-55.768657938047,-5.76975102249072));
#3458=CARTESIAN_POINT('Origin',(-45.2636219818009,-55.668657938047,-8.76975102249072));
#3459=CARTESIAN_POINT('',(-42.2636219818009,-55.768657938047,-8.76975102249072));
#3460=CARTESIAN_POINT('',(-42.2636219818009,-55.668657938047,-8.76975102249072));
#3461=CARTESIAN_POINT('',(-33.5324666811814,-55.768657938047,-8.76975102249072));
#3462=CARTESIAN_POINT('Origin',(-45.2636219818009,-55.668657938047,19.2302489775093));
#3463=CARTESIAN_POINT('',(-45.2636219818009,-55.768657938047,0.112202935337641));
#3464=CARTESIAN_POINT('',(-45.2636219818009,-54.1116774987759,0.38836634188282));
#3465=CARTESIAN_POINT('',(-45.2636219818009,-55.768657938047,-5.76975102249072));
#3466=CARTESIAN_POINT('',(-45.2636219818009,-55.768657938047,12.2302489775093));
#3467=CARTESIAN_POINT('',(-45.2636219818009,-55.668657938047,-5.76975102249072));
#3468=CARTESIAN_POINT('Origin',(-42.2636219818009,-55.668657938047,-5.76975102249072));
#3469=CARTESIAN_POINT('Origin',(-42.2636219818009,-55.768657938047,-5.76975102249072));
#3470=CARTESIAN_POINT('Origin',(-21.8013113805619,-55.768657938047,5.23024897750928));
#3471=CARTESIAN_POINT('',(-10.0701560799424,-55.768657938047,0.112202935337641));
#3472=CARTESIAN_POINT('Origin',(-42.2636219818009,-55.668657938047,16.2302489775093));
#3473=CARTESIAN_POINT('',(-42.2636219818009,-55.768657938047,19.2302489775093));
#3474=CARTESIAN_POINT('',(-42.2636219818009,-55.668657938047,19.2302489775093));
#3475=CARTESIAN_POINT('',(-45.2636219818009,-55.768657938047,16.2302489775093));
#3476=CARTESIAN_POINT('Origin',(-42.2636219818009,-55.768657938047,16.2302489775093));
#3477=CARTESIAN_POINT('',(-45.2636219818009,-55.668657938047,16.2302489775093));
#3478=CARTESIAN_POINT('Origin',(-21.8013113805619,-55.768657938047,5.23024897750928));
#3479=CARTESIAN_POINT('',(-1.3390007793229,-55.768657938047,19.2302489775093));
#3480=CARTESIAN_POINT('',(-10.0701560799424,-55.768657938047,19.2302489775093));
#3481=CARTESIAN_POINT('Origin',(-1.3390007793229,-55.768657938047,16.2302489775093));
#3482=CARTESIAN_POINT('',(-45.2636219818009,-55.768657938047,10.3482950196809));
#3483=CARTESIAN_POINT('',(-10.0701560799424,-55.768657938047,10.3482950196809));
#3484=CARTESIAN_POINT('',(-45.2636219818009,-55.768657938047,12.2302489775093));
#3485=CARTESIAN_POINT('Origin',(1.66099922067709,-55.668657938047,19.2302489775093));
#3486=CARTESIAN_POINT('',(-1.3390007793229,-55.668657938047,19.2302489775093));
#3487=CARTESIAN_POINT('Origin',(-1.3390007793229,-55.668657938047,16.2302489775093));
#3488=CARTESIAN_POINT('Origin',(1.6609992206771,-67.6522180393165,12.3288883698925));
#3489=CARTESIAN_POINT('',(-45.2636219818009,-62.3819477690462,11.4505099915141));
#3490=CARTESIAN_POINT('',(1.6609992206771,-67.768657938047,12.3482950196809));
#3491=CARTESIAN_POINT('Origin',(1.6609992206771,-67.768657938047,-1.76975102249072));
#3492=CARTESIAN_POINT('',(1.6609992206771,-67.768657938047,-1.88779706466236));
#3493=CARTESIAN_POINT('Origin',(1.6609992206771,-55.6522180393165,0.131609585126063));
#3494=CARTESIAN_POINT('Origin',(-45.2636219818009,-55.668657938047,19.2302489775093));
#3495=CARTESIAN_POINT('Origin',(-21.8013113805619,-75.668657938047,5.23024897750928));
#3496=UNCERTAINTY_MEASURE_WITH_UNIT(LENGTH_MEASURE(0.01),#3500,
'DISTANCE_ACCURACY_VALUE',
'Maximum model space distance between geometric entities at asserted c
onnectivities');
#3497=UNCERTAINTY_MEASURE_WITH_UNIT(LENGTH_MEASURE(0.01),#3500,
'DISTANCE_ACCURACY_VALUE',
'Maximum model space distance between geometric entities at asserted c
onnectivities');
#3498=(
GEOMETRIC_REPRESENTATION_CONTEXT(3)
GLOBAL_UNCERTAINTY_ASSIGNED_CONTEXT((#3496))
GLOBAL_UNIT_ASSIGNED_CONTEXT((#3500,#3502,#3503))
REPRESENTATION_CONTEXT('','3D')
);
#3499=(
GEOMETRIC_REPRESENTATION_CONTEXT(3)
GLOBAL_UNCERTAINTY_ASSIGNED_CONTEXT((#3497))
GLOBAL_UNIT_ASSIGNED_CONTEXT((#3500,#3502,#3503))
REPRESENTATION_CONTEXT('','3D')
);
#3500=(
LENGTH_UNIT()
NAMED_UNIT(*)
SI_UNIT(.MILLI.,.METRE.)
);
#3501=(
LENGTH_UNIT()
NAMED_UNIT(*)
SI_UNIT($,.METRE.)
);
#3502=(
NAMED_UNIT(*)
PLANE_ANGLE_UNIT()
SI_UNIT($,.RADIAN.)
);
#3503=(
NAMED_UNIT(*)
SI_UNIT($,.STERADIAN.)
SOLID_ANGLE_UNIT()
);
#3504=SHAPE_DEFINITION_REPRESENTATION(#3505,#3506);
#3505=PRODUCT_DEFINITION_SHAPE('',$,#3508);
#3506=SHAPE_REPRESENTATION('',(#1652),#3498);
#3507=PRODUCT_DEFINITION_CONTEXT('part definition',#3512,'design');
#3508=PRODUCT_DEFINITION('Hand_Mount_plate_UR3e_50mm_v3',
'Hand_Mount_plate_UR3e_50mm_v3 v2',#3509,#3507);
#3509=PRODUCT_DEFINITION_FORMATION('',$,#3514);
#3510=PRODUCT_RELATED_PRODUCT_CATEGORY(
'Hand_Mount_plate_UR3e_50mm_v3 v2','Hand_Mount_plate_UR3e_50mm_v3 v2',(#3514));
#3511=APPLICATION_PROTOCOL_DEFINITION('international standard',
'automotive_design',2009,#3512);
#3512=APPLICATION_CONTEXT(
'Core Data for Automotive Mechanical Design Process');
#3513=PRODUCT_CONTEXT('part definition',#3512,'mechanical');
#3514=PRODUCT('Hand_Mount_plate_UR3e_50mm_v3',
'Hand_Mount_plate_UR3e_50mm_v3 v2',$,(#3513));
#3515=PRESENTATION_STYLE_ASSIGNMENT((#3516));
#3516=SURFACE_STYLE_USAGE(.BOTH.,#3517);
#3517=SURFACE_SIDE_STYLE('',(#3518));
#3518=SURFACE_STYLE_FILL_AREA(#3519);
#3519=FILL_AREA_STYLE('Steel - Satin',(#3520));
#3520=FILL_AREA_STYLE_COLOUR('Steel - Satin',#3521);
#3521=COLOUR_RGB('Steel - Satin',0.627450980392157,0.627450980392157,0.627450980392157);
ENDSEC;
END-ISO-10303-21;
