ISO-10303-21;
HEADER;
/* Generated by software containing ST-Developer
 * from STEP Tools, Inc. (www.steptools.com) 
 */

FILE_DESCRIPTION(
/* description */ (''),
/* implementation_level */ '2;1');

FILE_NAME(
/* name */ 'Hand_Mount_plate_UR3e_50mm_v2.step',
/* time_stamp */ '2026-10-08T02:35:34+02:00',
/* author */ (''),
/* organization */ (''),
/* preprocessor_version */ 'ST-DEVELOPER v20.2',
/* originating_system */ 'Autodesk Translation Framework v15.15.0.0',
/* authorisation */ '');

FILE_SCHEMA (('AUTOMOTIVE_DESIGN { 1 0 10303 214 3 1 1 }'));
ENDSEC;

DATA;
#10=MECHANICAL_DESIGN_GEOMETRIC_PRESENTATION_REPRESENTATION('',(#13),#3074);
#11=SHAPE_REPRESENTATION_RELATIONSHIP('SRR','None',#3081,#12);
#12=ADVANCED_BREP_SHAPE_REPRESENTATION('',(#14),#3073);
#13=STYLED_ITEM('',(#3090),#14);
#14=MANIFOLD_SOLID_BREP('Body1',#1436);
#15=B_SPLINE_SURFACE_WITH_KNOTS('',3,3,((#2510,#2511,#2512,#2513,#2514,
#2515,#2516),(#2517,#2518,#2519,#2520,#2521,#2522,#2523),(#2524,#2525,#2526,
#2527,#2528,#2529,#2530),(#2531,#2532,#2533,#2534,#2535,#2536,#2537),(#2538,
#2539,#2540,#2541,#2542,#2543,#2544),(#2545,#2546,#2547,#2548,#2549,#2550,
#2551)),.UNSPECIFIED.,.F.,.F.,.F.,(4,1,1,4),(4,1,1,1,4),(0.,0.285714285714286,
0.571428571428571,1.),(-30.329420119979,-29.2846292513012,-28.7622338169622,
-27.7174429482844,-26.6726520796066),.UNSPECIFIED.);
#16=B_SPLINE_SURFACE_WITH_KNOTS('',3,3,((#2566,#2567,#2568,#2569,#2570,
#2571,#2572,#2573,#2574),(#2575,#2576,#2577,#2578,#2579,#2580,#2581,#2582,
#2583),(#2584,#2585,#2586,#2587,#2588,#2589,#2590,#2591,#2592),(#2593,#2594,
#2595,#2596,#2597,#2598,#2599,#2600,#2601),(#2602,#2603,#2604,#2605,#2606,
#2607,#2608,#2609,#2610),(#2611,#2612,#2613,#2614,#2615,#2616,#2617,#2618,
#2619),(#2620,#2621,#2622,#2623,#2624,#2625,#2626,#2627,#2628)),
 .UNSPECIFIED.,.F.,.F.,.F.,(4,1,1,1,4),(4,1,1,1,1,1,4),(0.,0.285714285714286,
0.571428571428571,0.714285714285714,1.),(-19.3247491245852,-18.7373942227032,
-17.5626844189392,-16.9753295170572,-16.3879746151752,-16.0942971642342,
-15.2132648114112),.UNSPECIFIED.);
#17=B_SPLINE_SURFACE_WITH_KNOTS('',3,3,((#2642,#2643,#2644,#2645,#2646),
(#2647,#2648,#2649,#2650,#2651),(#2652,#2653,#2654,#2655,#2656),(#2657,
#2658,#2659,#2660,#2661),(#2662,#2663,#2664,#2665,#2666)),.UNSPECIFIED.,
 .F.,.F.,.F.,(4,1,4),(4,1,4),(0.,0.571428571428571,1.),(-16.2461884117221,
-15.297395513626,-14.0323383161645),.UNSPECIFIED.);
#18=B_SPLINE_SURFACE_WITH_KNOTS('',3,3,((#2722,#2723,#2724,#2725,#2726,
#2727,#2728),(#2729,#2730,#2731,#2732,#2733,#2734,#2735),(#2736,#2737,#2738,
#2739,#2740,#2741,#2742),(#2743,#2744,#2745,#2746,#2747,#2748,#2749),(#2750,
#2751,#2752,#2753,#2754,#2755,#2756),(#2757,#2758,#2759,#2760,#2761,#2762,
#2763)),.UNSPECIFIED.,.F.,.F.,.F.,(4,1,1,4),(4,1,1,1,4),(0.,0.285714285714286,
0.571428571428571,1.),(-28.8282097720579,-28.3058505397802,-27.2611320752248,
-26.2164136106694,-25.171695146114),.UNSPECIFIED.);
#19=B_SPLINE_SURFACE_WITH_KNOTS('',3,3,((#2775,#2776,#2777,#2778,#2779,
#2780,#2781),(#2782,#2783,#2784,#2785,#2786,#2787,#2788),(#2789,#2790,#2791,
#2792,#2793,#2794,#2795),(#2796,#2797,#2798,#2799,#2800,#2801,#2802),(#2803,
#2804,#2805,#2806,#2807,#2808,#2809),(#2810,#2811,#2812,#2813,#2814,#2815,
#2816)),.UNSPECIFIED.,.F.,.F.,.F.,(4,1,1,4),(4,1,1,1,4),(0.,0.285714285714286,
0.571428571428571,1.),(-32.4922892218619,-31.9697245161276,-30.9245951046591,
-29.8794656931906,-28.8343362817221),.UNSPECIFIED.);
#20=B_SPLINE_SURFACE_WITH_KNOTS('',3,3,((#2828,#2829,#2830,#2831,#2832),
(#2833,#2834,#2835,#2836,#2837),(#2838,#2839,#2840,#2841,#2842),(#2843,
#2844,#2845,#2846,#2847),(#2848,#2849,#2850,#2851,#2852)),.UNSPECIFIED.,
 .F.,.F.,.F.,(4,1,4),(4,1,4),(0.,0.571428571428571,1.),(-14.031877985925,
-13.0830747458413,-11.818003759063),.UNSPECIFIED.);
#21=B_SPLINE_SURFACE_WITH_KNOTS('',3,3,((#2887,#2888,#2889,#2890,#2891,
#2892,#2893,#2894,#2895),(#2896,#2897,#2898,#2899,#2900,#2901,#2902,#2903,
#2904),(#2905,#2906,#2907,#2908,#2909,#2910,#2911,#2912,#2913),(#2914,#2915,
#2916,#2917,#2918,#2919,#2920,#2921,#2922),(#2923,#2924,#2925,#2926,#2927,
#2928,#2929,#2930,#2931),(#2932,#2933,#2934,#2935,#2936,#2937,#2938,#2939,
#2940),(#2941,#2942,#2943,#2944,#2945,#2946,#2947,#2948,#2949)),
 .UNSPECIFIED.,.F.,.F.,.F.,(4,1,1,1,4),(4,1,1,1,1,1,4),(0.,0.285714285714286,
0.571428571428571,0.714285714285714,1.),(-23.434710089839,-22.8476198617559,
-22.2605296336728,-21.6734394055897,-21.0863491775066,-19.9121687213403,
-19.3250784932572),.UNSPECIFIED.);
#22=B_SPLINE_SURFACE_WITH_KNOTS('',3,3,((#2963,#2964,#2965,#2966,#2967,
#2968,#2969),(#2970,#2971,#2972,#2973,#2974,#2975,#2976),(#2977,#2978,#2979,
#2980,#2981,#2982,#2983),(#2984,#2985,#2986,#2987,#2988,#2989,#2990),(#2991,
#2992,#2993,#2994,#2995,#2996,#2997),(#2998,#2999,#3000,#3001,#3002,#3003,
#3004)),.UNSPECIFIED.,.F.,.F.,.F.,(4,1,1,4),(4,1,1,1,4),(0.,0.285714285714286,
0.571428571428571,1.),(-28.8322625909209,-28.309840499397,-27.2649963163491,
-26.2201521333013,-25.1753079502535),.UNSPECIFIED.);
#23=ELLIPSE('',#1531,1.62207000807953,1.6);
#24=ELLIPSE('',#1533,1.62207000807953,1.6);
#25=LINE('',#2043,#145);
#26=LINE('',#2047,#146);
#27=LINE('',#2051,#147);
#28=LINE('',#2053,#148);
#29=LINE('',#2055,#149);
#30=LINE('',#2057,#150);
#31=LINE('',#2059,#151);
#32=LINE('',#2060,#152);
#33=LINE('',#2065,#153);
#34=LINE('',#2067,#154);
#35=LINE('',#2068,#155);
#36=LINE('',#2071,#156);
#37=LINE('',#2072,#157);
#38=LINE('',#2075,#158);
#39=LINE('',#2076,#159);
#40=LINE('',#2079,#160);
#41=LINE('',#2080,#161);
#42=LINE('',#2083,#162);
#43=LINE('',#2084,#163);
#44=LINE('',#2086,#164);
#45=LINE('',#2090,#165);
#46=LINE('',#2092,#166);
#47=LINE('',#2094,#167);
#48=LINE('',#2096,#168);
#49=LINE('',#2098,#169);
#50=LINE('',#2099,#170);
#51=LINE('',#2104,#171);
#52=LINE('',#2106,#172);
#53=LINE('',#2107,#173);
#54=LINE('',#2110,#174);
#55=LINE('',#2111,#175);
#56=LINE('',#2114,#176);
#57=LINE('',#2115,#177);
#58=LINE('',#2118,#178);
#59=LINE('',#2119,#179);
#60=LINE('',#2122,#180);
#61=LINE('',#2123,#181);
#62=LINE('',#2125,#182);
#63=LINE('',#2129,#183);
#64=LINE('',#2131,#184);
#65=LINE('',#2133,#185);
#66=LINE('',#2135,#186);
#67=LINE('',#2137,#187);
#68=LINE('',#2138,#188);
#69=LINE('',#2143,#189);
#70=LINE('',#2145,#190);
#71=LINE('',#2146,#191);
#72=LINE('',#2149,#192);
#73=LINE('',#2150,#193);
#74=LINE('',#2153,#194);
#75=LINE('',#2154,#195);
#76=LINE('',#2157,#196);
#77=LINE('',#2158,#197);
#78=LINE('',#2161,#198);
#79=LINE('',#2162,#199);
#80=LINE('',#2164,#200);
#81=LINE('',#2168,#201);
#82=LINE('',#2170,#202);
#83=LINE('',#2172,#203);
#84=LINE('',#2174,#204);
#85=LINE('',#2176,#205);
#86=LINE('',#2177,#206);
#87=LINE('',#2182,#207);
#88=LINE('',#2184,#208);
#89=LINE('',#2185,#209);
#90=LINE('',#2188,#210);
#91=LINE('',#2189,#211);
#92=LINE('',#2192,#212);
#93=LINE('',#2193,#213);
#94=LINE('',#2196,#214);
#95=LINE('',#2197,#215);
#96=LINE('',#2200,#216);
#97=LINE('',#2201,#217);
#98=LINE('',#2203,#218);
#99=LINE('',#2212,#219);
#100=LINE('',#2214,#220);
#101=LINE('',#2223,#221);
#102=LINE('',#2225,#222);
#103=LINE('',#2234,#223);
#104=LINE('',#2236,#224);
#105=LINE('',#2245,#225);
#106=LINE('',#2247,#226);
#107=LINE('',#2256,#227);
#108=LINE('',#2258,#228);
#109=LINE('',#2259,#229);
#110=LINE('',#2273,#230);
#111=LINE('',#2274,#231);
#112=LINE('',#2282,#232);
#113=LINE('',#2283,#233);
#114=LINE('',#2291,#234);
#115=LINE('',#2292,#235);
#116=LINE('',#2300,#236);
#117=LINE('',#2301,#237);
#118=LINE('',#2313,#238);
#119=LINE('',#2497,#239);
#120=LINE('',#2504,#240);
#121=LINE('',#2509,#241);
#122=LINE('',#3015,#242);
#123=LINE('',#3017,#243);
#124=LINE('',#3018,#244);
#125=LINE('',#3021,#245);
#126=LINE('',#3023,#246);
#127=LINE('',#3024,#247);
#128=LINE('',#3027,#248);
#129=LINE('',#3031,#249);
#130=LINE('',#3032,#250);
#131=LINE('',#3035,#251);
#132=LINE('',#3037,#252);
#133=LINE('',#3038,#253);
#134=LINE('',#3042,#254);
#135=LINE('',#3045,#255);
#136=LINE('',#3048,#256);
#137=LINE('',#3051,#257);
#138=LINE('',#3054,#258);
#139=LINE('',#3055,#259);
#140=LINE('',#3057,#260);
#141=LINE('',#3060,#261);
#142=LINE('',#3061,#262);
#143=LINE('',#3063,#263);
#144=LINE('',#3069,#264);
#145=VECTOR('',#1595,3.1);
#146=VECTOR('',#1600,3.1);
#147=VECTOR('',#1603,10.);
#148=VECTOR('',#1604,10.);
#149=VECTOR('',#1605,10.);
#150=VECTOR('',#1606,10.);
#151=VECTOR('',#1607,10.);
#152=VECTOR('',#1608,10.);
#153=VECTOR('',#1613,10.);
#154=VECTOR('',#1614,10.);
#155=VECTOR('',#1615,10.);
#156=VECTOR('',#1618,10.);
#157=VECTOR('',#1619,10.);
#158=VECTOR('',#1622,10.);
#159=VECTOR('',#1623,10.);
#160=VECTOR('',#1626,10.);
#161=VECTOR('',#1627,10.);
#162=VECTOR('',#1630,10.);
#163=VECTOR('',#1631,10.);
#164=VECTOR('',#1634,10.);
#165=VECTOR('',#1637,10.);
#166=VECTOR('',#1638,10.);
#167=VECTOR('',#1639,10.);
#168=VECTOR('',#1640,10.);
#169=VECTOR('',#1641,10.);
#170=VECTOR('',#1642,10.);
#171=VECTOR('',#1647,10.);
#172=VECTOR('',#1648,10.);
#173=VECTOR('',#1649,10.);
#174=VECTOR('',#1652,10.);
#175=VECTOR('',#1653,10.);
#176=VECTOR('',#1656,10.);
#177=VECTOR('',#1657,10.);
#178=VECTOR('',#1660,10.);
#179=VECTOR('',#1661,10.);
#180=VECTOR('',#1664,10.);
#181=VECTOR('',#1665,10.);
#182=VECTOR('',#1668,10.);
#183=VECTOR('',#1671,10.);
#184=VECTOR('',#1672,10.);
#185=VECTOR('',#1673,10.);
#186=VECTOR('',#1674,10.);
#187=VECTOR('',#1675,10.);
#188=VECTOR('',#1676,10.);
#189=VECTOR('',#1681,10.);
#190=VECTOR('',#1682,10.);
#191=VECTOR('',#1683,10.);
#192=VECTOR('',#1686,10.);
#193=VECTOR('',#1687,10.);
#194=VECTOR('',#1690,10.);
#195=VECTOR('',#1691,10.);
#196=VECTOR('',#1694,10.);
#197=VECTOR('',#1695,10.);
#198=VECTOR('',#1698,10.);
#199=VECTOR('',#1699,10.);
#200=VECTOR('',#1702,10.);
#201=VECTOR('',#1705,10.);
#202=VECTOR('',#1706,10.);
#203=VECTOR('',#1707,10.);
#204=VECTOR('',#1708,10.);
#205=VECTOR('',#1709,10.);
#206=VECTOR('',#1710,10.);
#207=VECTOR('',#1715,10.);
#208=VECTOR('',#1716,10.);
#209=VECTOR('',#1717,10.);
#210=VECTOR('',#1720,10.);
#211=VECTOR('',#1721,10.);
#212=VECTOR('',#1724,10.);
#213=VECTOR('',#1725,10.);
#214=VECTOR('',#1728,10.);
#215=VECTOR('',#1729,10.);
#216=VECTOR('',#1732,10.);
#217=VECTOR('',#1733,10.);
#218=VECTOR('',#1736,10.);
#219=VECTOR('',#1747,2.8);
#220=VECTOR('',#1750,1.5);
#221=VECTOR('',#1761,2.8);
#222=VECTOR('',#1764,1.5);
#223=VECTOR('',#1775,2.8);
#224=VECTOR('',#1778,1.5);
#225=VECTOR('',#1789,2.8);
#226=VECTOR('',#1792,1.5);
#227=VECTOR('',#1795,10.);
#228=VECTOR('',#1796,10.);
#229=VECTOR('',#1797,10.);
#230=VECTOR('',#1800,10.);
#231=VECTOR('',#1801,10.);
#232=VECTOR('',#1804,10.);
#233=VECTOR('',#1805,10.);
#234=VECTOR('',#1808,10.);
#235=VECTOR('',#1809,10.);
#236=VECTOR('',#1812,10.);
#237=VECTOR('',#1813,10.);
#238=VECTOR('',#1816,10.);
#239=VECTOR('',#1823,2.8);
#240=VECTOR('',#1832,1.6);
#241=VECTOR('',#1839,1.6);
#242=VECTOR('',#1876,10.);
#243=VECTOR('',#1877,10.);
#244=VECTOR('',#1878,10.);
#245=VECTOR('',#1881,10.);
#246=VECTOR('',#1882,10.);
#247=VECTOR('',#1883,10.);
#248=VECTOR('',#1886,10.);
#249=VECTOR('',#1891,10.);
#250=VECTOR('',#1892,10.);
#251=VECTOR('',#1895,10.);
#252=VECTOR('',#1896,10.);
#253=VECTOR('',#1897,10.);
#254=VECTOR('',#1904,10.);
#255=VECTOR('',#1907,10.);
#256=VECTOR('',#1910,10.);
#257=VECTOR('',#1913,10.);
#258=VECTOR('',#1916,10.);
#259=VECTOR('',#1917,10.);
#260=VECTOR('',#1920,10.);
#261=VECTOR('',#1925,10.);
#262=VECTOR('',#1926,10.);
#263=VECTOR('',#1929,10.);
#264=VECTOR('',#1938,31.5);
#265=CYLINDRICAL_SURFACE('',#1453,5.3);
#266=CYLINDRICAL_SURFACE('',#1457,5.3);
#267=CYLINDRICAL_SURFACE('',#1458,3.1);
#268=CYLINDRICAL_SURFACE('',#1460,3.1);
#269=CYLINDRICAL_SURFACE('',#1497,2.8);
#270=CYLINDRICAL_SURFACE('',#1499,1.5);
#271=CYLINDRICAL_SURFACE('',#1503,2.8);
#272=CYLINDRICAL_SURFACE('',#1505,1.5);
#273=CYLINDRICAL_SURFACE('',#1509,2.8);
#274=CYLINDRICAL_SURFACE('',#1511,1.5);
#275=CYLINDRICAL_SURFACE('',#1515,2.8);
#276=CYLINDRICAL_SURFACE('',#1517,1.5);
#277=CYLINDRICAL_SURFACE('',#1526,2.8);
#278=CYLINDRICAL_SURFACE('',#1530,1.6);
#279=CYLINDRICAL_SURFACE('',#1532,1.6);
#280=CYLINDRICAL_SURFACE('',#1553,3.);
#281=CYLINDRICAL_SURFACE('',#1557,3.);
#282=CYLINDRICAL_SURFACE('',#1560,3.);
#283=CYLINDRICAL_SURFACE('',#1565,3.);
#284=CYLINDRICAL_SURFACE('',#1570,31.5);
#285=FACE_BOUND('',#396,.T.);
#286=FACE_BOUND('',#399,.T.);
#287=FACE_BOUND('',#404,.T.);
#288=FACE_BOUND('',#412,.T.);
#289=FACE_BOUND('',#420,.T.);
#290=FACE_BOUND('',#428,.T.);
#291=FACE_BOUND('',#436,.T.);
#292=FACE_BOUND('',#440,.T.);
#293=FACE_BOUND('',#444,.T.);
#294=FACE_BOUND('',#448,.T.);
#295=FACE_BOUND('',#458,.T.);
#296=FACE_BOUND('',#461,.T.);
#297=FACE_BOUND('',#466,.T.);
#298=FACE_BOUND('',#467,.T.);
#299=FACE_BOUND('',#473,.T.);
#300=FACE_BOUND('',#474,.T.);
#301=FACE_BOUND('',#483,.T.);
#302=FACE_BOUND('',#484,.T.);
#303=FACE_BOUND('',#487,.T.);
#304=FACE_BOUND('',#488,.T.);
#305=FACE_BOUND('',#492,.T.);
#306=FACE_BOUND('',#495,.T.);
#307=FACE_BOUND('',#499,.T.);
#308=FACE_BOUND('',#500,.T.);
#309=FACE_BOUND('',#501,.T.);
#310=FACE_BOUND('',#502,.T.);
#311=FACE_BOUND('',#503,.T.);
#312=FACE_BOUND('',#504,.T.);
#313=FACE_OUTER_BOUND('',#395,.T.);
#314=FACE_OUTER_BOUND('',#397,.T.);
#315=FACE_OUTER_BOUND('',#398,.T.);
#316=FACE_OUTER_BOUND('',#400,.T.);
#317=FACE_OUTER_BOUND('',#401,.T.);
#318=FACE_OUTER_BOUND('',#402,.T.);
#319=FACE_OUTER_BOUND('',#403,.T.);
#320=FACE_OUTER_BOUND('',#405,.T.);
#321=FACE_OUTER_BOUND('',#406,.T.);
#322=FACE_OUTER_BOUND('',#407,.T.);
#323=FACE_OUTER_BOUND('',#408,.T.);
#324=FACE_OUTER_BOUND('',#409,.T.);
#325=FACE_OUTER_BOUND('',#410,.T.);
#326=FACE_OUTER_BOUND('',#411,.T.);
#327=FACE_OUTER_BOUND('',#413,.T.);
#328=FACE_OUTER_BOUND('',#414,.T.);
#329=FACE_OUTER_BOUND('',#415,.T.);
#330=FACE_OUTER_BOUND('',#416,.T.);
#331=FACE_OUTER_BOUND('',#417,.T.);
#332=FACE_OUTER_BOUND('',#418,.T.);
#333=FACE_OUTER_BOUND('',#419,.T.);
#334=FACE_OUTER_BOUND('',#421,.T.);
#335=FACE_OUTER_BOUND('',#422,.T.);
#336=FACE_OUTER_BOUND('',#423,.T.);
#337=FACE_OUTER_BOUND('',#424,.T.);
#338=FACE_OUTER_BOUND('',#425,.T.);
#339=FACE_OUTER_BOUND('',#426,.T.);
#340=FACE_OUTER_BOUND('',#427,.T.);
#341=FACE_OUTER_BOUND('',#429,.T.);
#342=FACE_OUTER_BOUND('',#430,.T.);
#343=FACE_OUTER_BOUND('',#431,.T.);
#344=FACE_OUTER_BOUND('',#432,.T.);
#345=FACE_OUTER_BOUND('',#433,.T.);
#346=FACE_OUTER_BOUND('',#434,.T.);
#347=FACE_OUTER_BOUND('',#435,.T.);
#348=FACE_OUTER_BOUND('',#437,.T.);
#349=FACE_OUTER_BOUND('',#438,.T.);
#350=FACE_OUTER_BOUND('',#439,.T.);
#351=FACE_OUTER_BOUND('',#441,.T.);
#352=FACE_OUTER_BOUND('',#442,.T.);
#353=FACE_OUTER_BOUND('',#443,.T.);
#354=FACE_OUTER_BOUND('',#445,.T.);
#355=FACE_OUTER_BOUND('',#446,.T.);
#356=FACE_OUTER_BOUND('',#447,.T.);
#357=FACE_OUTER_BOUND('',#449,.T.);
#358=FACE_OUTER_BOUND('',#450,.T.);
#359=FACE_OUTER_BOUND('',#451,.T.);
#360=FACE_OUTER_BOUND('',#452,.T.);
#361=FACE_OUTER_BOUND('',#453,.T.);
#362=FACE_OUTER_BOUND('',#454,.T.);
#363=FACE_OUTER_BOUND('',#455,.T.);
#364=FACE_OUTER_BOUND('',#456,.T.);
#365=FACE_OUTER_BOUND('',#457,.T.);
#366=FACE_OUTER_BOUND('',#459,.T.);
#367=FACE_OUTER_BOUND('',#460,.T.);
#368=FACE_OUTER_BOUND('',#462,.T.);
#369=FACE_OUTER_BOUND('',#463,.T.);
#370=FACE_OUTER_BOUND('',#464,.T.);
#371=FACE_OUTER_BOUND('',#465,.T.);
#372=FACE_OUTER_BOUND('',#468,.T.);
#373=FACE_OUTER_BOUND('',#469,.T.);
#374=FACE_OUTER_BOUND('',#470,.T.);
#375=FACE_OUTER_BOUND('',#471,.T.);
#376=FACE_OUTER_BOUND('',#472,.T.);
#377=FACE_OUTER_BOUND('',#475,.T.);
#378=FACE_OUTER_BOUND('',#476,.T.);
#379=FACE_OUTER_BOUND('',#477,.T.);
#380=FACE_OUTER_BOUND('',#478,.T.);
#381=FACE_OUTER_BOUND('',#479,.T.);
#382=FACE_OUTER_BOUND('',#480,.T.);
#383=FACE_OUTER_BOUND('',#481,.T.);
#384=FACE_OUTER_BOUND('',#482,.T.);
#385=FACE_OUTER_BOUND('',#485,.T.);
#386=FACE_OUTER_BOUND('',#486,.T.);
#387=FACE_OUTER_BOUND('',#489,.T.);
#388=FACE_OUTER_BOUND('',#490,.T.);
#389=FACE_OUTER_BOUND('',#491,.T.);
#390=FACE_OUTER_BOUND('',#493,.T.);
#391=FACE_OUTER_BOUND('',#494,.T.);
#392=FACE_OUTER_BOUND('',#496,.T.);
#393=FACE_OUTER_BOUND('',#497,.T.);
#394=FACE_OUTER_BOUND('',#498,.T.);
#395=EDGE_LOOP('',(#906,#907));
#396=EDGE_LOOP('',(#908));
#397=EDGE_LOOP('',(#909,#910));
#398=EDGE_LOOP('',(#911,#912));
#399=EDGE_LOOP('',(#913));
#400=EDGE_LOOP('',(#914,#915));
#401=EDGE_LOOP('',(#916,#917,#918,#919));
#402=EDGE_LOOP('',(#920,#921,#922,#923));
#403=EDGE_LOOP('',(#924,#925,#926,#927,#928,#929));
#404=EDGE_LOOP('',(#930));
#405=EDGE_LOOP('',(#931,#932,#933,#934));
#406=EDGE_LOOP('',(#935,#936,#937,#938));
#407=EDGE_LOOP('',(#939,#940,#941,#942));
#408=EDGE_LOOP('',(#943,#944,#945,#946));
#409=EDGE_LOOP('',(#947,#948,#949,#950));
#410=EDGE_LOOP('',(#951,#952,#953,#954));
#411=EDGE_LOOP('',(#955,#956,#957,#958,#959,#960));
#412=EDGE_LOOP('',(#961));
#413=EDGE_LOOP('',(#962,#963,#964,#965));
#414=EDGE_LOOP('',(#966,#967,#968,#969));
#415=EDGE_LOOP('',(#970,#971,#972,#973));
#416=EDGE_LOOP('',(#974,#975,#976,#977));
#417=EDGE_LOOP('',(#978,#979,#980,#981));
#418=EDGE_LOOP('',(#982,#983,#984,#985));
#419=EDGE_LOOP('',(#986,#987,#988,#989,#990,#991));
#420=EDGE_LOOP('',(#992));
#421=EDGE_LOOP('',(#993,#994,#995,#996));
#422=EDGE_LOOP('',(#997,#998,#999,#1000));
#423=EDGE_LOOP('',(#1001,#1002,#1003,#1004));
#424=EDGE_LOOP('',(#1005,#1006,#1007,#1008));
#425=EDGE_LOOP('',(#1009,#1010,#1011,#1012));
#426=EDGE_LOOP('',(#1013,#1014,#1015,#1016));
#427=EDGE_LOOP('',(#1017,#1018,#1019,#1020,#1021,#1022));
#428=EDGE_LOOP('',(#1023));
#429=EDGE_LOOP('',(#1024,#1025,#1026,#1027));
#430=EDGE_LOOP('',(#1028,#1029,#1030,#1031));
#431=EDGE_LOOP('',(#1032,#1033,#1034,#1035));
#432=EDGE_LOOP('',(#1036,#1037,#1038,#1039));
#433=EDGE_LOOP('',(#1040,#1041,#1042,#1043));
#434=EDGE_LOOP('',(#1044,#1045,#1046,#1047));
#435=EDGE_LOOP('',(#1048));
#436=EDGE_LOOP('',(#1049));
#437=EDGE_LOOP('',(#1050,#1051,#1052,#1053));
#438=EDGE_LOOP('',(#1054,#1055,#1056,#1057));
#439=EDGE_LOOP('',(#1058));
#440=EDGE_LOOP('',(#1059));
#441=EDGE_LOOP('',(#1060,#1061,#1062,#1063));
#442=EDGE_LOOP('',(#1064,#1065,#1066,#1067));
#443=EDGE_LOOP('',(#1068));
#444=EDGE_LOOP('',(#1069));
#445=EDGE_LOOP('',(#1070,#1071,#1072,#1073));
#446=EDGE_LOOP('',(#1074,#1075,#1076,#1077));
#447=EDGE_LOOP('',(#1078));
#448=EDGE_LOOP('',(#1079));
#449=EDGE_LOOP('',(#1080,#1081,#1082,#1083));
#450=EDGE_LOOP('',(#1084,#1085,#1086,#1087));
#451=EDGE_LOOP('',(#1088,#1089,#1090,#1091));
#452=EDGE_LOOP('',(#1092,#1093,#1094,#1095));
#453=EDGE_LOOP('',(#1096,#1097,#1098,#1099));
#454=EDGE_LOOP('',(#1100,#1101,#1102,#1103));
#455=EDGE_LOOP('',(#1104,#1105,#1106,#1107));
#456=EDGE_LOOP('',(#1108,#1109,#1110,#1111));
#457=EDGE_LOOP('',(#1112,#1113,#1114,#1115,#1116,#1117));
#458=EDGE_LOOP('',(#1118));
#459=EDGE_LOOP('',(#1119,#1120,#1121,#1122,#1123));
#460=EDGE_LOOP('',(#1124));
#461=EDGE_LOOP('',(#1125));
#462=EDGE_LOOP('',(#1126,#1127,#1128,#1129));
#463=EDGE_LOOP('',(#1130,#1131,#1132,#1133));
#464=EDGE_LOOP('',(#1134,#1135,#1136,#1137));
#465=EDGE_LOOP('',(#1138,#1139,#1140,#1141));
#466=EDGE_LOOP('',(#1142,#1143));
#467=EDGE_LOOP('',(#1144,#1145));
#468=EDGE_LOOP('',(#1146,#1147,#1148,#1149,#1150,#1151,#1152,#1153,#1154));
#469=EDGE_LOOP('',(#1155,#1156,#1157,#1158));
#470=EDGE_LOOP('',(#1159,#1160,#1161,#1162));
#471=EDGE_LOOP('',(#1163,#1164,#1165,#1166,#1167,#1168,#1169,#1170));
#472=EDGE_LOOP('',(#1171,#1172,#1173,#1174));
#473=EDGE_LOOP('',(#1175,#1176));
#474=EDGE_LOOP('',(#1177,#1178,#1179,#1180,#1181,#1182));
#475=EDGE_LOOP('',(#1183,#1184,#1185,#1186));
#476=EDGE_LOOP('',(#1187,#1188,#1189,#1190));
#477=EDGE_LOOP('',(#1191,#1192,#1193,#1194));
#478=EDGE_LOOP('',(#1195,#1196,#1197,#1198));
#479=EDGE_LOOP('',(#1199,#1200,#1201,#1202));
#480=EDGE_LOOP('',(#1203,#1204,#1205,#1206));
#481=EDGE_LOOP('',(#1207,#1208,#1209,#1210));
#482=EDGE_LOOP('',(#1211,#1212,#1213,#1214,#1215,#1216));
#483=EDGE_LOOP('',(#1217));
#484=EDGE_LOOP('',(#1218));
#485=EDGE_LOOP('',(#1219,#1220,#1221,#1222));
#486=EDGE_LOOP('',(#1223,#1224,#1225,#1226,#1227,#1228));
#487=EDGE_LOOP('',(#1229));
#488=EDGE_LOOP('',(#1230));
#489=EDGE_LOOP('',(#1231,#1232,#1233,#1234));
#490=EDGE_LOOP('',(#1235,#1236,#1237,#1238));
#491=EDGE_LOOP('',(#1239,#1240,#1241,#1242,#1243,#1244));
#492=EDGE_LOOP('',(#1245));
#493=EDGE_LOOP('',(#1246,#1247,#1248,#1249));
#494=EDGE_LOOP('',(#1250,#1251,#1252,#1253,#1254,#1255));
#495=EDGE_LOOP('',(#1256));
#496=EDGE_LOOP('',(#1257,#1258,#1259,#1260));
#497=EDGE_LOOP('',(#1261,#1262,#1263,#1264,#1265,#1266,#1267,#1268,#1269,
#1270,#1271,#1272));
#498=EDGE_LOOP('',(#1273));
#499=EDGE_LOOP('',(#1274));
#500=EDGE_LOOP('',(#1275));
#501=EDGE_LOOP('',(#1276,#1277,#1278,#1279,#1280,#1281));
#502=EDGE_LOOP('',(#1282,#1283,#1284,#1285,#1286,#1287));
#503=EDGE_LOOP('',(#1288,#1289,#1290,#1291,#1292,#1293));
#504=EDGE_LOOP('',(#1294,#1295,#1296,#1297,#1298,#1299));
#505=CIRCLE('',#1451,5.3);
#506=CIRCLE('',#1452,3.1);
#507=CIRCLE('',#1455,5.3);
#508=CIRCLE('',#1456,3.1);
#509=CIRCLE('',#1459,3.1);
#510=CIRCLE('',#1461,3.1);
#511=CIRCLE('',#1463,1.5);
#512=CIRCLE('',#1471,1.5);
#513=CIRCLE('',#1479,1.5);
#514=CIRCLE('',#1487,1.5);
#515=CIRCLE('',#1495,2.8);
#516=CIRCLE('',#1496,1.5);
#517=CIRCLE('',#1498,2.8);
#518=CIRCLE('',#1501,2.8);
#519=CIRCLE('',#1502,1.5);
#520=CIRCLE('',#1504,2.8);
#521=CIRCLE('',#1507,2.8);
#522=CIRCLE('',#1508,1.5);
#523=CIRCLE('',#1510,2.8);
#524=CIRCLE('',#1513,2.8);
#525=CIRCLE('',#1514,1.5);
#526=CIRCLE('',#1516,2.8);
#527=CIRCLE('',#1525,1.6);
#528=CIRCLE('',#1527,2.8);
#529=CIRCLE('',#1529,1.6);
#530=CIRCLE('',#1534,20.);
#531=CIRCLE('',#1535,31.5);
#532=CIRCLE('',#1536,20.);
#533=CIRCLE('',#1537,20.);
#534=CIRCLE('',#1538,31.5);
#535=CIRCLE('',#1539,31.5);
#536=CIRCLE('',#1540,31.5);
#537=CIRCLE('',#1541,20.);
#538=CIRCLE('',#1542,20.);
#539=CIRCLE('',#1543,31.5);
#540=CIRCLE('',#1544,20.);
#541=CIRCLE('',#1545,31.5);
#542=CIRCLE('',#1546,20.);
#543=CIRCLE('',#1547,31.5);
#544=CIRCLE('',#1548,20.);
#545=CIRCLE('',#1549,31.5);
#546=CIRCLE('',#1550,31.5);
#547=CIRCLE('',#1554,3.);
#548=CIRCLE('',#1558,3.);
#549=CIRCLE('',#1561,3.);
#550=CIRCLE('',#1563,3.);
#551=CIRCLE('',#1571,31.5);
#552=B_SPLINE_CURVE_WITH_KNOTS('',3,(#1945,#1946,#1947,#1948),
 .UNSPECIFIED.,.F.,.F.,(4,4),(-0.589359181782162,-0.528701554608396),
 .UNSPECIFIED.);
#553=B_SPLINE_CURVE_WITH_KNOTS('',3,(#1953,#1954,#1955,#1956,#1957,#1958,
#1959,#1960,#1961,#1962,#1963,#1964,#1965,#1966,#1967,#1968,#1969,#1970,
#1971,#1972,#1973,#1974,#1975,#1976,#1977,#1978,#1979,#1980,#1981,#1982,
#1983,#1984,#1985,#1986,#1987,#1988,#1989,#1990),.UNSPECIFIED.,.F.,.F.,
(4,2,2,2,2,2,2,2,2,2,2,2,2,2,2,2,2,2,4),(-3.83441128249578,-3.68959334170073,
-3.5370151890755,-3.31559963739899,-3.07206985600406,-2.80006510178513,
-2.47832968745526,-2.21830315437983,-1.9980559907308,-1.86143383984405,
-1.73941296057011,-1.58357501212682,-1.32457425140569,-1.03054576915538,
-0.795712377007312,-0.59177461876424,-0.380634393170627,-0.188160662884416,
0.),.UNSPECIFIED.);
#554=B_SPLINE_CURVE_WITH_KNOTS('',3,(#1994,#1995,#1996,#1997),
 .UNSPECIFIED.,.F.,.F.,(4,4),(-0.589359181782241,-0.528701554608311),
 .UNSPECIFIED.);
#555=B_SPLINE_CURVE_WITH_KNOTS('',3,(#2002,#2003,#2004,#2005,#2006,#2007,
#2008,#2009,#2010,#2011,#2012,#2013,#2014,#2015,#2016,#2017,#2018,#2019,
#2020,#2021,#2022,#2023,#2024,#2025,#2026,#2027,#2028,#2029,#2030,#2031,
#2032,#2033,#2034,#2035,#2036,#2037,#2038,#2039),.UNSPECIFIED.,.F.,.F.,
(4,2,2,2,2,2,2,2,2,2,2,2,2,2,2,2,2,2,4),(-3.8344225763566,-3.68937957811494,
-3.53651405548466,-3.31505451599329,-3.07149015921182,-2.79938638611734,
-2.47771393460228,-2.2178639222033,-1.99783141243083,-1.86130956485438,
-1.73933701901104,-1.58350669102858,-1.32442016382081,-1.03041256040678,
-0.795600685804722,-0.591678625730806,-0.380538291218738,-0.188089558954276,
0.),.UNSPECIFIED.);
#556=B_SPLINE_CURVE_WITH_KNOTS('',3,(#2251,#2252,#2253,#2254),
 .UNSPECIFIED.,.F.,.F.,(4,4),(-0.382442868734868,-0.0509874643519204),
 .UNSPECIFIED.);
#557=B_SPLINE_CURVE_WITH_KNOTS('',3,(#2262,#2263,#2264,#2265,#2266,#2267,
#2268,#2269,#2270,#2271),.UNSPECIFIED.,.F.,.F.,(4,3,3,4),(-0.389946384946701,
-0.264165601030181,-0.137994947709976,-0.0510287614318056),
 .UNSPECIFIED.);
#558=B_SPLINE_CURVE_WITH_KNOTS('',3,(#2277,#2278,#2279,#2280),
 .UNSPECIFIED.,.F.,.F.,(4,4),(-0.374675863983657,-0.0501033265153656),
 .UNSPECIFIED.);
#559=B_SPLINE_CURVE_WITH_KNOTS('',3,(#2286,#2287,#2288,#2289),
 .UNSPECIFIED.,.F.,.F.,(4,4),(-0.375136673365614,-0.0503042229764087),
 .UNSPECIFIED.);
#560=B_SPLINE_CURVE_WITH_KNOTS('',3,(#2295,#2296,#2297,#2298),
 .UNSPECIFIED.,.F.,.F.,(4,4),(-0.38327900204906,-0.0516403876508674),
 .UNSPECIFIED.);
#561=B_SPLINE_CURVE_WITH_KNOTS('',3,(#2303,#2304,#2305,#2306,#2307,#2308,
#2309,#2310,#2311,#2312),.UNSPECIFIED.,.F.,.F.,(4,3,3,4),(-0.393107535936184,
-0.266971166248009,-0.141066184326696,-0.0541899448900559),
 .UNSPECIFIED.);
#562=B_SPLINE_CURVE_WITH_KNOTS('',3,(#2320,#2321,#2322,#2323,#2324,#2325,
#2326),.UNSPECIFIED.,.F.,.F.,(4,3,4),(-1.8095677467369,-1.77245573745495,
-1.75775570620326),.UNSPECIFIED.);
#563=B_SPLINE_CURVE_WITH_KNOTS('',3,(#2327,#2328,#2329,#2330,#2331,#2332,
#2333,#2334,#2335,#2336,#2337,#2338,#2339,#2340,#2341,#2342,#2343,#2344,
#2345,#2346,#2347,#2348,#2349,#2350,#2351,#2352,#2353,#2354,#2355,#2356,
#2357,#2358,#2359,#2360,#2361,#2362,#2363,#2364,#2365,#2366,#2367,#2368,
#2369,#2370,#2371,#2372,#2373,#2374,#2375,#2376,#2377,#2378,#2379,#2380,
#2381,#2382,#2383,#2384,#2385,#2386,#2387,#2388,#2389,#2390,#2391,#2392,
#2393,#2394,#2395,#2396,#2397,#2398,#2399,#2400,#2401,#2402,#2403,#2404,
#2405,#2406,#2407,#2408,#2409,#2410,#2411,#2412,#2413,#2414,#2415,#2416,
#2417,#2418,#2419,#2420,#2421,#2422,#2423,#2424,#2425,#2426,#2427,#2428,
#2429,#2430,#2431,#2432,#2433,#2434,#2435,#2436,#2437,#2438,#2439,#2440,
#2441,#2442,#2443,#2444,#2445,#2446,#2447,#2448,#2449,#2450,#2451,#2452,
#2453,#2454,#2455,#2456,#2457,#2458,#2459,#2460,#2461,#2462,#2463,#2464,
#2465,#2466,#2467,#2468,#2469,#2470,#2471,#2472,#2473,#2474,#2475,#2476,
#2477,#2478,#2479,#2480,#2481,#2482,#2483,#2484,#2485,#2486,#2487,#2488,
#2489,#2490,#2491,#2492,#2493,#2494,#2495),.UNSPECIFIED.,.F.,.F.,(4,3,3,
3,3,3,3,3,3,3,3,3,3,3,3,3,3,3,3,3,3,3,3,3,3,3,3,3,3,3,3,3,3,3,3,3,3,3,3,
3,3,3,3,3,3,3,3,3,3,3,3,3,3,3,3,3,4),(-1.75775570620326,-1.73584139223534,
-1.69872873258673,-1.66135104461589,-1.62326925547186,-1.61728348791726,
-1.5766611627142,-1.53140460847077,-1.49622624391098,-1.49489572536593,
-1.44559922310556,-1.40256195413641,-1.39630272084518,-1.36044148200027,
-1.32593987122788,-1.31702514965675,-1.28338761702737,-1.24929351701402,
-1.24111043734456,-1.20354443624395,-1.16216206383426,-1.15247958778424,
-1.10694283192223,-1.05987141049324,-1.03728478862135,-0.997240187650993,
-0.958403091452631,-0.920564810640314,-0.913897444878327,-0.876954536872381,
-0.840024278404306,-0.802908567530471,-0.798049781546743,-0.759611369741138,
-0.719759002820617,-0.690491283273898,-0.640950294269763,-0.584964404444393,
-0.578804749787634,-0.536399786318959,-0.496701596985388,-0.482240922697674,
-0.445745452542813,-0.409770464780568,-0.40051365734939,-0.364672437488477,
-0.328417230580062,-0.319532199846147,-0.280678254737301,-0.239661149575514,
-0.22542949518261,-0.169933358945192,-0.117794648046337,-0.114437222707774,
-0.0735482689902847,-0.0344702616696958,0.),.UNSPECIFIED.);
#564=B_SPLINE_CURVE_WITH_KNOTS('',3,(#2559,#2560,#2561,#2562,#2563,#2564,
#2565),.UNSPECIFIED.,.F.,.F.,(4,1,1,1,4),(-30.329420119979,-29.2846292513012,
-28.7622338169622,-27.7174429482844,-26.6726520796066),.UNSPECIFIED.);
#565=B_SPLINE_CURVE_WITH_KNOTS('',3,(#2633,#2634,#2635,#2636,#2637,#2638,
#2639,#2640,#2641),.UNSPECIFIED.,.F.,.F.,(4,1,1,1,1,1,4),(-19.3247491245852,
-18.7373942227032,-17.5626844189392,-16.9753295170572,-16.3879746151752,
-16.0942971642342,-15.2132648114112),.UNSPECIFIED.);
#566=B_SPLINE_CURVE_WITH_KNOTS('',3,(#2669,#2670,#2671,#2672,#2673,#2674),
 .UNSPECIFIED.,.F.,.F.,(4,2,4),(-0.814542160557745,-0.791060403484302,0.),
 .UNSPECIFIED.);
#567=B_SPLINE_CURVE_WITH_KNOTS('',3,(#2675,#2676,#2677,#2678),
 .UNSPECIFIED.,.F.,.F.,(4,4),(-14.5578515946372,-14.0323383161645),
 .UNSPECIFIED.);
#568=B_SPLINE_CURVE_WITH_KNOTS('',3,(#2686,#2687,#2688,#2689),
 .UNSPECIFIED.,.F.,.F.,(4,4),(-16.2461884117221,-15.7211404239965),
 .UNSPECIFIED.);
#569=B_SPLINE_CURVE_WITH_KNOTS('',3,(#2691,#2692,#2693,#2694,#2695,#2696,
#2697,#2698,#2699,#2700,#2701,#2702,#2703,#2704,#2705,#2706,#2707,#2708,
#2709,#2710,#2711,#2712,#2713,#2714,#2715),.UNSPECIFIED.,.F.,.F.,(4,3,3,
3,3,3,3,3,4),(-1.78646026538862,-1.66180938516505,-1.53530445016195,-1.40676479203125,
-1.30558462362701,-1.18312810131727,-1.05942235543625,-0.987423871712265,
-0.973896137793902),.UNSPECIFIED.);
#570=B_SPLINE_CURVE_WITH_KNOTS('',3,(#2716,#2717,#2718,#2719,#2720,#2721),
 .UNSPECIFIED.,.F.,.F.,(4,2,4),(-1.72092808407391,-1.57738056850237,-0.237415684492235),
 .UNSPECIFIED.);
#571=B_SPLINE_CURVE_WITH_KNOTS('',3,(#2768,#2769,#2770,#2771,#2772,#2773,
#2774),.UNSPECIFIED.,.F.,.F.,(4,1,1,1,4),(-28.8282097720579,-28.3058505397802,
-27.2611320752248,-26.2164136106694,-25.171695146114),.UNSPECIFIED.);
#572=B_SPLINE_CURVE_WITH_KNOTS('',3,(#2820,#2821,#2822,#2823,#2824,#2825,
#2826),.UNSPECIFIED.,.F.,.F.,(4,1,1,1,4),(-32.4922892218619,-31.9697245161276,
-30.9245951046591,-29.8794656931906,-28.8343362817221),.UNSPECIFIED.);
#573=B_SPLINE_CURVE_WITH_KNOTS('',3,(#2855,#2856,#2857,#2858,#2859,#2860),
 .UNSPECIFIED.,.F.,.F.,(4,2,4),(-1.53369265674168,-0.742717283345096,-0.719352923461765),
 .UNSPECIFIED.);
#574=B_SPLINE_CURVE_WITH_KNOTS('',3,(#2862,#2863,#2864,#2865,#2866,#2867,
#2868,#2869),.UNSPECIFIED.,.F.,.F.,(4,2,2,4),(-3.12152406590956,-2.25361773917426,
-1.83006227175175,-1.72591201381384),.UNSPECIFIED.);
#575=B_SPLINE_CURVE_WITH_KNOTS('',3,(#2871,#2872,#2873,#2874),
 .UNSPECIFIED.,.F.,.F.,(4,4),(-0.814779231863921,0.),.UNSPECIFIED.);
#576=B_SPLINE_CURVE_WITH_KNOTS('',3,(#2876,#2877,#2878,#2879),
 .UNSPECIFIED.,.F.,.F.,(4,4),(-12.342937035265,-11.818003759063),
 .UNSPECIFIED.);
#577=B_SPLINE_CURVE_WITH_KNOTS('',3,(#2883,#2884,#2885,#2886),
 .UNSPECIFIED.,.F.,.F.,(4,4),(-14.031877985925,-13.5063629559313),
 .UNSPECIFIED.);
#578=B_SPLINE_CURVE_WITH_KNOTS('',3,(#2953,#2954,#2955,#2956,#2957,#2958,
#2959,#2960,#2961),.UNSPECIFIED.,.F.,.F.,(4,1,1,1,1,1,4),(-23.434710089839,
-22.8476198617559,-22.2605296336728,-21.6734394055897,-21.0863491775066,
-19.9121687213403,-19.3250784932572),.UNSPECIFIED.);
#579=B_SPLINE_CURVE_WITH_KNOTS('',3,(#3006,#3007,#3008,#3009,#3010,#3011,
#3012),.UNSPECIFIED.,.F.,.F.,(4,1,1,1,4),(-28.8322625909209,-28.309840499397,
-27.2649963163491,-26.2201521333013,-25.1753079505444),.UNSPECIFIED.);
#580=VERTEX_POINT('',#1943);
#581=VERTEX_POINT('',#1944);
#582=VERTEX_POINT('',#1950);
#583=VERTEX_POINT('',#1992);
#584=VERTEX_POINT('',#1993);
#585=VERTEX_POINT('',#1999);
#586=VERTEX_POINT('',#2041);
#587=VERTEX_POINT('',#2045);
#588=VERTEX_POINT('',#2049);
#589=VERTEX_POINT('',#2050);
#590=VERTEX_POINT('',#2052);
#591=VERTEX_POINT('',#2054);
#592=VERTEX_POINT('',#2056);
#593=VERTEX_POINT('',#2058);
#594=VERTEX_POINT('',#2061);
#595=VERTEX_POINT('',#2064);
#596=VERTEX_POINT('',#2066);
#597=VERTEX_POINT('',#2070);
#598=VERTEX_POINT('',#2074);
#599=VERTEX_POINT('',#2078);
#600=VERTEX_POINT('',#2082);
#601=VERTEX_POINT('',#2088);
#602=VERTEX_POINT('',#2089);
#603=VERTEX_POINT('',#2091);
#604=VERTEX_POINT('',#2093);
#605=VERTEX_POINT('',#2095);
#606=VERTEX_POINT('',#2097);
#607=VERTEX_POINT('',#2100);
#608=VERTEX_POINT('',#2103);
#609=VERTEX_POINT('',#2105);
#610=VERTEX_POINT('',#2109);
#611=VERTEX_POINT('',#2113);
#612=VERTEX_POINT('',#2117);
#613=VERTEX_POINT('',#2121);
#614=VERTEX_POINT('',#2127);
#615=VERTEX_POINT('',#2128);
#616=VERTEX_POINT('',#2130);
#617=VERTEX_POINT('',#2132);
#618=VERTEX_POINT('',#2134);
#619=VERTEX_POINT('',#2136);
#620=VERTEX_POINT('',#2139);
#621=VERTEX_POINT('',#2142);
#622=VERTEX_POINT('',#2144);
#623=VERTEX_POINT('',#2148);
#624=VERTEX_POINT('',#2152);
#625=VERTEX_POINT('',#2156);
#626=VERTEX_POINT('',#2160);
#627=VERTEX_POINT('',#2166);
#628=VERTEX_POINT('',#2167);
#629=VERTEX_POINT('',#2169);
#630=VERTEX_POINT('',#2171);
#631=VERTEX_POINT('',#2173);
#632=VERTEX_POINT('',#2175);
#633=VERTEX_POINT('',#2178);
#634=VERTEX_POINT('',#2181);
#635=VERTEX_POINT('',#2183);
#636=VERTEX_POINT('',#2187);
#637=VERTEX_POINT('',#2191);
#638=VERTEX_POINT('',#2195);
#639=VERTEX_POINT('',#2199);
#640=VERTEX_POINT('',#2205);
#641=VERTEX_POINT('',#2207);
#642=VERTEX_POINT('',#2210);
#643=VERTEX_POINT('',#2216);
#644=VERTEX_POINT('',#2218);
#645=VERTEX_POINT('',#2221);
#646=VERTEX_POINT('',#2227);
#647=VERTEX_POINT('',#2229);
#648=VERTEX_POINT('',#2232);
#649=VERTEX_POINT('',#2238);
#650=VERTEX_POINT('',#2240);
#651=VERTEX_POINT('',#2243);
#652=VERTEX_POINT('',#2249);
#653=VERTEX_POINT('',#2250);
#654=VERTEX_POINT('',#2255);
#655=VERTEX_POINT('',#2257);
#656=VERTEX_POINT('',#2261);
#657=VERTEX_POINT('',#2272);
#658=VERTEX_POINT('',#2276);
#659=VERTEX_POINT('',#2281);
#660=VERTEX_POINT('',#2285);
#661=VERTEX_POINT('',#2290);
#662=VERTEX_POINT('',#2294);
#663=VERTEX_POINT('',#2299);
#664=VERTEX_POINT('',#2315);
#665=VERTEX_POINT('',#2318);
#666=VERTEX_POINT('',#2319);
#667=VERTEX_POINT('',#2496);
#668=VERTEX_POINT('',#2500);
#669=VERTEX_POINT('',#2503);
#670=VERTEX_POINT('',#2507);
#671=VERTEX_POINT('',#2552);
#672=VERTEX_POINT('',#2553);
#673=VERTEX_POINT('',#2555);
#674=VERTEX_POINT('',#2557);
#675=VERTEX_POINT('',#2629);
#676=VERTEX_POINT('',#2630);
#677=VERTEX_POINT('',#2667);
#678=VERTEX_POINT('',#2668);
#679=VERTEX_POINT('',#2679);
#680=VERTEX_POINT('',#2681);
#681=VERTEX_POINT('',#2683);
#682=VERTEX_POINT('',#2685);
#683=VERTEX_POINT('',#2690);
#684=VERTEX_POINT('',#2764);
#685=VERTEX_POINT('',#2765);
#686=VERTEX_POINT('',#2817);
#687=VERTEX_POINT('',#2818);
#688=VERTEX_POINT('',#2853);
#689=VERTEX_POINT('',#2854);
#690=VERTEX_POINT('',#2861);
#691=VERTEX_POINT('',#2870);
#692=VERTEX_POINT('',#2875);
#693=VERTEX_POINT('',#2880);
#694=VERTEX_POINT('',#2950);
#695=VERTEX_POINT('',#2951);
#696=VERTEX_POINT('',#3014);
#697=VERTEX_POINT('',#3016);
#698=VERTEX_POINT('',#3020);
#699=VERTEX_POINT('',#3022);
#700=VERTEX_POINT('',#3026);
#701=VERTEX_POINT('',#3030);
#702=VERTEX_POINT('',#3034);
#703=VERTEX_POINT('',#3036);
#704=VERTEX_POINT('',#3044);
#705=VERTEX_POINT('',#3046);
#706=VERTEX_POINT('',#3050);
#707=VERTEX_POINT('',#3053);
#708=VERTEX_POINT('',#3067);
#709=EDGE_CURVE('',#580,#581,#552,.T.);
#710=EDGE_CURVE('',#581,#580,#505,.T.);
#711=EDGE_CURVE('',#582,#582,#506,.T.);
#712=EDGE_CURVE('',#581,#580,#553,.T.);
#713=EDGE_CURVE('',#583,#584,#554,.T.);
#714=EDGE_CURVE('',#584,#583,#507,.T.);
#715=EDGE_CURVE('',#585,#585,#508,.T.);
#716=EDGE_CURVE('',#584,#583,#555,.T.);
#717=EDGE_CURVE('',#586,#586,#509,.T.);
#718=EDGE_CURVE('',#586,#585,#25,.T.);
#719=EDGE_CURVE('',#587,#587,#510,.T.);
#720=EDGE_CURVE('',#587,#582,#26,.T.);
#721=EDGE_CURVE('',#588,#589,#27,.T.);
#722=EDGE_CURVE('',#590,#588,#28,.T.);
#723=EDGE_CURVE('',#591,#590,#29,.T.);
#724=EDGE_CURVE('',#592,#591,#30,.T.);
#725=EDGE_CURVE('',#593,#592,#31,.T.);
#726=EDGE_CURVE('',#589,#593,#32,.T.);
#727=EDGE_CURVE('',#594,#594,#511,.T.);
#728=EDGE_CURVE('',#595,#589,#33,.T.);
#729=EDGE_CURVE('',#596,#593,#34,.T.);
#730=EDGE_CURVE('',#595,#596,#35,.T.);
#731=EDGE_CURVE('',#597,#592,#36,.T.);
#732=EDGE_CURVE('',#596,#597,#37,.T.);
#733=EDGE_CURVE('',#598,#591,#38,.T.);
#734=EDGE_CURVE('',#597,#598,#39,.T.);
#735=EDGE_CURVE('',#599,#590,#40,.T.);
#736=EDGE_CURVE('',#598,#599,#41,.T.);
#737=EDGE_CURVE('',#588,#600,#42,.T.);
#738=EDGE_CURVE('',#599,#600,#43,.T.);
#739=EDGE_CURVE('',#600,#595,#44,.T.);
#740=EDGE_CURVE('',#601,#602,#45,.T.);
#741=EDGE_CURVE('',#603,#601,#46,.T.);
#742=EDGE_CURVE('',#604,#603,#47,.T.);
#743=EDGE_CURVE('',#605,#604,#48,.T.);
#744=EDGE_CURVE('',#606,#605,#49,.T.);
#745=EDGE_CURVE('',#602,#606,#50,.T.);
#746=EDGE_CURVE('',#607,#607,#512,.T.);
#747=EDGE_CURVE('',#608,#602,#51,.T.);
#748=EDGE_CURVE('',#609,#606,#52,.T.);
#749=EDGE_CURVE('',#608,#609,#53,.T.);
#750=EDGE_CURVE('',#610,#605,#54,.T.);
#751=EDGE_CURVE('',#609,#610,#55,.T.);
#752=EDGE_CURVE('',#611,#604,#56,.T.);
#753=EDGE_CURVE('',#610,#611,#57,.T.);
#754=EDGE_CURVE('',#612,#603,#58,.T.);
#755=EDGE_CURVE('',#611,#612,#59,.T.);
#756=EDGE_CURVE('',#601,#613,#60,.T.);
#757=EDGE_CURVE('',#612,#613,#61,.T.);
#758=EDGE_CURVE('',#613,#608,#62,.T.);
#759=EDGE_CURVE('',#614,#615,#63,.T.);
#760=EDGE_CURVE('',#616,#614,#64,.T.);
#761=EDGE_CURVE('',#617,#616,#65,.T.);
#762=EDGE_CURVE('',#618,#617,#66,.T.);
#763=EDGE_CURVE('',#619,#618,#67,.T.);
#764=EDGE_CURVE('',#615,#619,#68,.T.);
#765=EDGE_CURVE('',#620,#620,#513,.T.);
#766=EDGE_CURVE('',#621,#615,#69,.T.);
#767=EDGE_CURVE('',#622,#619,#70,.T.);
#768=EDGE_CURVE('',#621,#622,#71,.T.);
#769=EDGE_CURVE('',#623,#618,#72,.T.);
#770=EDGE_CURVE('',#622,#623,#73,.T.);
#771=EDGE_CURVE('',#624,#617,#74,.T.);
#772=EDGE_CURVE('',#623,#624,#75,.T.);
#773=EDGE_CURVE('',#625,#616,#76,.T.);
#774=EDGE_CURVE('',#624,#625,#77,.T.);
#775=EDGE_CURVE('',#614,#626,#78,.T.);
#776=EDGE_CURVE('',#625,#626,#79,.T.);
#777=EDGE_CURVE('',#626,#621,#80,.T.);
#778=EDGE_CURVE('',#627,#628,#81,.T.);
#779=EDGE_CURVE('',#629,#627,#82,.T.);
#780=EDGE_CURVE('',#630,#629,#83,.T.);
#781=EDGE_CURVE('',#631,#630,#84,.T.);
#782=EDGE_CURVE('',#632,#631,#85,.T.);
#783=EDGE_CURVE('',#628,#632,#86,.T.);
#784=EDGE_CURVE('',#633,#633,#514,.T.);
#785=EDGE_CURVE('',#634,#628,#87,.T.);
#786=EDGE_CURVE('',#635,#632,#88,.T.);
#787=EDGE_CURVE('',#634,#635,#89,.T.);
#788=EDGE_CURVE('',#636,#631,#90,.T.);
#789=EDGE_CURVE('',#635,#636,#91,.T.);
#790=EDGE_CURVE('',#637,#630,#92,.T.);
#791=EDGE_CURVE('',#636,#637,#93,.T.);
#792=EDGE_CURVE('',#638,#629,#94,.T.);
#793=EDGE_CURVE('',#637,#638,#95,.T.);
#794=EDGE_CURVE('',#627,#639,#96,.T.);
#795=EDGE_CURVE('',#638,#639,#97,.T.);
#796=EDGE_CURVE('',#639,#634,#98,.T.);
#797=EDGE_CURVE('',#640,#640,#515,.T.);
#798=EDGE_CURVE('',#641,#641,#516,.T.);
#799=EDGE_CURVE('',#642,#642,#517,.T.);
#800=EDGE_CURVE('',#642,#640,#99,.T.);
#801=EDGE_CURVE('',#641,#594,#100,.T.);
#802=EDGE_CURVE('',#643,#643,#518,.T.);
#803=EDGE_CURVE('',#644,#644,#519,.T.);
#804=EDGE_CURVE('',#645,#645,#520,.T.);
#805=EDGE_CURVE('',#645,#643,#101,.T.);
#806=EDGE_CURVE('',#644,#607,#102,.T.);
#807=EDGE_CURVE('',#646,#646,#521,.T.);
#808=EDGE_CURVE('',#647,#647,#522,.T.);
#809=EDGE_CURVE('',#648,#648,#523,.T.);
#810=EDGE_CURVE('',#648,#646,#103,.T.);
#811=EDGE_CURVE('',#647,#633,#104,.T.);
#812=EDGE_CURVE('',#649,#649,#524,.T.);
#813=EDGE_CURVE('',#650,#650,#525,.T.);
#814=EDGE_CURVE('',#651,#651,#526,.T.);
#815=EDGE_CURVE('',#651,#649,#105,.T.);
#816=EDGE_CURVE('',#650,#620,#106,.T.);
#817=EDGE_CURVE('',#652,#653,#556,.T.);
#818=EDGE_CURVE('',#652,#654,#107,.T.);
#819=EDGE_CURVE('',#654,#655,#108,.T.);
#820=EDGE_CURVE('',#653,#655,#109,.T.);
#821=EDGE_CURVE('',#653,#656,#557,.T.);
#822=EDGE_CURVE('',#655,#657,#110,.T.);
#823=EDGE_CURVE('',#656,#657,#111,.T.);
#824=EDGE_CURVE('',#656,#658,#558,.T.);
#825=EDGE_CURVE('',#657,#659,#112,.T.);
#826=EDGE_CURVE('',#658,#659,#113,.T.);
#827=EDGE_CURVE('',#658,#660,#559,.T.);
#828=EDGE_CURVE('',#659,#661,#114,.T.);
#829=EDGE_CURVE('',#660,#661,#115,.T.);
#830=EDGE_CURVE('',#662,#652,#560,.T.);
#831=EDGE_CURVE('',#662,#663,#116,.T.);
#832=EDGE_CURVE('',#663,#654,#117,.T.);
#833=EDGE_CURVE('',#660,#662,#561,.T.);
#834=EDGE_CURVE('',#661,#663,#118,.T.);
#835=EDGE_CURVE('',#664,#664,#527,.T.);
#836=EDGE_CURVE('',#665,#666,#562,.T.);
#837=EDGE_CURVE('',#666,#665,#563,.T.);
#838=EDGE_CURVE('',#666,#667,#119,.T.);
#839=EDGE_CURVE('',#667,#667,#528,.T.);
#840=EDGE_CURVE('',#668,#668,#529,.T.);
#841=EDGE_CURVE('',#668,#669,#120,.T.);
#842=EDGE_CURVE('',#669,#669,#23,.T.);
#843=EDGE_CURVE('',#670,#670,#24,.T.);
#844=EDGE_CURVE('',#670,#664,#121,.T.);
#845=EDGE_CURVE('',#671,#672,#530,.T.);
#846=EDGE_CURVE('',#673,#672,#531,.T.);
#847=EDGE_CURVE('',#673,#674,#532,.T.);
#848=EDGE_CURVE('',#674,#671,#564,.T.);
#849=EDGE_CURVE('',#675,#676,#533,.T.);
#850=EDGE_CURVE('',#672,#676,#534,.T.);
#851=EDGE_CURVE('',#671,#675,#565,.T.);
#852=EDGE_CURVE('',#677,#678,#566,.T.);
#853=EDGE_CURVE('',#678,#674,#567,.T.);
#854=EDGE_CURVE('',#679,#673,#535,.T.);
#855=EDGE_CURVE('',#680,#679,#536,.T.);
#856=EDGE_CURVE('',#680,#681,#537,.T.);
#857=EDGE_CURVE('',#681,#682,#568,.T.);
#858=EDGE_CURVE('',#682,#683,#569,.T.);
#859=EDGE_CURVE('',#677,#683,#570,.F.);
#860=EDGE_CURVE('',#684,#685,#538,.T.);
#861=EDGE_CURVE('',#676,#685,#539,.T.);
#862=EDGE_CURVE('',#675,#684,#571,.T.);
#863=EDGE_CURVE('',#686,#687,#540,.T.);
#864=EDGE_CURVE('',#687,#681,#572,.T.);
#865=EDGE_CURVE('',#686,#680,#541,.T.);
#866=EDGE_CURVE('',#688,#689,#573,.F.);
#867=EDGE_CURVE('',#688,#690,#574,.T.);
#868=EDGE_CURVE('',#691,#690,#575,.F.);
#869=EDGE_CURVE('',#691,#692,#576,.T.);
#870=EDGE_CURVE('',#692,#693,#542,.T.);
#871=EDGE_CURVE('',#685,#693,#543,.T.);
#872=EDGE_CURVE('',#684,#689,#577,.T.);
#873=EDGE_CURVE('',#694,#695,#544,.T.);
#874=EDGE_CURVE('',#695,#687,#578,.T.);
#875=EDGE_CURVE('',#694,#686,#545,.T.);
#876=EDGE_CURVE('',#693,#694,#546,.T.);
#877=EDGE_CURVE('',#692,#695,#579,.T.);
#878=EDGE_CURVE('',#696,#684,#122,.T.);
#879=EDGE_CURVE('',#697,#696,#123,.F.);
#880=EDGE_CURVE('',#697,#689,#124,.T.);
#881=EDGE_CURVE('',#691,#698,#125,.T.);
#882=EDGE_CURVE('',#699,#698,#126,.F.);
#883=EDGE_CURVE('',#692,#699,#127,.T.);
#884=EDGE_CURVE('',#675,#700,#128,.T.);
#885=EDGE_CURVE('',#700,#696,#547,.T.);
#886=EDGE_CURVE('',#701,#671,#129,.T.);
#887=EDGE_CURVE('',#700,#701,#130,.F.);
#888=EDGE_CURVE('',#678,#702,#131,.T.);
#889=EDGE_CURVE('',#703,#702,#132,.F.);
#890=EDGE_CURVE('',#674,#703,#133,.T.);
#891=EDGE_CURVE('',#703,#701,#548,.T.);
#892=EDGE_CURVE('',#702,#697,#134,.T.);
#893=EDGE_CURVE('',#687,#704,#135,.T.);
#894=EDGE_CURVE('',#704,#705,#549,.T.);
#895=EDGE_CURVE('',#705,#681,#136,.T.);
#896=EDGE_CURVE('',#704,#706,#137,.F.);
#897=EDGE_CURVE('',#699,#706,#550,.T.);
#898=EDGE_CURVE('',#698,#707,#138,.T.);
#899=EDGE_CURVE('',#707,#705,#139,.F.);
#900=EDGE_CURVE('',#706,#695,#140,.T.);
#901=EDGE_CURVE('',#707,#682,#141,.T.);
#902=EDGE_CURVE('',#683,#690,#142,.T.);
#903=EDGE_CURVE('',#677,#688,#143,.T.);
#904=EDGE_CURVE('',#708,#708,#551,.T.);
#905=EDGE_CURVE('',#708,#679,#144,.T.);
#906=ORIENTED_EDGE('',*,*,#709,.F.);
#907=ORIENTED_EDGE('',*,*,#710,.F.);
#908=ORIENTED_EDGE('',*,*,#711,.F.);
#909=ORIENTED_EDGE('',*,*,#712,.F.);
#910=ORIENTED_EDGE('',*,*,#710,.T.);
#911=ORIENTED_EDGE('',*,*,#713,.F.);
#912=ORIENTED_EDGE('',*,*,#714,.F.);
#913=ORIENTED_EDGE('',*,*,#715,.F.);
#914=ORIENTED_EDGE('',*,*,#716,.F.);
#915=ORIENTED_EDGE('',*,*,#714,.T.);
#916=ORIENTED_EDGE('',*,*,#717,.F.);
#917=ORIENTED_EDGE('',*,*,#718,.T.);
#918=ORIENTED_EDGE('',*,*,#715,.T.);
#919=ORIENTED_EDGE('',*,*,#718,.F.);
#920=ORIENTED_EDGE('',*,*,#719,.F.);
#921=ORIENTED_EDGE('',*,*,#720,.T.);
#922=ORIENTED_EDGE('',*,*,#711,.T.);
#923=ORIENTED_EDGE('',*,*,#720,.F.);
#924=ORIENTED_EDGE('',*,*,#721,.F.);
#925=ORIENTED_EDGE('',*,*,#722,.F.);
#926=ORIENTED_EDGE('',*,*,#723,.F.);
#927=ORIENTED_EDGE('',*,*,#724,.F.);
#928=ORIENTED_EDGE('',*,*,#725,.F.);
#929=ORIENTED_EDGE('',*,*,#726,.F.);
#930=ORIENTED_EDGE('',*,*,#727,.F.);
#931=ORIENTED_EDGE('',*,*,#728,.T.);
#932=ORIENTED_EDGE('',*,*,#726,.T.);
#933=ORIENTED_EDGE('',*,*,#729,.F.);
#934=ORIENTED_EDGE('',*,*,#730,.F.);
#935=ORIENTED_EDGE('',*,*,#729,.T.);
#936=ORIENTED_EDGE('',*,*,#725,.T.);
#937=ORIENTED_EDGE('',*,*,#731,.F.);
#938=ORIENTED_EDGE('',*,*,#732,.F.);
#939=ORIENTED_EDGE('',*,*,#731,.T.);
#940=ORIENTED_EDGE('',*,*,#724,.T.);
#941=ORIENTED_EDGE('',*,*,#733,.F.);
#942=ORIENTED_EDGE('',*,*,#734,.F.);
#943=ORIENTED_EDGE('',*,*,#733,.T.);
#944=ORIENTED_EDGE('',*,*,#723,.T.);
#945=ORIENTED_EDGE('',*,*,#735,.F.);
#946=ORIENTED_EDGE('',*,*,#736,.F.);
#947=ORIENTED_EDGE('',*,*,#735,.T.);
#948=ORIENTED_EDGE('',*,*,#722,.T.);
#949=ORIENTED_EDGE('',*,*,#737,.T.);
#950=ORIENTED_EDGE('',*,*,#738,.F.);
#951=ORIENTED_EDGE('',*,*,#737,.F.);
#952=ORIENTED_EDGE('',*,*,#721,.T.);
#953=ORIENTED_EDGE('',*,*,#728,.F.);
#954=ORIENTED_EDGE('',*,*,#739,.F.);
#955=ORIENTED_EDGE('',*,*,#740,.F.);
#956=ORIENTED_EDGE('',*,*,#741,.F.);
#957=ORIENTED_EDGE('',*,*,#742,.F.);
#958=ORIENTED_EDGE('',*,*,#743,.F.);
#959=ORIENTED_EDGE('',*,*,#744,.F.);
#960=ORIENTED_EDGE('',*,*,#745,.F.);
#961=ORIENTED_EDGE('',*,*,#746,.F.);
#962=ORIENTED_EDGE('',*,*,#747,.T.);
#963=ORIENTED_EDGE('',*,*,#745,.T.);
#964=ORIENTED_EDGE('',*,*,#748,.F.);
#965=ORIENTED_EDGE('',*,*,#749,.F.);
#966=ORIENTED_EDGE('',*,*,#748,.T.);
#967=ORIENTED_EDGE('',*,*,#744,.T.);
#968=ORIENTED_EDGE('',*,*,#750,.F.);
#969=ORIENTED_EDGE('',*,*,#751,.F.);
#970=ORIENTED_EDGE('',*,*,#750,.T.);
#971=ORIENTED_EDGE('',*,*,#743,.T.);
#972=ORIENTED_EDGE('',*,*,#752,.F.);
#973=ORIENTED_EDGE('',*,*,#753,.F.);
#974=ORIENTED_EDGE('',*,*,#752,.T.);
#975=ORIENTED_EDGE('',*,*,#742,.T.);
#976=ORIENTED_EDGE('',*,*,#754,.F.);
#977=ORIENTED_EDGE('',*,*,#755,.F.);
#978=ORIENTED_EDGE('',*,*,#754,.T.);
#979=ORIENTED_EDGE('',*,*,#741,.T.);
#980=ORIENTED_EDGE('',*,*,#756,.T.);
#981=ORIENTED_EDGE('',*,*,#757,.F.);
#982=ORIENTED_EDGE('',*,*,#756,.F.);
#983=ORIENTED_EDGE('',*,*,#740,.T.);
#984=ORIENTED_EDGE('',*,*,#747,.F.);
#985=ORIENTED_EDGE('',*,*,#758,.F.);
#986=ORIENTED_EDGE('',*,*,#759,.F.);
#987=ORIENTED_EDGE('',*,*,#760,.F.);
#988=ORIENTED_EDGE('',*,*,#761,.F.);
#989=ORIENTED_EDGE('',*,*,#762,.F.);
#990=ORIENTED_EDGE('',*,*,#763,.F.);
#991=ORIENTED_EDGE('',*,*,#764,.F.);
#992=ORIENTED_EDGE('',*,*,#765,.F.);
#993=ORIENTED_EDGE('',*,*,#766,.T.);
#994=ORIENTED_EDGE('',*,*,#764,.T.);
#995=ORIENTED_EDGE('',*,*,#767,.F.);
#996=ORIENTED_EDGE('',*,*,#768,.F.);
#997=ORIENTED_EDGE('',*,*,#767,.T.);
#998=ORIENTED_EDGE('',*,*,#763,.T.);
#999=ORIENTED_EDGE('',*,*,#769,.F.);
#1000=ORIENTED_EDGE('',*,*,#770,.F.);
#1001=ORIENTED_EDGE('',*,*,#769,.T.);
#1002=ORIENTED_EDGE('',*,*,#762,.T.);
#1003=ORIENTED_EDGE('',*,*,#771,.F.);
#1004=ORIENTED_EDGE('',*,*,#772,.F.);
#1005=ORIENTED_EDGE('',*,*,#771,.T.);
#1006=ORIENTED_EDGE('',*,*,#761,.T.);
#1007=ORIENTED_EDGE('',*,*,#773,.F.);
#1008=ORIENTED_EDGE('',*,*,#774,.F.);
#1009=ORIENTED_EDGE('',*,*,#773,.T.);
#1010=ORIENTED_EDGE('',*,*,#760,.T.);
#1011=ORIENTED_EDGE('',*,*,#775,.T.);
#1012=ORIENTED_EDGE('',*,*,#776,.F.);
#1013=ORIENTED_EDGE('',*,*,#775,.F.);
#1014=ORIENTED_EDGE('',*,*,#759,.T.);
#1015=ORIENTED_EDGE('',*,*,#766,.F.);
#1016=ORIENTED_EDGE('',*,*,#777,.F.);
#1017=ORIENTED_EDGE('',*,*,#778,.F.);
#1018=ORIENTED_EDGE('',*,*,#779,.F.);
#1019=ORIENTED_EDGE('',*,*,#780,.F.);
#1020=ORIENTED_EDGE('',*,*,#781,.F.);
#1021=ORIENTED_EDGE('',*,*,#782,.F.);
#1022=ORIENTED_EDGE('',*,*,#783,.F.);
#1023=ORIENTED_EDGE('',*,*,#784,.F.);
#1024=ORIENTED_EDGE('',*,*,#785,.T.);
#1025=ORIENTED_EDGE('',*,*,#783,.T.);
#1026=ORIENTED_EDGE('',*,*,#786,.F.);
#1027=ORIENTED_EDGE('',*,*,#787,.F.);
#1028=ORIENTED_EDGE('',*,*,#786,.T.);
#1029=ORIENTED_EDGE('',*,*,#782,.T.);
#1030=ORIENTED_EDGE('',*,*,#788,.F.);
#1031=ORIENTED_EDGE('',*,*,#789,.F.);
#1032=ORIENTED_EDGE('',*,*,#788,.T.);
#1033=ORIENTED_EDGE('',*,*,#781,.T.);
#1034=ORIENTED_EDGE('',*,*,#790,.F.);
#1035=ORIENTED_EDGE('',*,*,#791,.F.);
#1036=ORIENTED_EDGE('',*,*,#790,.T.);
#1037=ORIENTED_EDGE('',*,*,#780,.T.);
#1038=ORIENTED_EDGE('',*,*,#792,.F.);
#1039=ORIENTED_EDGE('',*,*,#793,.F.);
#1040=ORIENTED_EDGE('',*,*,#792,.T.);
#1041=ORIENTED_EDGE('',*,*,#779,.T.);
#1042=ORIENTED_EDGE('',*,*,#794,.T.);
#1043=ORIENTED_EDGE('',*,*,#795,.F.);
#1044=ORIENTED_EDGE('',*,*,#794,.F.);
#1045=ORIENTED_EDGE('',*,*,#778,.T.);
#1046=ORIENTED_EDGE('',*,*,#785,.F.);
#1047=ORIENTED_EDGE('',*,*,#796,.F.);
#1048=ORIENTED_EDGE('',*,*,#797,.F.);
#1049=ORIENTED_EDGE('',*,*,#798,.T.);
#1050=ORIENTED_EDGE('',*,*,#799,.F.);
#1051=ORIENTED_EDGE('',*,*,#800,.T.);
#1052=ORIENTED_EDGE('',*,*,#797,.T.);
#1053=ORIENTED_EDGE('',*,*,#800,.F.);
#1054=ORIENTED_EDGE('',*,*,#798,.F.);
#1055=ORIENTED_EDGE('',*,*,#801,.T.);
#1056=ORIENTED_EDGE('',*,*,#727,.T.);
#1057=ORIENTED_EDGE('',*,*,#801,.F.);
#1058=ORIENTED_EDGE('',*,*,#802,.F.);
#1059=ORIENTED_EDGE('',*,*,#803,.T.);
#1060=ORIENTED_EDGE('',*,*,#804,.F.);
#1061=ORIENTED_EDGE('',*,*,#805,.T.);
#1062=ORIENTED_EDGE('',*,*,#802,.T.);
#1063=ORIENTED_EDGE('',*,*,#805,.F.);
#1064=ORIENTED_EDGE('',*,*,#803,.F.);
#1065=ORIENTED_EDGE('',*,*,#806,.T.);
#1066=ORIENTED_EDGE('',*,*,#746,.T.);
#1067=ORIENTED_EDGE('',*,*,#806,.F.);
#1068=ORIENTED_EDGE('',*,*,#807,.F.);
#1069=ORIENTED_EDGE('',*,*,#808,.T.);
#1070=ORIENTED_EDGE('',*,*,#809,.F.);
#1071=ORIENTED_EDGE('',*,*,#810,.T.);
#1072=ORIENTED_EDGE('',*,*,#807,.T.);
#1073=ORIENTED_EDGE('',*,*,#810,.F.);
#1074=ORIENTED_EDGE('',*,*,#808,.F.);
#1075=ORIENTED_EDGE('',*,*,#811,.T.);
#1076=ORIENTED_EDGE('',*,*,#784,.T.);
#1077=ORIENTED_EDGE('',*,*,#811,.F.);
#1078=ORIENTED_EDGE('',*,*,#812,.F.);
#1079=ORIENTED_EDGE('',*,*,#813,.T.);
#1080=ORIENTED_EDGE('',*,*,#814,.F.);
#1081=ORIENTED_EDGE('',*,*,#815,.T.);
#1082=ORIENTED_EDGE('',*,*,#812,.T.);
#1083=ORIENTED_EDGE('',*,*,#815,.F.);
#1084=ORIENTED_EDGE('',*,*,#813,.F.);
#1085=ORIENTED_EDGE('',*,*,#816,.T.);
#1086=ORIENTED_EDGE('',*,*,#765,.T.);
#1087=ORIENTED_EDGE('',*,*,#816,.F.);
#1088=ORIENTED_EDGE('',*,*,#817,.F.);
#1089=ORIENTED_EDGE('',*,*,#818,.T.);
#1090=ORIENTED_EDGE('',*,*,#819,.T.);
#1091=ORIENTED_EDGE('',*,*,#820,.F.);
#1092=ORIENTED_EDGE('',*,*,#821,.F.);
#1093=ORIENTED_EDGE('',*,*,#820,.T.);
#1094=ORIENTED_EDGE('',*,*,#822,.T.);
#1095=ORIENTED_EDGE('',*,*,#823,.F.);
#1096=ORIENTED_EDGE('',*,*,#824,.F.);
#1097=ORIENTED_EDGE('',*,*,#823,.T.);
#1098=ORIENTED_EDGE('',*,*,#825,.T.);
#1099=ORIENTED_EDGE('',*,*,#826,.F.);
#1100=ORIENTED_EDGE('',*,*,#827,.F.);
#1101=ORIENTED_EDGE('',*,*,#826,.T.);
#1102=ORIENTED_EDGE('',*,*,#828,.T.);
#1103=ORIENTED_EDGE('',*,*,#829,.F.);
#1104=ORIENTED_EDGE('',*,*,#830,.F.);
#1105=ORIENTED_EDGE('',*,*,#831,.T.);
#1106=ORIENTED_EDGE('',*,*,#832,.T.);
#1107=ORIENTED_EDGE('',*,*,#818,.F.);
#1108=ORIENTED_EDGE('',*,*,#833,.F.);
#1109=ORIENTED_EDGE('',*,*,#829,.T.);
#1110=ORIENTED_EDGE('',*,*,#834,.T.);
#1111=ORIENTED_EDGE('',*,*,#831,.F.);
#1112=ORIENTED_EDGE('',*,*,#834,.F.);
#1113=ORIENTED_EDGE('',*,*,#828,.F.);
#1114=ORIENTED_EDGE('',*,*,#825,.F.);
#1115=ORIENTED_EDGE('',*,*,#822,.F.);
#1116=ORIENTED_EDGE('',*,*,#819,.F.);
#1117=ORIENTED_EDGE('',*,*,#832,.F.);
#1118=ORIENTED_EDGE('',*,*,#835,.F.);
#1119=ORIENTED_EDGE('',*,*,#836,.F.);
#1120=ORIENTED_EDGE('',*,*,#837,.F.);
#1121=ORIENTED_EDGE('',*,*,#838,.T.);
#1122=ORIENTED_EDGE('',*,*,#839,.T.);
#1123=ORIENTED_EDGE('',*,*,#838,.F.);
#1124=ORIENTED_EDGE('',*,*,#839,.F.);
#1125=ORIENTED_EDGE('',*,*,#840,.F.);
#1126=ORIENTED_EDGE('',*,*,#840,.T.);
#1127=ORIENTED_EDGE('',*,*,#841,.T.);
#1128=ORIENTED_EDGE('',*,*,#842,.F.);
#1129=ORIENTED_EDGE('',*,*,#841,.F.);
#1130=ORIENTED_EDGE('',*,*,#843,.F.);
#1131=ORIENTED_EDGE('',*,*,#844,.T.);
#1132=ORIENTED_EDGE('',*,*,#835,.T.);
#1133=ORIENTED_EDGE('',*,*,#844,.F.);
#1134=ORIENTED_EDGE('',*,*,#845,.T.);
#1135=ORIENTED_EDGE('',*,*,#846,.F.);
#1136=ORIENTED_EDGE('',*,*,#847,.T.);
#1137=ORIENTED_EDGE('',*,*,#848,.T.);
#1138=ORIENTED_EDGE('',*,*,#849,.T.);
#1139=ORIENTED_EDGE('',*,*,#850,.F.);
#1140=ORIENTED_EDGE('',*,*,#845,.F.);
#1141=ORIENTED_EDGE('',*,*,#851,.T.);
#1142=ORIENTED_EDGE('',*,*,#716,.T.);
#1143=ORIENTED_EDGE('',*,*,#713,.T.);
#1144=ORIENTED_EDGE('',*,*,#836,.T.);
#1145=ORIENTED_EDGE('',*,*,#837,.T.);
#1146=ORIENTED_EDGE('',*,*,#852,.T.);
#1147=ORIENTED_EDGE('',*,*,#853,.T.);
#1148=ORIENTED_EDGE('',*,*,#847,.F.);
#1149=ORIENTED_EDGE('',*,*,#854,.F.);
#1150=ORIENTED_EDGE('',*,*,#855,.F.);
#1151=ORIENTED_EDGE('',*,*,#856,.T.);
#1152=ORIENTED_EDGE('',*,*,#857,.T.);
#1153=ORIENTED_EDGE('',*,*,#858,.T.);
#1154=ORIENTED_EDGE('',*,*,#859,.F.);
#1155=ORIENTED_EDGE('',*,*,#860,.T.);
#1156=ORIENTED_EDGE('',*,*,#861,.F.);
#1157=ORIENTED_EDGE('',*,*,#849,.F.);
#1158=ORIENTED_EDGE('',*,*,#862,.T.);
#1159=ORIENTED_EDGE('',*,*,#863,.T.);
#1160=ORIENTED_EDGE('',*,*,#864,.T.);
#1161=ORIENTED_EDGE('',*,*,#856,.F.);
#1162=ORIENTED_EDGE('',*,*,#865,.F.);
#1163=ORIENTED_EDGE('',*,*,#866,.F.);
#1164=ORIENTED_EDGE('',*,*,#867,.T.);
#1165=ORIENTED_EDGE('',*,*,#868,.F.);
#1166=ORIENTED_EDGE('',*,*,#869,.T.);
#1167=ORIENTED_EDGE('',*,*,#870,.T.);
#1168=ORIENTED_EDGE('',*,*,#871,.F.);
#1169=ORIENTED_EDGE('',*,*,#860,.F.);
#1170=ORIENTED_EDGE('',*,*,#872,.T.);
#1171=ORIENTED_EDGE('',*,*,#873,.T.);
#1172=ORIENTED_EDGE('',*,*,#874,.T.);
#1173=ORIENTED_EDGE('',*,*,#863,.F.);
#1174=ORIENTED_EDGE('',*,*,#875,.F.);
#1175=ORIENTED_EDGE('',*,*,#712,.T.);
#1176=ORIENTED_EDGE('',*,*,#709,.T.);
#1177=ORIENTED_EDGE('',*,*,#827,.T.);
#1178=ORIENTED_EDGE('',*,*,#833,.T.);
#1179=ORIENTED_EDGE('',*,*,#830,.T.);
#1180=ORIENTED_EDGE('',*,*,#817,.T.);
#1181=ORIENTED_EDGE('',*,*,#821,.T.);
#1182=ORIENTED_EDGE('',*,*,#824,.T.);
#1183=ORIENTED_EDGE('',*,*,#873,.F.);
#1184=ORIENTED_EDGE('',*,*,#876,.F.);
#1185=ORIENTED_EDGE('',*,*,#870,.F.);
#1186=ORIENTED_EDGE('',*,*,#877,.T.);
#1187=ORIENTED_EDGE('',*,*,#872,.F.);
#1188=ORIENTED_EDGE('',*,*,#878,.F.);
#1189=ORIENTED_EDGE('',*,*,#879,.F.);
#1190=ORIENTED_EDGE('',*,*,#880,.T.);
#1191=ORIENTED_EDGE('',*,*,#869,.F.);
#1192=ORIENTED_EDGE('',*,*,#881,.T.);
#1193=ORIENTED_EDGE('',*,*,#882,.F.);
#1194=ORIENTED_EDGE('',*,*,#883,.F.);
#1195=ORIENTED_EDGE('',*,*,#862,.F.);
#1196=ORIENTED_EDGE('',*,*,#884,.T.);
#1197=ORIENTED_EDGE('',*,*,#885,.T.);
#1198=ORIENTED_EDGE('',*,*,#878,.T.);
#1199=ORIENTED_EDGE('',*,*,#851,.F.);
#1200=ORIENTED_EDGE('',*,*,#886,.F.);
#1201=ORIENTED_EDGE('',*,*,#887,.F.);
#1202=ORIENTED_EDGE('',*,*,#884,.F.);
#1203=ORIENTED_EDGE('',*,*,#853,.F.);
#1204=ORIENTED_EDGE('',*,*,#888,.T.);
#1205=ORIENTED_EDGE('',*,*,#889,.F.);
#1206=ORIENTED_EDGE('',*,*,#890,.F.);
#1207=ORIENTED_EDGE('',*,*,#848,.F.);
#1208=ORIENTED_EDGE('',*,*,#890,.T.);
#1209=ORIENTED_EDGE('',*,*,#891,.T.);
#1210=ORIENTED_EDGE('',*,*,#886,.T.);
#1211=ORIENTED_EDGE('',*,*,#885,.F.);
#1212=ORIENTED_EDGE('',*,*,#887,.T.);
#1213=ORIENTED_EDGE('',*,*,#891,.F.);
#1214=ORIENTED_EDGE('',*,*,#889,.T.);
#1215=ORIENTED_EDGE('',*,*,#892,.T.);
#1216=ORIENTED_EDGE('',*,*,#879,.T.);
#1217=ORIENTED_EDGE('',*,*,#799,.T.);
#1218=ORIENTED_EDGE('',*,*,#809,.T.);
#1219=ORIENTED_EDGE('',*,*,#864,.F.);
#1220=ORIENTED_EDGE('',*,*,#893,.T.);
#1221=ORIENTED_EDGE('',*,*,#894,.T.);
#1222=ORIENTED_EDGE('',*,*,#895,.T.);
#1223=ORIENTED_EDGE('',*,*,#894,.F.);
#1224=ORIENTED_EDGE('',*,*,#896,.T.);
#1225=ORIENTED_EDGE('',*,*,#897,.F.);
#1226=ORIENTED_EDGE('',*,*,#882,.T.);
#1227=ORIENTED_EDGE('',*,*,#898,.T.);
#1228=ORIENTED_EDGE('',*,*,#899,.T.);
#1229=ORIENTED_EDGE('',*,*,#804,.T.);
#1230=ORIENTED_EDGE('',*,*,#814,.T.);
#1231=ORIENTED_EDGE('',*,*,#874,.F.);
#1232=ORIENTED_EDGE('',*,*,#900,.F.);
#1233=ORIENTED_EDGE('',*,*,#896,.F.);
#1234=ORIENTED_EDGE('',*,*,#893,.F.);
#1235=ORIENTED_EDGE('',*,*,#877,.F.);
#1236=ORIENTED_EDGE('',*,*,#883,.T.);
#1237=ORIENTED_EDGE('',*,*,#897,.T.);
#1238=ORIENTED_EDGE('',*,*,#900,.T.);
#1239=ORIENTED_EDGE('',*,*,#901,.F.);
#1240=ORIENTED_EDGE('',*,*,#898,.F.);
#1241=ORIENTED_EDGE('',*,*,#881,.F.);
#1242=ORIENTED_EDGE('',*,*,#868,.T.);
#1243=ORIENTED_EDGE('',*,*,#902,.F.);
#1244=ORIENTED_EDGE('',*,*,#858,.F.);
#1245=ORIENTED_EDGE('',*,*,#843,.T.);
#1246=ORIENTED_EDGE('',*,*,#902,.T.);
#1247=ORIENTED_EDGE('',*,*,#867,.F.);
#1248=ORIENTED_EDGE('',*,*,#903,.F.);
#1249=ORIENTED_EDGE('',*,*,#859,.T.);
#1250=ORIENTED_EDGE('',*,*,#903,.T.);
#1251=ORIENTED_EDGE('',*,*,#866,.T.);
#1252=ORIENTED_EDGE('',*,*,#880,.F.);
#1253=ORIENTED_EDGE('',*,*,#892,.F.);
#1254=ORIENTED_EDGE('',*,*,#888,.F.);
#1255=ORIENTED_EDGE('',*,*,#852,.F.);
#1256=ORIENTED_EDGE('',*,*,#842,.T.);
#1257=ORIENTED_EDGE('',*,*,#857,.F.);
#1258=ORIENTED_EDGE('',*,*,#895,.F.);
#1259=ORIENTED_EDGE('',*,*,#899,.F.);
#1260=ORIENTED_EDGE('',*,*,#901,.T.);
#1261=ORIENTED_EDGE('',*,*,#904,.F.);
#1262=ORIENTED_EDGE('',*,*,#905,.T.);
#1263=ORIENTED_EDGE('',*,*,#854,.T.);
#1264=ORIENTED_EDGE('',*,*,#846,.T.);
#1265=ORIENTED_EDGE('',*,*,#850,.T.);
#1266=ORIENTED_EDGE('',*,*,#861,.T.);
#1267=ORIENTED_EDGE('',*,*,#871,.T.);
#1268=ORIENTED_EDGE('',*,*,#876,.T.);
#1269=ORIENTED_EDGE('',*,*,#875,.T.);
#1270=ORIENTED_EDGE('',*,*,#865,.T.);
#1271=ORIENTED_EDGE('',*,*,#855,.T.);
#1272=ORIENTED_EDGE('',*,*,#905,.F.);
#1273=ORIENTED_EDGE('',*,*,#904,.T.);
#1274=ORIENTED_EDGE('',*,*,#717,.T.);
#1275=ORIENTED_EDGE('',*,*,#719,.T.);
#1276=ORIENTED_EDGE('',*,*,#730,.T.);
#1277=ORIENTED_EDGE('',*,*,#732,.T.);
#1278=ORIENTED_EDGE('',*,*,#734,.T.);
#1279=ORIENTED_EDGE('',*,*,#736,.T.);
#1280=ORIENTED_EDGE('',*,*,#738,.T.);
#1281=ORIENTED_EDGE('',*,*,#739,.T.);
#1282=ORIENTED_EDGE('',*,*,#749,.T.);
#1283=ORIENTED_EDGE('',*,*,#751,.T.);
#1284=ORIENTED_EDGE('',*,*,#753,.T.);
#1285=ORIENTED_EDGE('',*,*,#755,.T.);
#1286=ORIENTED_EDGE('',*,*,#757,.T.);
#1287=ORIENTED_EDGE('',*,*,#758,.T.);
#1288=ORIENTED_EDGE('',*,*,#768,.T.);
#1289=ORIENTED_EDGE('',*,*,#770,.T.);
#1290=ORIENTED_EDGE('',*,*,#772,.T.);
#1291=ORIENTED_EDGE('',*,*,#774,.T.);
#1292=ORIENTED_EDGE('',*,*,#776,.T.);
#1293=ORIENTED_EDGE('',*,*,#777,.T.);
#1294=ORIENTED_EDGE('',*,*,#787,.T.);
#1295=ORIENTED_EDGE('',*,*,#789,.T.);
#1296=ORIENTED_EDGE('',*,*,#791,.T.);
#1297=ORIENTED_EDGE('',*,*,#793,.T.);
#1298=ORIENTED_EDGE('',*,*,#795,.T.);
#1299=ORIENTED_EDGE('',*,*,#796,.T.);
#1300=PLANE('',#1450);
#1301=PLANE('',#1454);
#1302=PLANE('',#1462);
#1303=PLANE('',#1464);
#1304=PLANE('',#1465);
#1305=PLANE('',#1466);
#1306=PLANE('',#1467);
#1307=PLANE('',#1468);
#1308=PLANE('',#1469);
#1309=PLANE('',#1470);
#1310=PLANE('',#1472);
#1311=PLANE('',#1473);
#1312=PLANE('',#1474);
#1313=PLANE('',#1475);
#1314=PLANE('',#1476);
#1315=PLANE('',#1477);
#1316=PLANE('',#1478);
#1317=PLANE('',#1480);
#1318=PLANE('',#1481);
#1319=PLANE('',#1482);
#1320=PLANE('',#1483);
#1321=PLANE('',#1484);
#1322=PLANE('',#1485);
#1323=PLANE('',#1486);
#1324=PLANE('',#1488);
#1325=PLANE('',#1489);
#1326=PLANE('',#1490);
#1327=PLANE('',#1491);
#1328=PLANE('',#1492);
#1329=PLANE('',#1493);
#1330=PLANE('',#1494);
#1331=PLANE('',#1500);
#1332=PLANE('',#1506);
#1333=PLANE('',#1512);
#1334=PLANE('',#1518);
#1335=PLANE('',#1519);
#1336=PLANE('',#1520);
#1337=PLANE('',#1521);
#1338=PLANE('',#1522);
#1339=PLANE('',#1523);
#1340=PLANE('',#1524);
#1341=PLANE('',#1528);
#1342=PLANE('',#1551);
#1343=PLANE('',#1552);
#1344=PLANE('',#1555);
#1345=PLANE('',#1556);
#1346=PLANE('',#1559);
#1347=PLANE('',#1562);
#1348=PLANE('',#1564);
#1349=PLANE('',#1566);
#1350=PLANE('',#1567);
#1351=PLANE('',#1568);
#1352=PLANE('',#1569);
#1353=PLANE('',#1572);
#1354=ADVANCED_FACE('',(#313,#285),#1300,.T.);
#1355=ADVANCED_FACE('',(#314),#265,.F.);
#1356=ADVANCED_FACE('',(#315,#286),#1301,.T.);
#1357=ADVANCED_FACE('',(#316),#266,.F.);
#1358=ADVANCED_FACE('',(#317),#267,.F.);
#1359=ADVANCED_FACE('',(#318),#268,.F.);
#1360=ADVANCED_FACE('',(#319,#287),#1302,.F.);
#1361=ADVANCED_FACE('',(#320),#1303,.F.);
#1362=ADVANCED_FACE('',(#321),#1304,.F.);
#1363=ADVANCED_FACE('',(#322),#1305,.F.);
#1364=ADVANCED_FACE('',(#323),#1306,.F.);
#1365=ADVANCED_FACE('',(#324),#1307,.F.);
#1366=ADVANCED_FACE('',(#325),#1308,.F.);
#1367=ADVANCED_FACE('',(#326,#288),#1309,.F.);
#1368=ADVANCED_FACE('',(#327),#1310,.F.);
#1369=ADVANCED_FACE('',(#328),#1311,.F.);
#1370=ADVANCED_FACE('',(#329),#1312,.F.);
#1371=ADVANCED_FACE('',(#330),#1313,.F.);
#1372=ADVANCED_FACE('',(#331),#1314,.F.);
#1373=ADVANCED_FACE('',(#332),#1315,.F.);
#1374=ADVANCED_FACE('',(#333,#289),#1316,.F.);
#1375=ADVANCED_FACE('',(#334),#1317,.F.);
#1376=ADVANCED_FACE('',(#335),#1318,.F.);
#1377=ADVANCED_FACE('',(#336),#1319,.F.);
#1378=ADVANCED_FACE('',(#337),#1320,.F.);
#1379=ADVANCED_FACE('',(#338),#1321,.F.);
#1380=ADVANCED_FACE('',(#339),#1322,.F.);
#1381=ADVANCED_FACE('',(#340,#290),#1323,.F.);
#1382=ADVANCED_FACE('',(#341),#1324,.F.);
#1383=ADVANCED_FACE('',(#342),#1325,.F.);
#1384=ADVANCED_FACE('',(#343),#1326,.F.);
#1385=ADVANCED_FACE('',(#344),#1327,.F.);
#1386=ADVANCED_FACE('',(#345),#1328,.F.);
#1387=ADVANCED_FACE('',(#346),#1329,.F.);
#1388=ADVANCED_FACE('',(#347,#291),#1330,.F.);
#1389=ADVANCED_FACE('',(#348),#269,.F.);
#1390=ADVANCED_FACE('',(#349),#270,.F.);
#1391=ADVANCED_FACE('',(#350,#292),#1331,.F.);
#1392=ADVANCED_FACE('',(#351),#271,.F.);
#1393=ADVANCED_FACE('',(#352),#272,.F.);
#1394=ADVANCED_FACE('',(#353,#293),#1332,.F.);
#1395=ADVANCED_FACE('',(#354),#273,.F.);
#1396=ADVANCED_FACE('',(#355),#274,.F.);
#1397=ADVANCED_FACE('',(#356,#294),#1333,.F.);
#1398=ADVANCED_FACE('',(#357),#275,.F.);
#1399=ADVANCED_FACE('',(#358),#276,.F.);
#1400=ADVANCED_FACE('',(#359),#1334,.F.);
#1401=ADVANCED_FACE('',(#360),#1335,.F.);
#1402=ADVANCED_FACE('',(#361),#1336,.F.);
#1403=ADVANCED_FACE('',(#362),#1337,.F.);
#1404=ADVANCED_FACE('',(#363),#1338,.F.);
#1405=ADVANCED_FACE('',(#364),#1339,.F.);
#1406=ADVANCED_FACE('',(#365,#295),#1340,.F.);
#1407=ADVANCED_FACE('',(#366),#277,.F.);
#1408=ADVANCED_FACE('',(#367,#296),#1341,.F.);
#1409=ADVANCED_FACE('',(#368),#278,.F.);
#1410=ADVANCED_FACE('',(#369),#279,.F.);
#1411=ADVANCED_FACE('',(#370),#15,.T.);
#1412=ADVANCED_FACE('',(#371,#297,#298),#16,.T.);
#1413=ADVANCED_FACE('',(#372),#17,.T.);
#1414=ADVANCED_FACE('',(#373),#18,.T.);
#1415=ADVANCED_FACE('',(#374),#19,.T.);
#1416=ADVANCED_FACE('',(#375),#20,.T.);
#1417=ADVANCED_FACE('',(#376,#299,#300),#21,.T.);
#1418=ADVANCED_FACE('',(#377),#22,.T.);
#1419=ADVANCED_FACE('',(#378),#1342,.T.);
#1420=ADVANCED_FACE('',(#379),#1343,.T.);
#1421=ADVANCED_FACE('',(#380),#280,.T.);
#1422=ADVANCED_FACE('',(#381),#1344,.T.);
#1423=ADVANCED_FACE('',(#382),#1345,.T.);
#1424=ADVANCED_FACE('',(#383),#281,.T.);
#1425=ADVANCED_FACE('',(#384,#301,#302),#1346,.F.);
#1426=ADVANCED_FACE('',(#385),#282,.T.);
#1427=ADVANCED_FACE('',(#386,#303,#304),#1347,.F.);
#1428=ADVANCED_FACE('',(#387),#1348,.T.);
#1429=ADVANCED_FACE('',(#388),#283,.T.);
#1430=ADVANCED_FACE('',(#389,#305),#1349,.F.);
#1431=ADVANCED_FACE('',(#390),#1350,.F.);
#1432=ADVANCED_FACE('',(#391,#306),#1351,.F.);
#1433=ADVANCED_FACE('',(#392),#1352,.T.);
#1434=ADVANCED_FACE('',(#393),#284,.T.);
#1435=ADVANCED_FACE('',(#394,#307,#308,#309,#310,#311,#312),#1353,.T.);
#1436=CLOSED_SHELL('',(#1354,#1355,#1356,#1357,#1358,#1359,#1360,#1361,
#1362,#1363,#1364,#1365,#1366,#1367,#1368,#1369,#1370,#1371,#1372,#1373,
#1374,#1375,#1376,#1377,#1378,#1379,#1380,#1381,#1382,#1383,#1384,#1385,
#1386,#1387,#1388,#1389,#1390,#1391,#1392,#1393,#1394,#1395,#1396,#1397,
#1398,#1399,#1400,#1401,#1402,#1403,#1404,#1405,#1406,#1407,#1408,#1409,
#1410,#1411,#1412,#1413,#1414,#1415,#1416,#1417,#1418,#1419,#1420,#1421,
#1422,#1423,#1424,#1425,#1426,#1427,#1428,#1429,#1430,#1431,#1432,#1433,
#1434,#1435));
#1437=DERIVED_UNIT_ELEMENT(#1439,1.);
#1438=DERIVED_UNIT_ELEMENT(#3076,-3.);
#1439=(
MASS_UNIT()
NAMED_UNIT(*)
SI_UNIT(.KILO.,.GRAM.)
);
#1440=DERIVED_UNIT((#1437,#1438));
#1441=MEASURE_REPRESENTATION_ITEM('density measure',
POSITIVE_RATIO_MEASURE(1060.),#1440);
#1442=PROPERTY_DEFINITION_REPRESENTATION(#1447,#1444);
#1443=PROPERTY_DEFINITION_REPRESENTATION(#1448,#1445);
#1444=REPRESENTATION('material name',(#1446),#3073);
#1445=REPRESENTATION('density',(#1441),#3073);
#1446=DESCRIPTIVE_REPRESENTATION_ITEM('ABS Plastic','ABS Plastic');
#1447=PROPERTY_DEFINITION('material property','material name',#3083);
#1448=PROPERTY_DEFINITION('material property','density of part',#3083);
#1449=AXIS2_PLACEMENT_3D('',#1941,#1573,#1574);
#1450=AXIS2_PLACEMENT_3D('',#1942,#1575,#1576);
#1451=AXIS2_PLACEMENT_3D('',#1949,#1577,#1578);
#1452=AXIS2_PLACEMENT_3D('',#1951,#1579,#1580);
#1453=AXIS2_PLACEMENT_3D('',#1952,#1581,#1582);
#1454=AXIS2_PLACEMENT_3D('',#1991,#1583,#1584);
#1455=AXIS2_PLACEMENT_3D('',#1998,#1585,#1586);
#1456=AXIS2_PLACEMENT_3D('',#2000,#1587,#1588);
#1457=AXIS2_PLACEMENT_3D('',#2001,#1589,#1590);
#1458=AXIS2_PLACEMENT_3D('',#2040,#1591,#1592);
#1459=AXIS2_PLACEMENT_3D('',#2042,#1593,#1594);
#1460=AXIS2_PLACEMENT_3D('',#2044,#1596,#1597);
#1461=AXIS2_PLACEMENT_3D('',#2046,#1598,#1599);
#1462=AXIS2_PLACEMENT_3D('',#2048,#1601,#1602);
#1463=AXIS2_PLACEMENT_3D('',#2062,#1609,#1610);
#1464=AXIS2_PLACEMENT_3D('',#2063,#1611,#1612);
#1465=AXIS2_PLACEMENT_3D('',#2069,#1616,#1617);
#1466=AXIS2_PLACEMENT_3D('',#2073,#1620,#1621);
#1467=AXIS2_PLACEMENT_3D('',#2077,#1624,#1625);
#1468=AXIS2_PLACEMENT_3D('',#2081,#1628,#1629);
#1469=AXIS2_PLACEMENT_3D('',#2085,#1632,#1633);
#1470=AXIS2_PLACEMENT_3D('',#2087,#1635,#1636);
#1471=AXIS2_PLACEMENT_3D('',#2101,#1643,#1644);
#1472=AXIS2_PLACEMENT_3D('',#2102,#1645,#1646);
#1473=AXIS2_PLACEMENT_3D('',#2108,#1650,#1651);
#1474=AXIS2_PLACEMENT_3D('',#2112,#1654,#1655);
#1475=AXIS2_PLACEMENT_3D('',#2116,#1658,#1659);
#1476=AXIS2_PLACEMENT_3D('',#2120,#1662,#1663);
#1477=AXIS2_PLACEMENT_3D('',#2124,#1666,#1667);
#1478=AXIS2_PLACEMENT_3D('',#2126,#1669,#1670);
#1479=AXIS2_PLACEMENT_3D('',#2140,#1677,#1678);
#1480=AXIS2_PLACEMENT_3D('',#2141,#1679,#1680);
#1481=AXIS2_PLACEMENT_3D('',#2147,#1684,#1685);
#1482=AXIS2_PLACEMENT_3D('',#2151,#1688,#1689);
#1483=AXIS2_PLACEMENT_3D('',#2155,#1692,#1693);
#1484=AXIS2_PLACEMENT_3D('',#2159,#1696,#1697);
#1485=AXIS2_PLACEMENT_3D('',#2163,#1700,#1701);
#1486=AXIS2_PLACEMENT_3D('',#2165,#1703,#1704);
#1487=AXIS2_PLACEMENT_3D('',#2179,#1711,#1712);
#1488=AXIS2_PLACEMENT_3D('',#2180,#1713,#1714);
#1489=AXIS2_PLACEMENT_3D('',#2186,#1718,#1719);
#1490=AXIS2_PLACEMENT_3D('',#2190,#1722,#1723);
#1491=AXIS2_PLACEMENT_3D('',#2194,#1726,#1727);
#1492=AXIS2_PLACEMENT_3D('',#2198,#1730,#1731);
#1493=AXIS2_PLACEMENT_3D('',#2202,#1734,#1735);
#1494=AXIS2_PLACEMENT_3D('',#2204,#1737,#1738);
#1495=AXIS2_PLACEMENT_3D('',#2206,#1739,#1740);
#1496=AXIS2_PLACEMENT_3D('',#2208,#1741,#1742);
#1497=AXIS2_PLACEMENT_3D('',#2209,#1743,#1744);
#1498=AXIS2_PLACEMENT_3D('',#2211,#1745,#1746);
#1499=AXIS2_PLACEMENT_3D('',#2213,#1748,#1749);
#1500=AXIS2_PLACEMENT_3D('',#2215,#1751,#1752);
#1501=AXIS2_PLACEMENT_3D('',#2217,#1753,#1754);
#1502=AXIS2_PLACEMENT_3D('',#2219,#1755,#1756);
#1503=AXIS2_PLACEMENT_3D('',#2220,#1757,#1758);
#1504=AXIS2_PLACEMENT_3D('',#2222,#1759,#1760);
#1505=AXIS2_PLACEMENT_3D('',#2224,#1762,#1763);
#1506=AXIS2_PLACEMENT_3D('',#2226,#1765,#1766);
#1507=AXIS2_PLACEMENT_3D('',#2228,#1767,#1768);
#1508=AXIS2_PLACEMENT_3D('',#2230,#1769,#1770);
#1509=AXIS2_PLACEMENT_3D('',#2231,#1771,#1772);
#1510=AXIS2_PLACEMENT_3D('',#2233,#1773,#1774);
#1511=AXIS2_PLACEMENT_3D('',#2235,#1776,#1777);
#1512=AXIS2_PLACEMENT_3D('',#2237,#1779,#1780);
#1513=AXIS2_PLACEMENT_3D('',#2239,#1781,#1782);
#1514=AXIS2_PLACEMENT_3D('',#2241,#1783,#1784);
#1515=AXIS2_PLACEMENT_3D('',#2242,#1785,#1786);
#1516=AXIS2_PLACEMENT_3D('',#2244,#1787,#1788);
#1517=AXIS2_PLACEMENT_3D('',#2246,#1790,#1791);
#1518=AXIS2_PLACEMENT_3D('',#2248,#1793,#1794);
#1519=AXIS2_PLACEMENT_3D('',#2260,#1798,#1799);
#1520=AXIS2_PLACEMENT_3D('',#2275,#1802,#1803);
#1521=AXIS2_PLACEMENT_3D('',#2284,#1806,#1807);
#1522=AXIS2_PLACEMENT_3D('',#2293,#1810,#1811);
#1523=AXIS2_PLACEMENT_3D('',#2302,#1814,#1815);
#1524=AXIS2_PLACEMENT_3D('',#2314,#1817,#1818);
#1525=AXIS2_PLACEMENT_3D('',#2316,#1819,#1820);
#1526=AXIS2_PLACEMENT_3D('',#2317,#1821,#1822);
#1527=AXIS2_PLACEMENT_3D('',#2498,#1824,#1825);
#1528=AXIS2_PLACEMENT_3D('',#2499,#1826,#1827);
#1529=AXIS2_PLACEMENT_3D('',#2501,#1828,#1829);
#1530=AXIS2_PLACEMENT_3D('',#2502,#1830,#1831);
#1531=AXIS2_PLACEMENT_3D('',#2505,#1833,#1834);
#1532=AXIS2_PLACEMENT_3D('',#2506,#1835,#1836);
#1533=AXIS2_PLACEMENT_3D('',#2508,#1837,#1838);
#1534=AXIS2_PLACEMENT_3D('',#2554,#1840,#1841);
#1535=AXIS2_PLACEMENT_3D('',#2556,#1842,#1843);
#1536=AXIS2_PLACEMENT_3D('',#2558,#1844,#1845);
#1537=AXIS2_PLACEMENT_3D('',#2631,#1846,#1847);
#1538=AXIS2_PLACEMENT_3D('',#2632,#1848,#1849);
#1539=AXIS2_PLACEMENT_3D('',#2680,#1850,#1851);
#1540=AXIS2_PLACEMENT_3D('',#2682,#1852,#1853);
#1541=AXIS2_PLACEMENT_3D('',#2684,#1854,#1855);
#1542=AXIS2_PLACEMENT_3D('',#2766,#1856,#1857);
#1543=AXIS2_PLACEMENT_3D('',#2767,#1858,#1859);
#1544=AXIS2_PLACEMENT_3D('',#2819,#1860,#1861);
#1545=AXIS2_PLACEMENT_3D('',#2827,#1862,#1863);
#1546=AXIS2_PLACEMENT_3D('',#2881,#1864,#1865);
#1547=AXIS2_PLACEMENT_3D('',#2882,#1866,#1867);
#1548=AXIS2_PLACEMENT_3D('',#2952,#1868,#1869);
#1549=AXIS2_PLACEMENT_3D('',#2962,#1870,#1871);
#1550=AXIS2_PLACEMENT_3D('',#3005,#1872,#1873);
#1551=AXIS2_PLACEMENT_3D('',#3013,#1874,#1875);
#1552=AXIS2_PLACEMENT_3D('',#3019,#1879,#1880);
#1553=AXIS2_PLACEMENT_3D('',#3025,#1884,#1885);
#1554=AXIS2_PLACEMENT_3D('',#3028,#1887,#1888);
#1555=AXIS2_PLACEMENT_3D('',#3029,#1889,#1890);
#1556=AXIS2_PLACEMENT_3D('',#3033,#1893,#1894);
#1557=AXIS2_PLACEMENT_3D('',#3039,#1898,#1899);
#1558=AXIS2_PLACEMENT_3D('',#3040,#1900,#1901);
#1559=AXIS2_PLACEMENT_3D('',#3041,#1902,#1903);
#1560=AXIS2_PLACEMENT_3D('',#3043,#1905,#1906);
#1561=AXIS2_PLACEMENT_3D('',#3047,#1908,#1909);
#1562=AXIS2_PLACEMENT_3D('',#3049,#1911,#1912);
#1563=AXIS2_PLACEMENT_3D('',#3052,#1914,#1915);
#1564=AXIS2_PLACEMENT_3D('',#3056,#1918,#1919);
#1565=AXIS2_PLACEMENT_3D('',#3058,#1921,#1922);
#1566=AXIS2_PLACEMENT_3D('',#3059,#1923,#1924);
#1567=AXIS2_PLACEMENT_3D('',#3062,#1927,#1928);
#1568=AXIS2_PLACEMENT_3D('',#3064,#1930,#1931);
#1569=AXIS2_PLACEMENT_3D('',#3065,#1932,#1933);
#1570=AXIS2_PLACEMENT_3D('',#3066,#1934,#1935);
#1571=AXIS2_PLACEMENT_3D('',#3068,#1936,#1937);
#1572=AXIS2_PLACEMENT_3D('',#3070,#1939,#1940);
#1573=DIRECTION('axis',(0.,0.,1.));
#1574=DIRECTION('refdir',(1.,0.,0.));
#1575=DIRECTION('center_axis',(0.,1.,0.));
#1576=DIRECTION('ref_axis',(-1.,0.,0.));
#1577=DIRECTION('center_axis',(0.,-1.,0.));
#1578=DIRECTION('ref_axis',(-1.,0.,0.));
#1579=DIRECTION('center_axis',(0.,1.,0.));
#1580=DIRECTION('ref_axis',(1.,0.,0.));
#1581=DIRECTION('center_axis',(0.,-1.,0.));
#1582=DIRECTION('ref_axis',(1.83697019872103E-16,0.,-1.));
#1583=DIRECTION('center_axis',(0.,1.,0.));
#1584=DIRECTION('ref_axis',(-1.,0.,0.));
#1585=DIRECTION('center_axis',(0.,-1.,0.));
#1586=DIRECTION('ref_axis',(-1.,0.,0.));
#1587=DIRECTION('center_axis',(0.,1.,0.));
#1588=DIRECTION('ref_axis',(1.,0.,0.));
#1589=DIRECTION('center_axis',(0.,-1.,0.));
#1590=DIRECTION('ref_axis',(-1.83758917935762E-15,0.,1.));
#1591=DIRECTION('center_axis',(0.,1.,0.));
#1592=DIRECTION('ref_axis',(1.,0.,0.));
#1593=DIRECTION('center_axis',(0.,1.,0.));
#1594=DIRECTION('ref_axis',(1.,0.,0.));
#1595=DIRECTION('',(0.,1.,0.));
#1596=DIRECTION('center_axis',(0.,1.,0.));
#1597=DIRECTION('ref_axis',(1.,0.,0.));
#1598=DIRECTION('center_axis',(0.,1.,0.));
#1599=DIRECTION('ref_axis',(1.,0.,0.));
#1600=DIRECTION('',(0.,1.,0.));
#1601=DIRECTION('center_axis',(0.,1.,0.));
#1602=DIRECTION('ref_axis',(0.,0.,1.));
#1603=DIRECTION('',(1.,0.,3.43386193997065E-16));
#1604=DIRECTION('',(0.499999999999999,0.,0.866025403784439));
#1605=DIRECTION('',(-0.5,0.,0.866025403784439));
#1606=DIRECTION('',(-1.,0.,3.43386193997065E-16));
#1607=DIRECTION('',(-0.5,0.,-0.866025403784438));
#1608=DIRECTION('',(0.499999999999999,0.,-0.866025403784439));
#1609=DIRECTION('center_axis',(0.,-1.,0.));
#1610=DIRECTION('ref_axis',(0.,0.,1.));
#1611=DIRECTION('center_axis',(0.866025403784439,0.,0.499999999999999));
#1612=DIRECTION('ref_axis',(-0.499999999999999,0.,0.866025403784439));
#1613=DIRECTION('',(0.,1.,0.));
#1614=DIRECTION('',(0.,1.,0.));
#1615=DIRECTION('',(0.499999999999999,0.,-0.866025403784439));
#1616=DIRECTION('center_axis',(0.866025403784438,0.,-0.5));
#1617=DIRECTION('ref_axis',(0.5,0.,0.866025403784438));
#1618=DIRECTION('',(0.,1.,0.));
#1619=DIRECTION('',(-0.5,0.,-0.866025403784438));
#1620=DIRECTION('center_axis',(-3.43386193997065E-16,0.,-1.));
#1621=DIRECTION('ref_axis',(1.,0.,-3.43386193997065E-16));
#1622=DIRECTION('',(0.,1.,0.));
#1623=DIRECTION('',(-1.,0.,3.43386193997065E-16));
#1624=DIRECTION('center_axis',(-0.866025403784439,0.,-0.5));
#1625=DIRECTION('ref_axis',(0.5,0.,-0.866025403784439));
#1626=DIRECTION('',(0.,1.,0.));
#1627=DIRECTION('',(-0.5,0.,0.866025403784439));
#1628=DIRECTION('center_axis',(-0.866025403784439,0.,0.499999999999999));
#1629=DIRECTION('ref_axis',(-0.499999999999999,0.,-0.866025403784439));
#1630=DIRECTION('',(0.,-1.,0.));
#1631=DIRECTION('',(0.499999999999999,0.,0.866025403784439));
#1632=DIRECTION('center_axis',(-3.43386193997065E-16,0.,1.));
#1633=DIRECTION('ref_axis',(-1.,0.,-3.43386193997065E-16));
#1634=DIRECTION('',(1.,0.,3.43386193997065E-16));
#1635=DIRECTION('center_axis',(0.,1.,0.));
#1636=DIRECTION('ref_axis',(0.,0.,1.));
#1637=DIRECTION('',(1.,0.,6.8677238799413E-16));
#1638=DIRECTION('',(0.5,0.,0.866025403784439));
#1639=DIRECTION('',(-0.5,0.,0.866025403784439));
#1640=DIRECTION('',(-1.,0.,-6.8677238799413E-16));
#1641=DIRECTION('',(-0.5,0.,-0.866025403784439));
#1642=DIRECTION('',(0.5,0.,-0.866025403784439));
#1643=DIRECTION('center_axis',(0.,-1.,0.));
#1644=DIRECTION('ref_axis',(0.,0.,1.));
#1645=DIRECTION('center_axis',(0.866025403784439,0.,0.5));
#1646=DIRECTION('ref_axis',(-0.5,0.,0.866025403784439));
#1647=DIRECTION('',(0.,1.,0.));
#1648=DIRECTION('',(0.,1.,0.));
#1649=DIRECTION('',(0.5,0.,-0.866025403784439));
#1650=DIRECTION('center_axis',(0.866025403784439,0.,-0.5));
#1651=DIRECTION('ref_axis',(0.5,0.,0.866025403784439));
#1652=DIRECTION('',(0.,1.,0.));
#1653=DIRECTION('',(-0.5,0.,-0.866025403784439));
#1654=DIRECTION('center_axis',(6.8677238799413E-16,0.,-1.));
#1655=DIRECTION('ref_axis',(1.,0.,6.8677238799413E-16));
#1656=DIRECTION('',(0.,1.,0.));
#1657=DIRECTION('',(-1.,0.,-6.8677238799413E-16));
#1658=DIRECTION('center_axis',(-0.866025403784439,0.,-0.5));
#1659=DIRECTION('ref_axis',(0.5,0.,-0.866025403784439));
#1660=DIRECTION('',(0.,1.,0.));
#1661=DIRECTION('',(-0.5,0.,0.866025403784439));
#1662=DIRECTION('center_axis',(-0.866025403784439,0.,0.5));
#1663=DIRECTION('ref_axis',(-0.5,0.,-0.866025403784439));
#1664=DIRECTION('',(0.,-1.,0.));
#1665=DIRECTION('',(0.5,0.,0.866025403784439));
#1666=DIRECTION('center_axis',(-6.8677238799413E-16,0.,1.));
#1667=DIRECTION('ref_axis',(-1.,0.,-6.8677238799413E-16));
#1668=DIRECTION('',(1.,0.,6.8677238799413E-16));
#1669=DIRECTION('center_axis',(0.,1.,0.));
#1670=DIRECTION('ref_axis',(0.,0.,1.));
#1671=DIRECTION('',(-1.,0.,0.));
#1672=DIRECTION('',(-0.499999999999999,0.,-0.866025403784439));
#1673=DIRECTION('',(0.499999999999999,0.,-0.866025403784439));
#1674=DIRECTION('',(1.,0.,-6.8677238799413E-16));
#1675=DIRECTION('',(0.5,0.,0.866025403784438));
#1676=DIRECTION('',(-0.499999999999999,0.,0.866025403784439));
#1677=DIRECTION('center_axis',(0.,-1.,0.));
#1678=DIRECTION('ref_axis',(0.,0.,1.));
#1679=DIRECTION('center_axis',(-0.866025403784439,0.,-0.499999999999999));
#1680=DIRECTION('ref_axis',(0.499999999999999,0.,-0.866025403784439));
#1681=DIRECTION('',(0.,1.,0.));
#1682=DIRECTION('',(0.,1.,0.));
#1683=DIRECTION('',(-0.499999999999999,0.,0.866025403784439));
#1684=DIRECTION('center_axis',(-0.866025403784438,0.,0.5));
#1685=DIRECTION('ref_axis',(-0.5,0.,-0.866025403784438));
#1686=DIRECTION('',(0.,1.,0.));
#1687=DIRECTION('',(0.5,0.,0.866025403784438));
#1688=DIRECTION('center_axis',(6.8677238799413E-16,0.,1.));
#1689=DIRECTION('ref_axis',(-1.,0.,6.8677238799413E-16));
#1690=DIRECTION('',(0.,1.,0.));
#1691=DIRECTION('',(1.,0.,-6.8677238799413E-16));
#1692=DIRECTION('center_axis',(0.866025403784439,0.,0.499999999999999));
#1693=DIRECTION('ref_axis',(-0.499999999999999,0.,0.866025403784439));
#1694=DIRECTION('',(0.,1.,0.));
#1695=DIRECTION('',(0.499999999999999,0.,-0.866025403784439));
#1696=DIRECTION('center_axis',(0.866025403784439,0.,-0.499999999999999));
#1697=DIRECTION('ref_axis',(0.499999999999999,0.,0.866025403784439));
#1698=DIRECTION('',(0.,-1.,0.));
#1699=DIRECTION('',(-0.499999999999999,0.,-0.866025403784439));
#1700=DIRECTION('center_axis',(0.,0.,-1.));
#1701=DIRECTION('ref_axis',(1.,0.,0.));
#1702=DIRECTION('',(-1.,0.,0.));
#1703=DIRECTION('center_axis',(0.,1.,0.));
#1704=DIRECTION('ref_axis',(0.,0.,1.));
#1705=DIRECTION('',(1.,0.,1.71693096998532E-16));
#1706=DIRECTION('',(0.5,0.,0.866025403784439));
#1707=DIRECTION('',(-0.500000000000001,0.,0.866025403784438));
#1708=DIRECTION('',(-1.,0.,-3.43386193997065E-16));
#1709=DIRECTION('',(-0.5,0.,-0.866025403784439));
#1710=DIRECTION('',(0.5,0.,-0.866025403784439));
#1711=DIRECTION('center_axis',(0.,-1.,0.));
#1712=DIRECTION('ref_axis',(0.,0.,1.));
#1713=DIRECTION('center_axis',(0.866025403784439,0.,0.5));
#1714=DIRECTION('ref_axis',(-0.5,0.,0.866025403784439));
#1715=DIRECTION('',(0.,1.,0.));
#1716=DIRECTION('',(0.,1.,0.));
#1717=DIRECTION('',(0.5,0.,-0.866025403784439));
#1718=DIRECTION('center_axis',(0.866025403784439,0.,-0.5));
#1719=DIRECTION('ref_axis',(0.5,0.,0.866025403784439));
#1720=DIRECTION('',(0.,1.,0.));
#1721=DIRECTION('',(-0.5,0.,-0.866025403784439));
#1722=DIRECTION('center_axis',(3.43386193997065E-16,0.,-1.));
#1723=DIRECTION('ref_axis',(1.,0.,3.43386193997065E-16));
#1724=DIRECTION('',(0.,1.,0.));
#1725=DIRECTION('',(-1.,0.,-3.43386193997065E-16));
#1726=DIRECTION('center_axis',(-0.866025403784438,0.,-0.500000000000001));
#1727=DIRECTION('ref_axis',(0.500000000000001,0.,-0.866025403784438));
#1728=DIRECTION('',(0.,1.,0.));
#1729=DIRECTION('',(-0.500000000000001,0.,0.866025403784438));
#1730=DIRECTION('center_axis',(-0.866025403784439,0.,0.5));
#1731=DIRECTION('ref_axis',(-0.5,0.,-0.866025403784439));
#1732=DIRECTION('',(0.,-1.,0.));
#1733=DIRECTION('',(0.5,0.,0.866025403784439));
#1734=DIRECTION('center_axis',(-1.71693096998532E-16,0.,1.));
#1735=DIRECTION('ref_axis',(-1.,0.,-1.71693096998532E-16));
#1736=DIRECTION('',(1.,0.,1.71693096998532E-16));
#1737=DIRECTION('center_axis',(0.,-1.,0.));
#1738=DIRECTION('ref_axis',(0.,0.,1.));
#1739=DIRECTION('center_axis',(0.,-1.,0.));
#1740=DIRECTION('ref_axis',(0.,0.,1.));
#1741=DIRECTION('center_axis',(0.,-1.,0.));
#1742=DIRECTION('ref_axis',(0.,0.,1.));
#1743=DIRECTION('center_axis',(0.,-1.,0.));
#1744=DIRECTION('ref_axis',(0.,0.,1.));
#1745=DIRECTION('center_axis',(3.30707435303202E-31,-1.,7.91628933034463E-31));
#1746=DIRECTION('ref_axis',(0.,0.,1.));
#1747=DIRECTION('',(0.,-1.,0.));
#1748=DIRECTION('center_axis',(0.,-1.,0.));
#1749=DIRECTION('ref_axis',(0.,0.,1.));
#1750=DIRECTION('',(0.,-1.,0.));
#1751=DIRECTION('center_axis',(0.,-1.,0.));
#1752=DIRECTION('ref_axis',(0.,0.,1.));
#1753=DIRECTION('center_axis',(0.,-1.,0.));
#1754=DIRECTION('ref_axis',(0.,0.,1.));
#1755=DIRECTION('center_axis',(0.,-1.,0.));
#1756=DIRECTION('ref_axis',(0.,0.,1.));
#1757=DIRECTION('center_axis',(0.,-1.,0.));
#1758=DIRECTION('ref_axis',(0.,0.,1.));
#1759=DIRECTION('center_axis',(3.30707435303202E-31,-1.,7.91628933034463E-31));
#1760=DIRECTION('ref_axis',(0.,0.,1.));
#1761=DIRECTION('',(0.,-1.,0.));
#1762=DIRECTION('center_axis',(0.,-1.,0.));
#1763=DIRECTION('ref_axis',(0.,0.,1.));
#1764=DIRECTION('',(0.,-1.,0.));
#1765=DIRECTION('center_axis',(0.,-1.,0.));
#1766=DIRECTION('ref_axis',(0.,0.,1.));
#1767=DIRECTION('center_axis',(0.,-1.,0.));
#1768=DIRECTION('ref_axis',(0.,0.,1.));
#1769=DIRECTION('center_axis',(0.,-1.,0.));
#1770=DIRECTION('ref_axis',(0.,0.,1.));
#1771=DIRECTION('center_axis',(0.,-1.,0.));
#1772=DIRECTION('ref_axis',(0.,0.,1.));
#1773=DIRECTION('center_axis',(3.30707435303202E-31,-1.,7.91628933034463E-31));
#1774=DIRECTION('ref_axis',(0.,0.,1.));
#1775=DIRECTION('',(0.,-1.,0.));
#1776=DIRECTION('center_axis',(0.,-1.,0.));
#1777=DIRECTION('ref_axis',(0.,0.,1.));
#1778=DIRECTION('',(0.,-1.,0.));
#1779=DIRECTION('center_axis',(0.,-1.,0.));
#1780=DIRECTION('ref_axis',(0.,0.,1.));
#1781=DIRECTION('center_axis',(0.,-1.,0.));
#1782=DIRECTION('ref_axis',(0.,0.,1.));
#1783=DIRECTION('center_axis',(0.,-1.,0.));
#1784=DIRECTION('ref_axis',(0.,0.,1.));
#1785=DIRECTION('center_axis',(0.,-1.,0.));
#1786=DIRECTION('ref_axis',(0.,0.,1.));
#1787=DIRECTION('center_axis',(3.30707435303202E-31,-1.,7.91628933034463E-31));
#1788=DIRECTION('ref_axis',(0.,0.,1.));
#1789=DIRECTION('',(0.,-1.,0.));
#1790=DIRECTION('center_axis',(0.,-1.,0.));
#1791=DIRECTION('ref_axis',(0.,0.,1.));
#1792=DIRECTION('',(0.,-1.,0.));
#1793=DIRECTION('center_axis',(-0.5,-0.866025403784439,0.));
#1794=DIRECTION('ref_axis',(-0.866025403784439,0.5,0.));
#1795=DIRECTION('',(0.,0.,-1.));
#1796=DIRECTION('',(-0.866025403784439,0.5,0.));
#1797=DIRECTION('',(0.,0.,-1.));
#1798=DIRECTION('center_axis',(-1.,0.,0.));
#1799=DIRECTION('ref_axis',(0.,1.,0.));
#1800=DIRECTION('',(0.,1.,0.));
#1801=DIRECTION('',(0.,0.,-1.));
#1802=DIRECTION('center_axis',(-0.5,0.866025403784439,0.));
#1803=DIRECTION('ref_axis',(0.866025403784439,0.5,0.));
#1804=DIRECTION('',(0.866025403784439,0.5,0.));
#1805=DIRECTION('',(0.,0.,-1.));
#1806=DIRECTION('center_axis',(0.500000000000001,0.866025403784438,0.));
#1807=DIRECTION('ref_axis',(0.866025403784438,-0.500000000000001,0.));
#1808=DIRECTION('',(0.866025403784438,-0.500000000000001,0.));
#1809=DIRECTION('',(0.,0.,-1.));
#1810=DIRECTION('center_axis',(0.5,-0.866025403784439,0.));
#1811=DIRECTION('ref_axis',(-0.866025403784439,-0.5,0.));
#1812=DIRECTION('',(0.,0.,-1.));
#1813=DIRECTION('',(-0.866025403784439,-0.5,0.));
#1814=DIRECTION('center_axis',(1.,1.37354477598826E-15,0.));
#1815=DIRECTION('ref_axis',(1.37354477598826E-15,-1.,0.));
#1816=DIRECTION('',(1.37354477598826E-15,-1.,0.));
#1817=DIRECTION('center_axis',(0.,0.,-1.));
#1818=DIRECTION('ref_axis',(-1.,0.,0.));
#1819=DIRECTION('center_axis',(0.,0.,1.));
#1820=DIRECTION('ref_axis',(1.,0.,0.));
#1821=DIRECTION('center_axis',(0.,0.,1.));
#1822=DIRECTION('ref_axis',(1.,0.,0.));
#1823=DIRECTION('',(0.,0.,1.));
#1824=DIRECTION('center_axis',(0.,0.,1.));
#1825=DIRECTION('ref_axis',(1.,0.,0.));
#1826=DIRECTION('center_axis',(0.,0.,1.));
#1827=DIRECTION('ref_axis',(1.,0.,0.));
#1828=DIRECTION('center_axis',(0.,0.,-1.));
#1829=DIRECTION('ref_axis',(1.,0.,0.));
#1830=DIRECTION('center_axis',(0.,0.,1.));
#1831=DIRECTION('ref_axis',(1.,0.,0.));
#1832=DIRECTION('',(0.,0.,1.));
#1833=DIRECTION('center_axis',(0.,0.164398987305357,-0.986393923832144));
#1834=DIRECTION('ref_axis',(0.,0.986393923832144,0.164398987305357));
#1835=DIRECTION('center_axis',(0.,0.,1.));
#1836=DIRECTION('ref_axis',(1.,0.,0.));
#1837=DIRECTION('center_axis',(0.,0.164398987305357,0.986393923832144));
#1838=DIRECTION('ref_axis',(0.,0.986393923832144,-0.164398987305357));
#1839=DIRECTION('',(0.,0.,1.));
#1840=DIRECTION('center_axis',(0.974298608387783,0.225260342034789,3.94060031732199E-14));
#1841=DIRECTION('ref_axis',(-4.08562073062058E-14,1.77635683940025E-15,
1.));
#1842=DIRECTION('center_axis',(0.,-1.,0.));
#1843=DIRECTION('ref_axis',(1.,0.,0.));
#1844=DIRECTION('center_axis',(-2.23113783611335E-14,0.214335616847254,
0.97676007460927));
#1845=DIRECTION('ref_axis',(0.646258694625894,-0.745383589928756,0.163563454002892));
#1846=DIRECTION('center_axis',(0.974298608387781,-0.225260342034795,-9.19435435708509E-16));
#1847=DIRECTION('ref_axis',(9.43689570931383E-16,0.,1.));
#1848=DIRECTION('center_axis',(0.,-1.,0.));
#1849=DIRECTION('ref_axis',(1.,0.,0.));
#1850=DIRECTION('center_axis',(0.,-1.,0.));
#1851=DIRECTION('ref_axis',(1.,0.,0.));
#1852=DIRECTION('center_axis',(0.,-1.,0.));
#1853=DIRECTION('ref_axis',(1.,0.,0.));
#1854=DIRECTION('center_axis',(8.27763166368171E-16,-0.214335616847257,
0.97676007460927));
#1855=DIRECTION('ref_axis',(0.64625869462589,-0.745383589928762,-0.163563454002882));
#1856=DIRECTION('center_axis',(1.34058638436258E-14,0.214335616847257,0.97676007460927));
#1857=DIRECTION('ref_axis',(-1.,-4.44089209850063E-16,1.38222766565832E-14));
#1858=DIRECTION('center_axis',(0.,-1.,0.));
#1859=DIRECTION('ref_axis',(1.,0.,0.));
#1860=DIRECTION('center_axis',(0.974298608387781,0.225260342034796,1.29802649747084E-15));
#1861=DIRECTION('ref_axis',(0.210966989487324,-0.912476836430927,-0.350540942435635));
#1862=DIRECTION('center_axis',(0.,-1.,0.));
#1863=DIRECTION('ref_axis',(1.,0.,0.));
#1864=DIRECTION('center_axis',(-4.56180753601057E-16,-0.21433561684713,
0.976760074609297));
#1865=DIRECTION('ref_axis',(-1.,5.37347943918576E-14,1.13242748511766E-14));
#1866=DIRECTION('center_axis',(0.,-1.,0.));
#1867=DIRECTION('ref_axis',(1.,0.,0.));
#1868=DIRECTION('center_axis',(0.974298608387781,-0.225260342034796,3.5175406181758E-17));
#1869=DIRECTION('ref_axis',(-0.210966989487324,-0.912476836430927,-0.350540942435633));
#1870=DIRECTION('center_axis',(0.,-1.,0.));
#1871=DIRECTION('ref_axis',(1.,0.,0.));
#1872=DIRECTION('center_axis',(0.,-1.,0.));
#1873=DIRECTION('ref_axis',(1.,0.,0.));
#1874=DIRECTION('center_axis',(1.,0.,2.36658271566304E-30));
#1875=DIRECTION('ref_axis',(-2.36658271566304E-30,7.67558579441779E-31,
1.));
#1876=DIRECTION('',(0.,-1.,0.));
#1877=DIRECTION('',(-2.36658271566304E-30,7.91628933034463E-31,1.));
#1878=DIRECTION('',(3.89063801829365E-31,-0.986393923832144,-0.164398987305357));
#1879=DIRECTION('center_axis',(1.,0.,2.36658271566304E-30));
#1880=DIRECTION('ref_axis',(-2.36658271566304E-30,7.67558579441779E-31,
1.));
#1881=DIRECTION('',(3.89063801829365E-31,0.986393923832144,-0.164398987305357));
#1882=DIRECTION('',(-2.36658271566304E-30,7.91628933034463E-31,1.));
#1883=DIRECTION('',(0.,1.,0.));
#1884=DIRECTION('center_axis',(0.,-1.,0.));
#1885=DIRECTION('ref_axis',(0.707106781186548,0.,-0.707106781186547));
#1886=DIRECTION('',(0.,1.,0.));
#1887=DIRECTION('center_axis',(3.30707435303202E-31,-1.,7.91628933034463E-31));
#1888=DIRECTION('ref_axis',(0.707106781186548,0.,-0.707106781186547));
#1889=DIRECTION('center_axis',(2.36658271566304E-30,0.,-1.));
#1890=DIRECTION('ref_axis',(1.,2.89462930475912E-31,2.36658271566304E-30));
#1891=DIRECTION('',(0.,-1.,0.));
#1892=DIRECTION('',(1.,3.30707435303202E-31,2.36658271566304E-30));
#1893=DIRECTION('center_axis',(-1.,0.,-2.36658271566304E-30));
#1894=DIRECTION('ref_axis',(2.36658271566304E-30,-5.91645678915759E-31,
-1.));
#1895=DIRECTION('',(-3.89063801829365E-31,0.986393923832144,0.164398987305357));
#1896=DIRECTION('',(2.36658271566304E-30,-7.91628933034463E-31,-1.));
#1897=DIRECTION('',(0.,1.,0.));
#1898=DIRECTION('center_axis',(0.,-1.,0.));
#1899=DIRECTION('ref_axis',(-0.707106781186548,0.,-0.707106781186547));
#1900=DIRECTION('center_axis',(3.30707435303202E-31,-1.,7.91628933034463E-31));
#1901=DIRECTION('ref_axis',(-0.707106781186548,0.,-0.707106781186547));
#1902=DIRECTION('center_axis',(3.30707435303202E-31,-1.,7.91628933034463E-31));
#1903=DIRECTION('ref_axis',(-1.,-3.30707435303202E-31,-2.36658271566304E-30));
#1904=DIRECTION('',(1.,3.30707435303202E-31,5.51179058838671E-32));
#1905=DIRECTION('center_axis',(0.,-1.,0.));
#1906=DIRECTION('ref_axis',(-0.707106781186547,0.,0.707106781186548));
#1907=DIRECTION('',(0.,1.,0.));
#1908=DIRECTION('center_axis',(3.30707435303202E-31,-1.,7.91628933034463E-31));
#1909=DIRECTION('ref_axis',(-0.707106781186547,0.,0.707106781186548));
#1910=DIRECTION('',(0.,-1.,0.));
#1911=DIRECTION('center_axis',(3.30707435303202E-31,-1.,7.91628933034463E-31));
#1912=DIRECTION('ref_axis',(-1.,-3.30707435303202E-31,-2.36658271566304E-30));
#1913=DIRECTION('',(-1.,-3.30707435303202E-31,-2.36658271566304E-30));
#1914=DIRECTION('center_axis',(3.30707435303202E-31,-1.,7.91628933034463E-31));
#1915=DIRECTION('ref_axis',(0.707106781186548,0.,0.707106781186547));
#1916=DIRECTION('',(-1.,-3.30707435303202E-31,5.51179058838671E-32));
#1917=DIRECTION('',(2.36658271566304E-30,-7.91628933034463E-31,-1.));
#1918=DIRECTION('center_axis',(-2.36658271566304E-30,0.,1.));
#1919=DIRECTION('ref_axis',(-1.,-3.94430452610506E-31,-2.36658271566304E-30));
#1920=DIRECTION('',(0.,-1.,0.));
#1921=DIRECTION('center_axis',(0.,-1.,0.));
#1922=DIRECTION('ref_axis',(0.707106781186548,0.,0.707106781186547));
#1923=DIRECTION('center_axis',(0.,0.164398987305357,0.986393923832144));
#1924=DIRECTION('ref_axis',(0.,0.986393923832144,-0.164398987305357));
#1925=DIRECTION('',(-3.89063801829365E-31,-0.986393923832144,0.164398987305357));
#1926=DIRECTION('',(1.,0.,0.));
#1927=DIRECTION('center_axis',(0.,-1.,0.));
#1928=DIRECTION('ref_axis',(0.,0.,1.));
#1929=DIRECTION('',(1.,0.,0.));
#1930=DIRECTION('center_axis',(0.,0.164398987305357,-0.986393923832144));
#1931=DIRECTION('ref_axis',(0.,-0.986393923832144,-0.164398987305357));
#1932=DIRECTION('center_axis',(-1.,0.,-2.36658271566304E-30));
#1933=DIRECTION('ref_axis',(2.36658271566304E-30,-5.91645678915759E-31,
-1.));
#1934=DIRECTION('center_axis',(0.,-1.,0.));
#1935=DIRECTION('ref_axis',(1.,0.,0.));
#1936=DIRECTION('center_axis',(0.,-1.,0.));
#1937=DIRECTION('ref_axis',(1.,0.,0.));
#1938=DIRECTION('',(0.,1.,0.));
#1939=DIRECTION('center_axis',(0.,-1.,0.));
#1940=DIRECTION('ref_axis',(1.,0.,0.));
#1941=CARTESIAN_POINT('',(0.,0.,0.));
#1942=CARTESIAN_POINT('Origin',(-21.8013113805619,-75.478657938047,30.2302489775093));
#1943=CARTESIAN_POINT('',(-21.4795806075695,-75.478657938047,35.5204748053648));
#1944=CARTESIAN_POINT('',(-22.1230421535543,-75.478657938047,35.5204748053648));
#1945=CARTESIAN_POINT('Ctrl Pts',(-21.4795806075695,-75.478657938047,35.5204748053648));
#1946=CARTESIAN_POINT('Ctrl Pts',(-21.6940533257423,-75.478657938047,35.5219367991315));
#1947=CARTESIAN_POINT('Ctrl Pts',(-21.9085698846493,-75.478657938047,35.521936796069));
#1948=CARTESIAN_POINT('Ctrl Pts',(-22.1230421535543,-75.478657938047,35.5204748053648));
#1949=CARTESIAN_POINT('Origin',(-21.8013113805619,-75.478657938047,30.2302489775093));
#1950=CARTESIAN_POINT('',(-24.9013113805619,-75.478657938047,30.2302489775093));
#1951=CARTESIAN_POINT('Origin',(-21.8013113805619,-75.478657938047,30.2302489775093));
#1952=CARTESIAN_POINT('Origin',(-21.8013113805619,-55.768657938047,30.2302489775093));
#1953=CARTESIAN_POINT('Ctrl Pts',(-22.1230421535543,-75.478657938047,35.5204748053648));
#1954=CARTESIAN_POINT('Ctrl Pts',(-22.5446398436004,-75.4743605198205,35.4948348884455));
#1955=CARTESIAN_POINT('Ctrl Pts',(-22.9615693067377,-75.4617720815265,35.4188617117545));
#1956=CARTESIAN_POINT('Ctrl Pts',(-23.7892006597367,-75.4157499217215,35.1633791766834));
#1957=CARTESIAN_POINT('Ctrl Pts',(-24.1948481641254,-75.381397043549,34.9796306628411));
#1958=CARTESIAN_POINT('Ctrl Pts',(-25.1191025804651,-75.2618421921603,34.4128634585582));
#1959=CARTESIAN_POINT('Ctrl Pts',(-25.5957804543078,-75.1619047022711,33.9838441809027));
#1960=CARTESIAN_POINT('Ctrl Pts',(-26.4091286373905,-74.863898714672,32.9392808977788));
#1961=CARTESIAN_POINT('Ctrl Pts',(-26.713923002339,-74.6612176110566,32.327401410158));
#1962=CARTESIAN_POINT('Ctrl Pts',(-27.1010351181994,-74.1195487368046,30.9746184400305));
#1963=CARTESIAN_POINT('Ctrl Pts',(-27.1470284989011,-73.7762660448774,30.2509204615108));
#1964=CARTESIAN_POINT('Ctrl Pts',(-26.9539657417897,-72.9363151046536,28.7397206552611));
#1965=CARTESIAN_POINT('Ctrl Pts',(-26.6618901199892,-72.4265461341401,27.9723262170936));
#1966=CARTESIAN_POINT('Ctrl Pts',(-25.868486532987,-71.5193304133503,26.7716594262335));
#1967=CARTESIAN_POINT('Ctrl Pts',(-25.4115673175384,-71.1122186433741,26.2927086952068));
#1968=CARTESIAN_POINT('Ctrl Pts',(-24.4026407529794,-70.4606753739458,25.5778709415115));
#1969=CARTESIAN_POINT('Ctrl Pts',(-23.8689830333347,-70.1973878402018,25.3115255700357));
#1970=CARTESIAN_POINT('Ctrl Pts',(-22.9108166018043,-69.9159024424932,25.0336276101781));
#1971=CARTESIAN_POINT('Ctrl Pts',(-22.5275426566872,-69.8445657092983,24.9653254386405));
#1972=CARTESIAN_POINT('Ctrl Pts',(-21.7792902719911,-69.7957850377224,24.9185057749373));
#1973=CARTESIAN_POINT('Ctrl Pts',(-21.4273312018738,-69.8098232396572,24.9318233470086));
#1974=CARTESIAN_POINT('Ctrl Pts',(-20.6355812880797,-69.9225762266187,25.0406455715077));
#1975=CARTESIAN_POINT('Ctrl Pts',(-20.2134644774764,-70.0414829263142,25.1558958342235));
#1976=CARTESIAN_POINT('Ctrl Pts',(-19.1650717591981,-70.4592627854703,25.5785487989254));
#1977=CARTESIAN_POINT('Ctrl Pts',(-18.5742542311883,-70.8304258147307,25.9685345736929));
#1978=CARTESIAN_POINT('Ctrl Pts',(-17.5147566874309,-71.7153382713179,27.0143616167185));
#1979=CARTESIAN_POINT('Ctrl Pts',(-17.0646014923099,-72.247597765478,27.7082816920778));
#1980=CARTESIAN_POINT('Ctrl Pts',(-16.5718309229218,-73.1677728071379,29.1378428460802));
#1981=CARTESIAN_POINT('Ctrl Pts',(-16.4696162148299,-73.5554046034455,29.8250559938028));
#1982=CARTESIAN_POINT('Ctrl Pts',(-16.5448815185796,-74.1915404754265,31.1456212775574));
#1983=CARTESIAN_POINT('Ctrl Pts',(-16.6869144351507,-74.4469450743075,31.7639363494414));
#1984=CARTESIAN_POINT('Ctrl Pts',(-17.2157422150585,-74.8768802049581,32.9710417350336));
#1985=CARTESIAN_POINT('Ctrl Pts',(-17.6029442205149,-75.0417458644409,33.5384435133731));
#1986=CARTESIAN_POINT('Ctrl Pts',(-18.5510386024658,-75.2760388111455,34.4640381439862));
#1987=CARTESIAN_POINT('Ctrl Pts',(-19.081870868216,-75.3503029965732,34.8241232214333));
#1988=CARTESIAN_POINT('Ctrl Pts',(-20.2396035188052,-75.4481077871951,35.3333832411166));
#1989=CARTESIAN_POINT('Ctrl Pts',(-20.8535674748189,-75.472276877832,35.4824031434628));
#1990=CARTESIAN_POINT('Ctrl Pts',(-21.4795806075695,-75.478657938047,35.5204748053648));
#1991=CARTESIAN_POINT('Origin',(-21.8013113805619,-75.478657938047,-19.7697510224907));
#1992=CARTESIAN_POINT('',(-22.1230421535552,-75.478657938047,-25.0599768503462));
#1993=CARTESIAN_POINT('',(-21.4795806075686,-75.478657938047,-25.0599768503462));
#1994=CARTESIAN_POINT('Ctrl Pts',(-22.1230421535552,-75.478657938047,-25.0599768503462));
#1995=CARTESIAN_POINT('Ctrl Pts',(-21.9085694353818,-75.478657938047,-25.0614388441129));
#1996=CARTESIAN_POINT('Ctrl Pts',(-21.6940528764742,-75.478657938047,-25.0614388410504));
#1997=CARTESIAN_POINT('Ctrl Pts',(-21.4795806075686,-75.478657938047,-25.0599768503462));
#1998=CARTESIAN_POINT('Origin',(-21.8013113805619,-75.478657938047,-19.7697510224907));
#1999=CARTESIAN_POINT('',(-24.9013113805619,-75.478657938047,-19.7697510224907));
#2000=CARTESIAN_POINT('Origin',(-21.8013113805619,-75.478657938047,-19.7697510224907));
#2001=CARTESIAN_POINT('Origin',(-21.8013113805619,-55.768657938047,-19.7697510224907));
#2002=CARTESIAN_POINT('Ctrl Pts',(-21.4795806075686,-75.478657938047,-25.0599768503462));
#2003=CARTESIAN_POINT('Ctrl Pts',(-21.0573288736405,-75.474353853038,-25.0342971570448));
#2004=CARTESIAN_POINT('Ctrl Pts',(-20.6397623419602,-75.4617336098473,-24.9581279670476));
#2005=CARTESIAN_POINT('Ctrl Pts',(-19.8108051121613,-75.4155691192915,-24.7019010606581));
#2006=CARTESIAN_POINT('Ctrl Pts',(-19.4045053949665,-75.3810959119374,-24.5175603008104));
#2007=CARTESIAN_POINT('Ctrl Pts',(-18.4799313073996,-75.2612000842544,-23.949533123355));
#2008=CARTESIAN_POINT('Ctrl Pts',(-18.0035569095138,-75.1610723948532,-23.5200356427434));
#2009=CARTESIAN_POINT('Ctrl Pts',(-17.1910580986705,-74.8625947272611,-22.4746477790636));
#2010=CARTESIAN_POINT('Ctrl Pts',(-16.8868083088354,-74.6596403542628,-21.8624692905668));
#2011=CARTESIAN_POINT('Ctrl Pts',(-16.5008698246275,-74.117341471259,-20.5091648485024));
#2012=CARTESIAN_POINT('Ctrl Pts',(-16.4555568429324,-73.7736800849107,-19.7852554491624));
#2013=CARTESIAN_POINT('Ctrl Pts',(-16.6501065613244,-72.933280871326,-18.2743761587827));
#2014=CARTESIAN_POINT('Ctrl Pts',(-16.9427959363018,-72.4234921092116,-17.5074456483758));
#2015=CARTESIAN_POINT('Ctrl Pts',(-17.7369266610398,-71.516704600568,-16.3079633456533));
#2016=CARTESIAN_POINT('Ctrl Pts',(-18.1939226461053,-71.1099761496524,-15.8296459925746));
#2017=CARTESIAN_POINT('Ctrl Pts',(-19.2026259173074,-70.4593008772166,-15.1159538704347));
#2018=CARTESIAN_POINT('Ctrl Pts',(-19.7359520867923,-70.1964861788229,-14.8501245683949));
#2019=CARTESIAN_POINT('Ctrl Pts',(-20.6934572568906,-69.9155559145988,-14.5727955658366));
#2020=CARTESIAN_POINT('Ctrl Pts',(-21.0764875934511,-69.8443862042873,-14.5046549480235));
#2021=CARTESIAN_POINT('Ctrl Pts',(-21.8243310545409,-69.795798571686,-14.4580210309604));
#2022=CARTESIAN_POINT('Ctrl Pts',(-22.1761480438676,-69.8098966111818,-14.4713955472682));
#2023=CARTESIAN_POINT('Ctrl Pts',(-22.9677093864457,-69.92273354766,-14.5803002957215));
#2024=CARTESIAN_POINT('Ctrl Pts',(-23.3897815651301,-70.0416835787752,-14.6955957645478));
#2025=CARTESIAN_POINT('Ctrl Pts',(-24.4382908384358,-70.4596370439348,-15.1184379697143));
#2026=CARTESIAN_POINT('Ctrl Pts',(-25.0292323229612,-70.830996883477,-15.5086526120408));
#2027=CARTESIAN_POINT('Ctrl Pts',(-26.0886054431706,-71.7161267594907,-16.5548625074655));
#2028=CARTESIAN_POINT('Ctrl Pts',(-26.5385768793864,-72.248353737493,-17.2488418559943));
#2029=CARTESIAN_POINT('Ctrl Pts',(-27.0310107128692,-73.1684067262052,-18.6784227902001));
#2030=CARTESIAN_POINT('Ctrl Pts',(-27.1330805077859,-73.5559626357801,-19.3656091098323));
#2031=CARTESIAN_POINT('Ctrl Pts',(-27.0575698570045,-74.1919599428163,-20.6860874787305));
#2032=CARTESIAN_POINT('Ctrl Pts',(-26.9154319360734,-74.4472996028574,-21.3043444496541));
#2033=CARTESIAN_POINT('Ctrl Pts',(-26.3864069782653,-74.8771306092569,-22.5113394510267));
#2034=CARTESIAN_POINT('Ctrl Pts',(-25.9990985927575,-75.0419512480318,-23.0786829196428));
#2035=CARTESIAN_POINT('Ctrl Pts',(-25.0508897673115,-75.2761537564077,-24.0040618572065));
#2036=CARTESIAN_POINT('Ctrl Pts',(-24.5200680327638,-75.3503826479488,-24.3640186803877));
#2037=CARTESIAN_POINT('Ctrl Pts',(-23.3625573148125,-75.4481254032976,-24.8729978746103));
#2038=CARTESIAN_POINT('Ctrl Pts',(-22.7488187225449,-75.4722792891673,-25.0219195753236));
#2039=CARTESIAN_POINT('Ctrl Pts',(-22.1230421535552,-75.478657938047,-25.0599768503462));
#2040=CARTESIAN_POINT('Origin',(-21.8013113805619,-85.668657938047,-19.7697510224907));
#2041=CARTESIAN_POINT('',(-24.9013113805619,-85.668657938047,-19.7697510224907));
#2042=CARTESIAN_POINT('Origin',(-21.8013113805619,-85.668657938047,-19.7697510224907));
#2043=CARTESIAN_POINT('',(-24.9013113805619,-85.668657938047,-19.7697510224907));
#2044=CARTESIAN_POINT('Origin',(-21.8013113805619,-85.668657938047,30.2302489775093));
#2045=CARTESIAN_POINT('',(-24.9013113805619,-85.668657938047,30.2302489775093));
#2046=CARTESIAN_POINT('Origin',(-21.8013113805619,-85.668657938047,30.2302489775093));
#2047=CARTESIAN_POINT('',(-24.9013113805619,-85.668657938047,30.2302489775093));
#2048=CARTESIAN_POINT('Origin',(-32.2636219818009,-76.768657938047,-4.88779706466236));
#2049=CARTESIAN_POINT('',(-33.8802027355319,-76.768657938047,-2.08779706466236));
#2050=CARTESIAN_POINT('',(-30.64704122807,-76.768657938047,-2.08779706466236));
#2051=CARTESIAN_POINT('',(-33.8802027355319,-76.768657938047,-2.08779706466236));
#2052=CARTESIAN_POINT('',(-35.4967834892628,-76.768657938047,-4.88779706466236));
#2053=CARTESIAN_POINT('',(-35.4967834892628,-76.768657938047,-4.88779706466236));
#2054=CARTESIAN_POINT('',(-33.8802027355319,-76.768657938047,-7.68779706466236));
#2055=CARTESIAN_POINT('',(-33.8802027355319,-76.768657938047,-7.68779706466236));
#2056=CARTESIAN_POINT('',(-30.64704122807,-76.768657938047,-7.68779706466236));
#2057=CARTESIAN_POINT('',(-30.64704122807,-76.768657938047,-7.68779706466236));
#2058=CARTESIAN_POINT('',(-29.030460474339,-76.768657938047,-4.88779706466236));
#2059=CARTESIAN_POINT('',(-29.030460474339,-76.768657938047,-4.88779706466236));
#2060=CARTESIAN_POINT('',(-30.64704122807,-76.768657938047,-2.08779706466236));
#2061=CARTESIAN_POINT('',(-32.2636219818009,-76.768657938047,-6.38779706466236));
#2062=CARTESIAN_POINT('Origin',(-32.2636219818009,-76.768657938047,-4.88779706466236));
#2063=CARTESIAN_POINT('Origin',(-29.030460474339,-80.768657938047,-4.88779706466236));
#2064=CARTESIAN_POINT('',(-30.64704122807,-85.668657938047,-2.08779706466236));
#2065=CARTESIAN_POINT('',(-30.64704122807,-80.768657938047,-2.08779706466236));
#2066=CARTESIAN_POINT('',(-29.030460474339,-85.668657938047,-4.88779706466236));
#2067=CARTESIAN_POINT('',(-29.030460474339,-80.768657938047,-4.88779706466236));
#2068=CARTESIAN_POINT('',(-30.3174380649122,-85.668657938047,-2.65868648958705));
#2069=CARTESIAN_POINT('Origin',(-30.64704122807,-80.768657938047,-7.68779706466236));
#2070=CARTESIAN_POINT('',(-30.64704122807,-85.668657938047,-7.68779706466236));
#2071=CARTESIAN_POINT('',(-30.64704122807,-80.768657938047,-7.68779706466236));
#2072=CARTESIAN_POINT('',(-26.744485987187,-85.668657938047,-0.928373108108941));
#2073=CARTESIAN_POINT('Origin',(-33.8802027355319,-80.768657938047,-7.68779706466236));
#2074=CARTESIAN_POINT('',(-33.8802027355319,-85.668657938047,-7.68779706466236));
#2075=CARTESIAN_POINT('',(-33.8802027355319,-80.768657938047,-7.68779706466236));
#2076=CARTESIAN_POINT('',(-27.8407570580469,-85.668657938047,-7.68779706466236));
#2077=CARTESIAN_POINT('Origin',(-35.4967834892628,-80.768657938047,-4.88779706466236));
#2078=CARTESIAN_POINT('',(-35.4967834892628,-85.668657938047,-4.88779706466236));
#2079=CARTESIAN_POINT('',(-35.4967834892628,-80.768657938047,-4.88779706466236));
#2080=CARTESIAN_POINT('',(-35.9754707029705,-85.668657938047,-4.05868648958705));
#2081=CARTESIAN_POINT('Origin',(-33.8802027355319,-80.768657938047,-2.08779706466236));
#2082=CARTESIAN_POINT('',(-33.8802027355319,-85.668657938047,-2.08779706466236));
#2083=CARTESIAN_POINT('',(-33.8802027355319,-80.768657938047,-2.08779706466236));
#2084=CARTESIAN_POINT('',(-30.7859378715144,-85.668657938047,3.27162689189106));
#2085=CARTESIAN_POINT('Origin',(-30.64704122807,-80.768657938047,-2.08779706466236));
#2086=CARTESIAN_POINT('',(-26.2241763043159,-85.668657938047,-2.08779706466236));
#2087=CARTESIAN_POINT('Origin',(-11.3390007793229,-76.768657938047,15.3482950196809));
#2088=CARTESIAN_POINT('',(-12.9555815330539,-76.768657938047,18.1482950196809));
#2089=CARTESIAN_POINT('',(-9.72242002559195,-76.768657938047,18.1482950196809));
#2090=CARTESIAN_POINT('',(-12.9555815330539,-76.768657938047,18.1482950196809));
#2091=CARTESIAN_POINT('',(-14.5721622867848,-76.768657938047,15.3482950196809));
#2092=CARTESIAN_POINT('',(-14.5721622867848,-76.768657938047,15.3482950196809));
#2093=CARTESIAN_POINT('',(-12.9555815330539,-76.768657938047,12.5482950196809));
#2094=CARTESIAN_POINT('',(-12.9555815330539,-76.768657938047,12.5482950196809));
#2095=CARTESIAN_POINT('',(-9.72242002559195,-76.768657938047,12.5482950196809));
#2096=CARTESIAN_POINT('',(-9.72242002559195,-76.768657938047,12.5482950196809));
#2097=CARTESIAN_POINT('',(-8.105839271861,-76.768657938047,15.3482950196809));
#2098=CARTESIAN_POINT('',(-8.105839271861,-76.768657938047,15.3482950196809));
#2099=CARTESIAN_POINT('',(-9.72242002559195,-76.768657938047,18.1482950196809));
#2100=CARTESIAN_POINT('',(-11.3390007793229,-76.768657938047,13.8482950196809));
#2101=CARTESIAN_POINT('Origin',(-11.3390007793229,-76.768657938047,15.3482950196809));
#2102=CARTESIAN_POINT('Origin',(-8.105839271861,-80.768657938047,15.3482950196809));
#2103=CARTESIAN_POINT('',(-9.72242002559195,-85.668657938047,18.1482950196809));
#2104=CARTESIAN_POINT('',(-9.72242002559195,-80.768657938047,18.1482950196809));
#2105=CARTESIAN_POINT('',(-8.105839271861,-85.668657938047,15.3482950196809));
#2106=CARTESIAN_POINT('',(-8.105839271861,-80.768657938047,15.3482950196809));
#2107=CARTESIAN_POINT('',(-7.6271520581533,-85.668657938047,14.5191844446056));
#2108=CARTESIAN_POINT('Origin',(-9.72242002559195,-80.768657938047,12.5482950196809));
#2109=CARTESIAN_POINT('',(-9.72242002559195,-85.668657938047,12.5482950196809));
#2110=CARTESIAN_POINT('',(-9.72242002559195,-80.768657938047,12.5482950196809));
#2111=CARTESIAN_POINT('',(-12.8166848896094,-85.668657938047,7.18887106312749));
#2112=CARTESIAN_POINT('Origin',(-12.9555815330539,-80.768657938047,12.5482950196809));
#2113=CARTESIAN_POINT('',(-12.9555815330539,-85.668657938047,12.5482950196809));
#2114=CARTESIAN_POINT('',(-12.9555815330539,-80.768657938047,12.5482950196809));
#2115=CARTESIAN_POINT('',(-17.3784464568079,-85.668657938047,12.5482950196809));
#2116=CARTESIAN_POINT('Origin',(-14.5721622867848,-80.768657938047,15.3482950196809));
#2117=CARTESIAN_POINT('',(-14.5721622867848,-85.668657938047,15.3482950196809));
#2118=CARTESIAN_POINT('',(-14.5721622867848,-80.768657938047,15.3482950196809));
#2119=CARTESIAN_POINT('',(-13.2851846962116,-85.668657938047,13.1191844446056));
#2120=CARTESIAN_POINT('Origin',(-12.9555815330539,-80.768657938047,18.1482950196809));
#2121=CARTESIAN_POINT('',(-12.9555815330539,-85.668657938047,18.1482950196809));
#2122=CARTESIAN_POINT('',(-12.9555815330539,-80.768657938047,18.1482950196809));
#2123=CARTESIAN_POINT('',(-16.8581367739368,-85.668657938047,11.3888710631275));
#2124=CARTESIAN_POINT('Origin',(-9.72242002559195,-80.768657938047,18.1482950196809));
#2125=CARTESIAN_POINT('',(-15.7618657030769,-85.668657938047,18.1482950196809));
#2126=CARTESIAN_POINT('Origin',(-32.2636219818009,-76.768657938047,15.3482950196809));
#2127=CARTESIAN_POINT('',(-30.64704122807,-76.768657938047,12.5482950196809));
#2128=CARTESIAN_POINT('',(-33.8802027355319,-76.768657938047,12.5482950196809));
#2129=CARTESIAN_POINT('',(-30.64704122807,-76.768657938047,12.5482950196809));
#2130=CARTESIAN_POINT('',(-29.030460474339,-76.768657938047,15.3482950196809));
#2131=CARTESIAN_POINT('',(-29.030460474339,-76.768657938047,15.3482950196809));
#2132=CARTESIAN_POINT('',(-30.64704122807,-76.768657938047,18.1482950196809));
#2133=CARTESIAN_POINT('',(-30.64704122807,-76.768657938047,18.1482950196809));
#2134=CARTESIAN_POINT('',(-33.8802027355319,-76.768657938047,18.1482950196809));
#2135=CARTESIAN_POINT('',(-33.8802027355319,-76.768657938047,18.1482950196809));
#2136=CARTESIAN_POINT('',(-35.4967834892628,-76.768657938047,15.3482950196809));
#2137=CARTESIAN_POINT('',(-35.4967834892628,-76.768657938047,15.3482950196809));
#2138=CARTESIAN_POINT('',(-33.8802027355319,-76.768657938047,12.5482950196809));
#2139=CARTESIAN_POINT('',(-32.2636219818009,-76.768657938047,13.8482950196809));
#2140=CARTESIAN_POINT('Origin',(-32.2636219818009,-76.768657938047,15.3482950196809));
#2141=CARTESIAN_POINT('Origin',(-35.4967834892628,-80.768657938047,15.3482950196809));
#2142=CARTESIAN_POINT('',(-33.8802027355319,-85.668657938047,12.5482950196809));
#2143=CARTESIAN_POINT('',(-33.8802027355319,-80.768657938047,12.5482950196809));
#2144=CARTESIAN_POINT('',(-35.4967834892628,-85.668657938047,15.3482950196809));
#2145=CARTESIAN_POINT('',(-35.4967834892628,-80.768657938047,15.3482950196809));
#2146=CARTESIAN_POINT('',(-31.5942282483799,-85.668657938047,8.5888710631275));
#2147=CARTESIAN_POINT('Origin',(-33.8802027355319,-80.768657938047,18.1482950196809));
#2148=CARTESIAN_POINT('',(-33.8802027355319,-85.668657938047,18.1482950196809));
#2149=CARTESIAN_POINT('',(-33.8802027355319,-80.768657938047,18.1482950196809));
#2150=CARTESIAN_POINT('',(-35.167180326105,-85.668657938047,15.9191844446056));
#2151=CARTESIAN_POINT('Origin',(-30.64704122807,-80.768657938047,18.1482950196809));
#2152=CARTESIAN_POINT('',(-30.64704122807,-85.668657938047,18.1482950196809));
#2153=CARTESIAN_POINT('',(-30.64704122807,-80.768657938047,18.1482950196809));
#2154=CARTESIAN_POINT('',(-26.2241763043159,-85.668657938047,18.1482950196809));
#2155=CARTESIAN_POINT('Origin',(-29.030460474339,-80.768657938047,15.3482950196809));
#2156=CARTESIAN_POINT('',(-29.030460474339,-85.668657938047,15.3482950196809));
#2157=CARTESIAN_POINT('',(-29.030460474339,-80.768657938047,15.3482950196809));
#2158=CARTESIAN_POINT('',(-25.9361956103216,-85.668657938047,9.98887106312749));
#2159=CARTESIAN_POINT('Origin',(-30.64704122807,-80.768657938047,12.5482950196809));
#2160=CARTESIAN_POINT('',(-30.64704122807,-85.668657938047,12.5482950196809));
#2161=CARTESIAN_POINT('',(-30.64704122807,-80.768657938047,12.5482950196809));
#2162=CARTESIAN_POINT('',(-31.1257284417777,-85.668657938047,11.7191844446056));
#2163=CARTESIAN_POINT('Origin',(-33.8802027355319,-80.768657938047,12.5482950196809));
#2164=CARTESIAN_POINT('',(-27.8407570580469,-85.668657938047,12.5482950196809));
#2165=CARTESIAN_POINT('Origin',(-11.3390007793229,-76.768657938047,-4.88779706466236));
#2166=CARTESIAN_POINT('',(-12.9555815330539,-76.768657938047,-2.08779706466236));
#2167=CARTESIAN_POINT('',(-9.72242002559195,-76.768657938047,-2.08779706466236));
#2168=CARTESIAN_POINT('',(-12.9555815330539,-76.768657938047,-2.08779706466236));
#2169=CARTESIAN_POINT('',(-14.5721622867848,-76.768657938047,-4.88779706466236));
#2170=CARTESIAN_POINT('',(-14.5721622867848,-76.768657938047,-4.88779706466236));
#2171=CARTESIAN_POINT('',(-12.9555815330539,-76.768657938047,-7.68779706466236));
#2172=CARTESIAN_POINT('',(-12.9555815330539,-76.768657938047,-7.68779706466236));
#2173=CARTESIAN_POINT('',(-9.72242002559195,-76.768657938047,-7.68779706466236));
#2174=CARTESIAN_POINT('',(-9.72242002559195,-76.768657938047,-7.68779706466236));
#2175=CARTESIAN_POINT('',(-8.10583927186099,-76.768657938047,-4.88779706466236));
#2176=CARTESIAN_POINT('',(-8.10583927186099,-76.768657938047,-4.88779706466236));
#2177=CARTESIAN_POINT('',(-9.72242002559195,-76.768657938047,-2.08779706466236));
#2178=CARTESIAN_POINT('',(-11.3390007793229,-76.768657938047,-6.38779706466236));
#2179=CARTESIAN_POINT('Origin',(-11.3390007793229,-76.768657938047,-4.88779706466236));
#2180=CARTESIAN_POINT('Origin',(-8.10583927186099,-80.768657938047,-4.88779706466236));
#2181=CARTESIAN_POINT('',(-9.72242002559195,-85.668657938047,-2.08779706466236));
#2182=CARTESIAN_POINT('',(-9.72242002559195,-80.768657938047,-2.08779706466236));
#2183=CARTESIAN_POINT('',(-8.10583927186099,-85.668657938047,-4.88779706466236));
#2184=CARTESIAN_POINT('',(-8.10583927186099,-80.768657938047,-4.88779706466236));
#2185=CARTESIAN_POINT('',(-12.0083945127439,-85.668657938047,1.87162689189106));
#2186=CARTESIAN_POINT('Origin',(-9.72242002559195,-80.768657938047,-7.68779706466236));
#2187=CARTESIAN_POINT('',(-9.72242002559195,-85.668657938047,-7.68779706466236));
#2188=CARTESIAN_POINT('',(-9.72242002559195,-80.768657938047,-7.68779706466236));
#2189=CARTESIAN_POINT('',(-8.43544243501878,-85.668657938047,-5.45868648958706));
#2190=CARTESIAN_POINT('Origin',(-12.9555815330539,-80.768657938047,-7.68779706466236));
#2191=CARTESIAN_POINT('',(-12.9555815330539,-85.668657938047,-7.68779706466236));
#2192=CARTESIAN_POINT('',(-12.9555815330539,-80.768657938047,-7.68779706466236));
#2193=CARTESIAN_POINT('',(-17.3784464568079,-85.668657938047,-7.68779706466236));
#2194=CARTESIAN_POINT('Origin',(-14.5721622867848,-80.768657938047,-4.88779706466236));
#2195=CARTESIAN_POINT('',(-14.5721622867848,-85.668657938047,-4.88779706466236));
#2196=CARTESIAN_POINT('',(-14.5721622867848,-80.768657938047,-4.88779706466236));
#2197=CARTESIAN_POINT('',(-17.6664271508023,-85.668657938047,0.47162689189106));
#2198=CARTESIAN_POINT('Origin',(-12.9555815330539,-80.768657938047,-2.08779706466236));
#2199=CARTESIAN_POINT('',(-12.9555815330539,-85.668657938047,-2.08779706466236));
#2200=CARTESIAN_POINT('',(-12.9555815330539,-80.768657938047,-2.08779706466236));
#2201=CARTESIAN_POINT('',(-12.4768943193462,-85.668657938047,-1.25868648958705));
#2202=CARTESIAN_POINT('Origin',(-9.72242002559195,-80.768657938047,-2.08779706466236));
#2203=CARTESIAN_POINT('',(-15.7618657030769,-85.668657938047,-2.08779706466236));
#2204=CARTESIAN_POINT('Origin',(-32.2636219818009,-58.768657938047,-4.88779706466236));
#2205=CARTESIAN_POINT('',(-32.2636219818009,-58.768657938047,-7.68779706466236));
#2206=CARTESIAN_POINT('Origin',(-32.2636219818009,-58.768657938047,-4.88779706466236));
#2207=CARTESIAN_POINT('',(-32.2636219818009,-58.768657938047,-6.38779706466236));
#2208=CARTESIAN_POINT('Origin',(-32.2636219818009,-58.768657938047,-4.88779706466236));
#2209=CARTESIAN_POINT('Origin',(-32.2636219818009,-57.268657938047,-4.88779706466236));
#2210=CARTESIAN_POINT('',(-32.2636219818009,-55.768657938047,-7.68779706466236));
#2211=CARTESIAN_POINT('Origin',(-32.2636219818009,-55.768657938047,-4.88779706466236));
#2212=CARTESIAN_POINT('',(-32.2636219818009,-57.268657938047,-7.68779706466236));
#2213=CARTESIAN_POINT('Origin',(-32.2636219818009,-68.268657938047,-4.88779706466236));
#2214=CARTESIAN_POINT('',(-32.2636219818009,-68.268657938047,-6.38779706466236));
#2215=CARTESIAN_POINT('Origin',(-11.3390007793229,-58.768657938047,15.3482950196809));
#2216=CARTESIAN_POINT('',(-11.3390007793229,-58.768657938047,12.5482950196809));
#2217=CARTESIAN_POINT('Origin',(-11.3390007793229,-58.768657938047,15.3482950196809));
#2218=CARTESIAN_POINT('',(-11.3390007793229,-58.768657938047,13.8482950196809));
#2219=CARTESIAN_POINT('Origin',(-11.3390007793229,-58.768657938047,15.3482950196809));
#2220=CARTESIAN_POINT('Origin',(-11.3390007793229,-57.268657938047,15.3482950196809));
#2221=CARTESIAN_POINT('',(-11.3390007793229,-55.768657938047,12.5482950196809));
#2222=CARTESIAN_POINT('Origin',(-11.3390007793229,-55.768657938047,15.3482950196809));
#2223=CARTESIAN_POINT('',(-11.3390007793229,-57.268657938047,12.5482950196809));
#2224=CARTESIAN_POINT('Origin',(-11.3390007793229,-68.268657938047,15.3482950196809));
#2225=CARTESIAN_POINT('',(-11.3390007793229,-68.268657938047,13.8482950196809));
#2226=CARTESIAN_POINT('Origin',(-11.3390007793229,-58.768657938047,-4.88779706466236));
#2227=CARTESIAN_POINT('',(-11.3390007793229,-58.768657938047,-7.68779706466236));
#2228=CARTESIAN_POINT('Origin',(-11.3390007793229,-58.768657938047,-4.88779706466236));
#2229=CARTESIAN_POINT('',(-11.3390007793229,-58.768657938047,-6.38779706466236));
#2230=CARTESIAN_POINT('Origin',(-11.3390007793229,-58.768657938047,-4.88779706466236));
#2231=CARTESIAN_POINT('Origin',(-11.3390007793229,-57.268657938047,-4.88779706466236));
#2232=CARTESIAN_POINT('',(-11.3390007793229,-55.768657938047,-7.68779706466236));
#2233=CARTESIAN_POINT('Origin',(-11.3390007793229,-55.768657938047,-4.88779706466236));
#2234=CARTESIAN_POINT('',(-11.3390007793229,-57.268657938047,-7.68779706466236));
#2235=CARTESIAN_POINT('Origin',(-11.3390007793229,-68.268657938047,-4.88779706466236));
#2236=CARTESIAN_POINT('',(-11.3390007793229,-68.268657938047,-6.38779706466236));
#2237=CARTESIAN_POINT('Origin',(-32.2636219818009,-58.768657938047,15.3482950196809));
#2238=CARTESIAN_POINT('',(-32.2636219818009,-58.768657938047,12.5482950196809));
#2239=CARTESIAN_POINT('Origin',(-32.2636219818009,-58.768657938047,15.3482950196809));
#2240=CARTESIAN_POINT('',(-32.2636219818009,-58.768657938047,13.8482950196809));
#2241=CARTESIAN_POINT('Origin',(-32.2636219818009,-58.768657938047,15.3482950196809));
#2242=CARTESIAN_POINT('Origin',(-32.2636219818009,-57.268657938047,15.3482950196809));
#2243=CARTESIAN_POINT('',(-32.2636219818009,-55.768657938047,12.5482950196809));
#2244=CARTESIAN_POINT('Origin',(-32.2636219818009,-55.768657938047,15.3482950196809));
#2245=CARTESIAN_POINT('',(-32.2636219818009,-57.268657938047,12.5482950196809));
#2246=CARTESIAN_POINT('Origin',(-32.2636219818009,-68.268657938047,15.3482950196809));
#2247=CARTESIAN_POINT('',(-32.2636219818009,-68.268657938047,13.8482950196809));
#2248=CARTESIAN_POINT('Origin',(-21.8013113805619,-64.9018194455089,30.));
#2249=CARTESIAN_POINT('',(-21.8013113805619,-64.9018194455089,21.4083286337192));
#2250=CARTESIAN_POINT('',(-24.6013113805619,-63.2852386917779,20.6673683248743));
#2251=CARTESIAN_POINT('Ctrl Pts',(-21.8013113805619,-64.9018194455089,21.4083286337192));
#2252=CARTESIAN_POINT('Ctrl Pts',(-22.7292639337039,-64.3660657891572,21.1354815523315));
#2253=CARTESIAN_POINT('Ctrl Pts',(-23.6635310833847,-63.826666398794,20.8886901015346));
#2254=CARTESIAN_POINT('Ctrl Pts',(-24.6013113805619,-63.2852386917779,20.6673683248743));
#2255=CARTESIAN_POINT('',(-21.8013113805619,-64.9018194455089,18.));
#2256=CARTESIAN_POINT('',(-21.8013113805619,-64.9018194455089,30.));
#2257=CARTESIAN_POINT('',(-24.6013113805619,-63.2852386917779,18.));
#2258=CARTESIAN_POINT('',(-24.6013113805619,-63.2852386917779,18.));
#2259=CARTESIAN_POINT('',(-24.6013113805619,-63.2852386917779,30.));
#2260=CARTESIAN_POINT('Origin',(-24.6013113805619,-63.2852386917779,30.));
#2261=CARTESIAN_POINT('',(-24.6013113805619,-60.052077184316,19.6786867790729));
#2262=CARTESIAN_POINT('Ctrl Pts',(-24.6019579583811,-63.2864874723001,20.6687711766519));
#2263=CARTESIAN_POINT('Ctrl Pts',(-24.601862903357,-62.8975455576611,20.5130418485401));
#2264=CARTESIAN_POINT('Ctrl Pts',(-24.6017656778883,-62.50397236696,20.3696540602944));
#2265=CARTESIAN_POINT('Ctrl Pts',(-24.6016661121639,-62.1063778901154,20.2387032402198));
#2266=CARTESIAN_POINT('Ctrl Pts',(-24.6015662378262,-61.7075510316878,20.1073465257267));
#2267=CARTESIAN_POINT('Ctrl Pts',(-24.6014640137823,-61.3046774011659,19.9885038464584));
#2268=CARTESIAN_POINT('Ctrl Pts',(-24.6013597533451,-60.8983548553592,19.8823207145503));
#2269=CARTESIAN_POINT('Ctrl Pts',(-24.6012878893073,-60.6182871749773,19.809131412711));
#2270=CARTESIAN_POINT('Ctrl Pts',(-24.6012150678856,-60.3365805455207,19.7419576718728));
#2271=CARTESIAN_POINT('Ctrl Pts',(-24.6011415059039,-60.053427800021,19.680861261178));
#2272=CARTESIAN_POINT('',(-24.6013113805619,-60.052077184316,18.));
#2273=CARTESIAN_POINT('',(-24.6013113805619,-60.052077184316,18.));
#2274=CARTESIAN_POINT('',(-24.6013113805619,-60.052077184316,30.));
#2275=CARTESIAN_POINT('Origin',(-24.6013113805619,-60.052077184316,30.));
#2276=CARTESIAN_POINT('',(-21.8013113805619,-58.4354964305851,19.4012792806223));
#2277=CARTESIAN_POINT('Ctrl Pts',(-24.6013113805619,-60.052077184316,19.6786867790729));
#2278=CARTESIAN_POINT('Ctrl Pts',(-23.6691394232263,-59.5138874538173,19.5649786592745));
#2279=CARTESIAN_POINT('Ctrl Pts',(-22.7360715894255,-58.9751804888002,19.4723147916793));
#2280=CARTESIAN_POINT('Ctrl Pts',(-21.8013113805619,-58.4354964305851,19.4012792806223));
#2281=CARTESIAN_POINT('',(-21.8013113805619,-58.4354964305851,18.));
#2282=CARTESIAN_POINT('',(-21.8013113805619,-58.4354964305851,18.));
#2283=CARTESIAN_POINT('',(-21.8013113805619,-58.4354964305851,30.));
#2284=CARTESIAN_POINT('Origin',(-21.8013113805619,-58.4354964305851,30.));
#2285=CARTESIAN_POINT('',(-19.0013113805619,-60.052077184316,19.6786867790729));
#2286=CARTESIAN_POINT('Ctrl Pts',(-21.8013113805619,-58.4354964305851,19.4012792806223));
#2287=CARTESIAN_POINT('Ctrl Pts',(-20.8665511638831,-58.9751804933124,19.4723147922732));
#2288=CARTESIAN_POINT('Ctrl Pts',(-19.933483301251,-59.5138874749752,19.5649786637447));
#2289=CARTESIAN_POINT('Ctrl Pts',(-19.0013113805619,-60.052077184316,19.6786867790729));
#2290=CARTESIAN_POINT('',(-19.0013113805619,-60.052077184316,18.));
#2291=CARTESIAN_POINT('',(-19.0013113805619,-60.052077184316,18.));
#2292=CARTESIAN_POINT('',(-19.0013113805619,-60.052077184316,30.));
#2293=CARTESIAN_POINT('Origin',(-19.0013113805619,-63.2852386917779,30.));
#2294=CARTESIAN_POINT('',(-19.0013113805619,-63.2852386917779,20.6673683248743));
#2295=CARTESIAN_POINT('Ctrl Pts',(-19.0013113805619,-63.2852386917779,20.6673683248743));
#2296=CARTESIAN_POINT('Ctrl Pts',(-19.9390916404412,-63.82666637726,20.8886900927321));
#2297=CARTESIAN_POINT('Ctrl Pts',(-20.8733588197501,-64.366065784729,21.1354815500764));
#2298=CARTESIAN_POINT('Ctrl Pts',(-21.8013113805619,-64.9018194455089,21.4083286337192));
#2299=CARTESIAN_POINT('',(-19.0013113805619,-63.2852386917779,18.));
#2300=CARTESIAN_POINT('',(-19.0013113805619,-63.2852386917779,30.));
#2301=CARTESIAN_POINT('',(-21.8013113805619,-64.9018194455089,18.));
#2302=CARTESIAN_POINT('Origin',(-19.0013113805619,-60.052077184316,30.));
#2303=CARTESIAN_POINT('Ctrl Pts',(-19.0007902975615,-60.0512862939401,19.6808410754301));
#2304=CARTESIAN_POINT('Ctrl Pts',(-19.0007726462606,-60.461984784971,19.7694390710082));
#2305=CARTESIAN_POINT('Ctrl Pts',(-19.000755251,-60.8696425061149,19.8708162616973));
#2306=CARTESIAN_POINT('Ctrl Pts',(-19.0007383847894,-61.2736694653424,19.9847931081528));
#2307=CARTESIAN_POINT('Ctrl Pts',(-19.0007215495187,-61.6769552672329,20.0985608725803));
#2308=CARTESIAN_POINT('Ctrl Pts',(-19.0007052467789,-62.0766241363607,20.2248822551792));
#2309=CARTESIAN_POINT('Ctrl Pts',(-19.0006893271303,-62.4720770349419,20.3636289301047));
#2310=CARTESIAN_POINT('Ctrl Pts',(-19.000678342345,-62.7449451945554,20.4593661215003));
#2311=CARTESIAN_POINT('Ctrl Pts',(-19.0006675312455,-63.0158057948928,20.5610202825172));
#2312=CARTESIAN_POINT('Ctrl Pts',(-19.000656707003,-63.2844566459104,20.6685627052248));
#2313=CARTESIAN_POINT('',(-19.0013113805619,-63.2852386917779,18.));
#2314=CARTESIAN_POINT('Origin',(-21.8013113805619,-61.668657938047,18.));
#2315=CARTESIAN_POINT('',(-23.4013113805619,-61.668657938047,18.));
#2316=CARTESIAN_POINT('Origin',(-21.8013113805619,-61.668657938047,18.));
#2317=CARTESIAN_POINT('Origin',(-21.8013113805619,-61.668657938047,-15.));
#2318=CARTESIAN_POINT('',(-24.5583552549646,-61.175240336363,-9.49646292592589));
#2319=CARTESIAN_POINT('',(-24.6023795750526,-61.6696133544911,-9.63970193143978));
#2320=CARTESIAN_POINT('Ctrl Pts',(-24.5583552549646,-61.175240336363,-9.49646292592589));
#2321=CARTESIAN_POINT('Ctrl Pts',(-24.5794667894545,-61.2927261395969,-9.52889748722653));
#2322=CARTESIAN_POINT('Ctrl Pts',(-24.5929590358226,-61.4109549261049,-9.56270703914147));
#2323=CARTESIAN_POINT('Ctrl Pts',(-24.5989319790967,-61.5292162390427,-9.59773560941537));
#2324=CARTESIAN_POINT('Ctrl Pts',(-24.601297856194,-61.576059431575,-9.61161039247592));
#2325=CARTESIAN_POINT('Ctrl Pts',(-24.6024839846607,-61.6229078655676,-9.62567587905837));
#2326=CARTESIAN_POINT('Ctrl Pts',(-24.6024964998245,-61.6697179345566,-9.63992017198707));
#2327=CARTESIAN_POINT('Ctrl Pts',(-24.6024964998245,-61.6697179345566,-9.63992017198707));
#2328=CARTESIAN_POINT('Ctrl Pts',(-24.6025157023469,-61.7395006666448,-9.66115503904851));
#2329=CARTESIAN_POINT('Ctrl Pts',(-24.5999270129151,-61.8091983342381,-9.68278765388883));
#2330=CARTESIAN_POINT('Ctrl Pts',(-24.5947492747432,-61.8786673070002,-9.70477321675741));
#2331=CARTESIAN_POINT('Ctrl Pts',(-24.5859805572046,-61.9963159365014,-9.7420066929045));
#2332=CARTESIAN_POINT('Ctrl Pts',(-24.5698142482447,-62.1129008800782,-9.78012633916693));
#2333=CARTESIAN_POINT('Ctrl Pts',(-24.546495677392,-62.227753791567,-9.81885453116524));
#2334=CARTESIAN_POINT('Ctrl Pts',(-24.5230105843398,-62.3434268888017,-9.85785928829917));
#2335=CARTESIAN_POINT('Ctrl Pts',(-24.4922708019813,-62.457343138571,-9.89748124378627));
#2336=CARTESIAN_POINT('Ctrl Pts',(-24.4545196756339,-62.5688320391733,-9.93738563288947));
#2337=CARTESIAN_POINT('Ctrl Pts',(-24.416057413478,-62.6824211088864,-9.97804171982922));
#2338=CARTESIAN_POINT('Ctrl Pts',(-24.3703172379458,-62.7934905278186,-10.0189908880702));
#2339=CARTESIAN_POINT('Ctrl Pts',(-24.3175477320248,-62.9013437645721,-10.059827250364));
#2340=CARTESIAN_POINT('Ctrl Pts',(-24.3092533214019,-62.9182963400611,-10.0662459869297));
#2341=CARTESIAN_POINT('Ctrl Pts',(-24.3007852247101,-62.935169480591,-10.0726618364411));
#2342=CARTESIAN_POINT('Ctrl Pts',(-24.2921443866245,-62.9519605083144,-10.0790731126118));
#2343=CARTESIAN_POINT('Ctrl Pts',(-24.2335034635452,-63.065912575856,-10.122583145903));
#2344=CARTESIAN_POINT('Ctrl Pts',(-24.1670736873627,-63.1757545866212,-10.1657619755237));
#2345=CARTESIAN_POINT('Ctrl Pts',(-24.0933276260412,-63.280672196938,-10.2080351556262));
#2346=CARTESIAN_POINT('Ctrl Pts',(-24.0111685519913,-63.3975588965215,-10.2551308956852));
#2347=CARTESIAN_POINT('Ctrl Pts',(-23.9199288245332,-63.5083335184136,-10.3011024088531));
#2348=CARTESIAN_POINT('Ctrl Pts',(-23.820244978184,-63.6118878360204,-10.3450891338528));
#2349=CARTESIAN_POINT('Ctrl Pts',(-23.7427597443607,-63.6923816252055,-10.3792804476569));
#2350=CARTESIAN_POINT('Ctrl Pts',(-23.660172088467,-63.7685133003906,-10.4122707949686));
#2351=CARTESIAN_POINT('Ctrl Pts',(-23.57277463457,-63.8397679681831,-10.4436364568196));
#2352=CARTESIAN_POINT('Ctrl Pts',(-23.5694690820051,-63.842462967172,-10.4448227710583));
#2353=CARTESIAN_POINT('Ctrl Pts',(-23.566157133579,-63.845150581381,-10.4460065800178));
#2354=CARTESIAN_POINT('Ctrl Pts',(-23.5628388141476,-63.8478307859458,-10.4471878610957));
#2355=CARTESIAN_POINT('Ctrl Pts',(-23.4398931085384,-63.9471339567884,-10.4909550265692));
#2356=CARTESIAN_POINT('Ctrl Pts',(-23.3082027887684,-64.0362656740833,-10.5312502912702));
#2357=CARTESIAN_POINT('Ctrl Pts',(-23.1690245554492,-64.1139622608581,-10.5669283386789));
#2358=CARTESIAN_POINT('Ctrl Pts',(-23.0475179416459,-64.1817936231189,-10.5980763035894));
#2359=CARTESIAN_POINT('Ctrl Pts',(-22.9203038304427,-64.2409099485815,-10.6257034383281));
#2360=CARTESIAN_POINT('Ctrl Pts',(-22.7882115726182,-64.2904636460456,-10.6490811615059));
#2361=CARTESIAN_POINT('Ctrl Pts',(-22.7690004033806,-64.2976706124795,-10.6524811593843));
#2362=CARTESIAN_POINT('Ctrl Pts',(-22.7496860425492,-64.3046752882625,-10.6557913613155));
#2363=CARTESIAN_POINT('Ctrl Pts',(-22.7302710329809,-64.3114750413505,-10.6590096246018));
#2364=CARTESIAN_POINT('Ctrl Pts',(-22.6190359562691,-64.3504330987088,-10.677448130247));
#2365=CARTESIAN_POINT('Ctrl Pts',(-22.5053220281019,-64.3823731390796,-10.692726325525));
#2366=CARTESIAN_POINT('Ctrl Pts',(-22.3897625613981,-64.4070589407983,-10.7045868064054));
#2367=CARTESIAN_POINT('Ctrl Pts',(-22.2785843681818,-64.4308088153128,-10.7159976139539));
#2368=CARTESIAN_POINT('Ctrl Pts',(-22.1656979321882,-64.4478441663672,-10.7242448008432));
#2369=CARTESIAN_POINT('Ctrl Pts',(-22.0516667790458,-64.4579421095107,-10.729146206272));
#2370=CARTESIAN_POINT('Ctrl Pts',(-22.0222027639478,-64.4605512732439,-10.7304126591629));
#2371=CARTESIAN_POINT('Ctrl Pts',(-21.9926623210342,-64.4626972033334,-10.7314559961001));
#2372=CARTESIAN_POINT('Ctrl Pts',(-21.9630551645705,-64.4643759024523,-10.7322736308555));
#2373=CARTESIAN_POINT('Ctrl Pts',(-21.8513397639644,-64.4707100650997,-10.7353587766497));
#2374=CARTESIAN_POINT('Ctrl Pts',(-21.7396309558663,-64.4703385031752,-10.7351999559209));
#2375=CARTESIAN_POINT('Ctrl Pts',(-21.628476332754,-64.4633541554877,-10.7318431011247));
#2376=CARTESIAN_POINT('Ctrl Pts',(-21.5158129909123,-64.456275008179,-10.728440683224));
#2377=CARTESIAN_POINT('Ctrl Pts',(-21.4037190098051,-64.4424023254605,-10.7217528822204));
#2378=CARTESIAN_POINT('Ctrl Pts',(-21.2927649955855,-64.4218185613384,-10.7118790705606));
#2379=CARTESIAN_POINT('Ctrl Pts',(-21.266134419103,-64.4168781586986,-10.709509212215));
#2380=CARTESIAN_POINT('Ctrl Pts',(-21.2395695134109,-64.4115510877507,-10.706956045358));
#2381=CARTESIAN_POINT('Ctrl Pts',(-21.213078168806,-64.4058383702962,-10.7042213709423));
#2382=CARTESIAN_POINT('Ctrl Pts',(-21.0914645562321,-64.3796130420762,-10.6916673220682));
#2383=CARTESIAN_POINT('Ctrl Pts',(-20.972476155787,-64.3454953762024,-10.6753958688552));
#2384=CARTESIAN_POINT('Ctrl Pts',(-20.8567544772216,-64.3039605817167,-10.6557978751664));
#2385=CARTESIAN_POINT('Ctrl Pts',(-20.7292765062381,-64.2582062218433,-10.6342088997751));
#2386=CARTESIAN_POINT('Ctrl Pts',(-20.6057626287689,-64.2034509695514,-10.6085836051164));
#2387=CARTESIAN_POINT('Ctrl Pts',(-20.4870734945232,-64.1403133787748,-10.5795057434674));
#2388=CARTESIAN_POINT('Ctrl Pts',(-20.4593031026193,-64.1255407068628,-10.5727022258678));
#2389=CARTESIAN_POINT('Ctrl Pts',(-20.4317968557538,-64.1103090883286,-10.5657099197877));
#2390=CARTESIAN_POINT('Ctrl Pts',(-20.4045658093557,-64.0946263507189,-10.5585366720736));
#2391=CARTESIAN_POINT('Ctrl Pts',(-20.2764979984683,-64.020870320744,-10.5248008354748));
#2392=CARTESIAN_POINT('Ctrl Pts',(-20.155409406493,-63.9376622283611,-10.4873027556446));
#2393=CARTESIAN_POINT('Ctrl Pts',(-20.0420717947722,-63.8461032112597,-10.4469801515041));
#2394=CARTESIAN_POINT('Ctrl Pts',(-19.9249145141518,-63.7514585006734,-10.4052986075143));
#2395=CARTESIAN_POINT('Ctrl Pts',(-19.8160391170574,-63.6478896398747,-10.3606019844228));
#2396=CARTESIAN_POINT('Ctrl Pts',(-19.7163116142291,-63.5366185480307,-10.3139063272198));
#2397=CARTESIAN_POINT('Ctrl Pts',(-19.6684586425484,-63.4832265322289,-10.2915000110245));
#2398=CARTESIAN_POINT('Ctrl Pts',(-19.6227121466374,-63.4280612810902,-10.2686328938061));
#2399=CARTESIAN_POINT('Ctrl Pts',(-19.5791692223691,-63.3712589691247,-10.2454130295364));
#2400=CARTESIAN_POINT('Ctrl Pts',(-19.5019704700592,-63.2705521910258,-10.2042457312772));
#2401=CARTESIAN_POINT('Ctrl Pts',(-19.4319303921474,-63.1650161544337,-10.1621021713327));
#2402=CARTESIAN_POINT('Ctrl Pts',(-19.3693936644776,-63.0554195093025,-10.1195338961442));
#2403=CARTESIAN_POINT('Ctrl Pts',(-19.3087426690976,-62.9491276410647,-10.0782492245921));
#2404=CARTESIAN_POINT('Ctrl Pts',(-19.2551493489818,-62.8390162816568,-10.0365653745645));
#2405=CARTESIAN_POINT('Ctrl Pts',(-19.2089378224123,-62.7257983809119,-9.99493918266994));
#2406=CARTESIAN_POINT('Ctrl Pts',(-19.1639147673884,-62.6154922267267,-9.95438353633608));
#2407=CARTESIAN_POINT('Ctrl Pts',(-19.1258987465556,-62.5022372369796,-9.91388275334741));
#2408=CARTESIAN_POINT('Ctrl Pts',(-19.0951983862705,-62.3867048331044,-9.87381152919228));
#2409=CARTESIAN_POINT('Ctrl Pts',(-19.0897887712813,-62.3663472275932,-9.86675070342966));
#2410=CARTESIAN_POINT('Ctrl Pts',(-19.0846063208229,-62.3459189424327,-9.85970308993314));
#2411=CARTESIAN_POINT('Ctrl Pts',(-19.0796527507276,-62.325423691856,-9.85267057621254));
#2412=CARTESIAN_POINT('Ctrl Pts',(-19.0522057362896,-62.211862476881,-9.81370443625483));
#2413=CARTESIAN_POINT('Ctrl Pts',(-19.0318816828339,-62.0966634194289,-9.77534969934985));
#2414=CARTESIAN_POINT('Ctrl Pts',(-19.0188155442563,-61.9804903115109,-9.73788082426323));
#2415=CARTESIAN_POINT('Ctrl Pts',(-19.0057538796258,-61.864356982165,-9.70042477880969));
#2416=CARTESIAN_POINT('Ctrl Pts',(-18.9999452691509,-61.7472502493489,-9.66385400695664));
#2417=CARTESIAN_POINT('Ctrl Pts',(-19.0015293886368,-61.6298461012385,-9.6283923966271));
#2418=CARTESIAN_POINT('Ctrl Pts',(-19.0031214630839,-61.511852385586,-9.5927527089913));
#2419=CARTESIAN_POINT('Ctrl Pts',(-19.0121808333821,-61.3935582441342,-9.55823333359541));
#2420=CARTESIAN_POINT('Ctrl Pts',(-19.0288523921123,-61.2756631948798,-9.52501066747041));
#2421=CARTESIAN_POINT('Ctrl Pts',(-19.0310348516147,-61.2602296547594,-9.52066151664695));
#2422=CARTESIAN_POINT('Ctrl Pts',(-19.0333477653822,-61.2448029726934,-9.51633451715285));
#2423=CARTESIAN_POINT('Ctrl Pts',(-19.0357914604409,-61.2293847349049,-9.51203000119917));
#2424=CARTESIAN_POINT('Ctrl Pts',(-19.055123811631,-61.1074092917763,-9.4779764830147));
#2425=CARTESIAN_POINT('Ctrl Pts',(-19.0825174833456,-60.9867336427964,-9.44554999358775));
#2426=CARTESIAN_POINT('Ctrl Pts',(-19.1178538261092,-60.8681503963103,-9.41483739033515));
#2427=CARTESIAN_POINT('Ctrl Pts',(-19.1544900145284,-60.7452050708508,-9.38299502546074));
#2428=CARTESIAN_POINT('Ctrl Pts',(-19.1996641851528,-60.6245089085532,-9.35299485702468));
#2429=CARTESIAN_POINT('Ctrl Pts',(-19.2532387143751,-60.5069607103911,-9.32487879433241));
#2430=CARTESIAN_POINT('Ctrl Pts',(-19.2925840385626,-60.4206328969417,-9.3042302582172));
#2431=CARTESIAN_POINT('Ctrl Pts',(-19.3364599783171,-60.3360032734704,-9.28459670098155));
#2432=CARTESIAN_POINT('Ctrl Pts',(-19.3848092547195,-60.2534327692445,-9.26597786322344));
#2433=CARTESIAN_POINT('Ctrl Pts',(-19.4666492821528,-60.1136670305646,-9.23446206182414));
#2434=CARTESIAN_POINT('Ctrl Pts',(-19.5604765555078,-59.9812363424959,-9.2061779700508));
#2435=CARTESIAN_POINT('Ctrl Pts',(-19.665265758395,-59.8576490551345,-9.1809143342949));
#2436=CARTESIAN_POINT('Ctrl Pts',(-19.7836872288918,-59.7179840142639,-9.15236409425225));
#2437=CARTESIAN_POINT('Ctrl Pts',(-19.91610925532,-59.5896137785998,-9.12766832546902));
#2438=CARTESIAN_POINT('Ctrl Pts',(-20.0610029986277,-59.4747284769352,-9.10648703564587));
#2439=CARTESIAN_POINT('Ctrl Pts',(-20.0769444335764,-59.4620886173991,-9.10415663720258));
#2440=CARTESIAN_POINT('Ctrl Pts',(-20.0930367836648,-59.4496119921777,-9.10186878157834));
#2441=CARTESIAN_POINT('Ctrl Pts',(-20.1092779745916,-59.4373015177325,-9.09962302432251));
#2442=CARTESIAN_POINT('Ctrl Pts',(-20.221087344811,-59.3525524127548,-9.08416253835379));
#2443=CARTESIAN_POINT('Ctrl Pts',(-20.3390405967305,-59.2763822409563,-9.07082178539358));
#2444=CARTESIAN_POINT('Ctrl Pts',(-20.4621059919053,-59.2094131564133,-9.05939220175959));
#2445=CARTESIAN_POINT('Ctrl Pts',(-20.577315933347,-59.14671881169,-9.0486921860541));
#2446=CARTESIAN_POINT('Ctrl Pts',(-20.6970059658267,-59.0920885157974,-9.03966684759778));
#2447=CARTESIAN_POINT('Ctrl Pts',(-20.8203188605136,-59.0460206413352,-9.03218818665968));
#2448=CARTESIAN_POINT('Ctrl Pts',(-20.8652374735657,-59.0292397115521,-9.02946396971806));
#2449=CARTESIAN_POINT('Ctrl Pts',(-20.9106367108962,-59.0135947933876,-9.02694543543957));
#2450=CARTESIAN_POINT('Ctrl Pts',(-20.9564748436628,-58.9991094967546,-9.02462807083831));
#2451=CARTESIAN_POINT('Ctrl Pts',(-21.0721599198256,-58.9625518853713,-9.01877956689164));
#2452=CARTESIAN_POINT('Ctrl Pts',(-21.1899977951437,-58.9335867565335,-9.01424163865546));
#2453=CARTESIAN_POINT('Ctrl Pts',(-21.3092196276505,-58.9123597032805,-9.01093498610031));
#2454=CARTESIAN_POINT('Ctrl Pts',(-21.4267411706591,-58.8914353809532,-9.00767549157398));
#2455=CARTESIAN_POINT('Ctrl Pts',(-21.5456073942325,-58.878030011706,-9.0056123388014));
#2456=CARTESIAN_POINT('Ctrl Pts',(-21.6650792639627,-58.872269031578,-9.0047183135868));
#2457=CARTESIAN_POINT('Ctrl Pts',(-21.6958208474997,-58.870786660437,-9.00448826988797));
#2458=CARTESIAN_POINT('Ctrl Pts',(-21.7266025205022,-58.86981034762,-9.00433589081015));
#2459=CARTESIAN_POINT('Ctrl Pts',(-21.7574116737429,-58.8693420751505,-9.00426125318572));
#2460=CARTESIAN_POINT('Ctrl Pts',(-21.8767009258136,-58.8675289817423,-9.00397226548374));
#2461=CARTESIAN_POINT('Ctrl Pts',(-21.9958294917133,-58.8733420126848,-9.00484620409099));
#2462=CARTESIAN_POINT('Ctrl Pts',(-22.1140615709353,-58.8866841218211,-9.00688837681341));
#2463=CARTESIAN_POINT('Ctrl Pts',(-22.2336592998084,-58.9001803401197,-9.00895413782494));
#2464=CARTESIAN_POINT('Ctrl Pts',(-22.3523396320996,-58.9213805431226,-9.01221532384899));
#2465=CARTESIAN_POINT('Ctrl Pts',(-22.4693427262626,-58.9501698910769,-9.01672868961962));
#2466=CARTESIAN_POINT('Ctrl Pts',(-22.4980165686221,-58.9572252705161,-9.01783477608292));
#2467=CARTESIAN_POINT('Ctrl Pts',(-22.5265896894278,-58.9647363795909,-9.0190163036411));
#2468=CARTESIAN_POINT('Ctrl Pts',(-22.5550509295883,-58.972701401681,-9.02027456421337));
#2469=CARTESIAN_POINT('Ctrl Pts',(-22.6795109901152,-59.0075321794627,-9.02577689601969));
#2470=CARTESIAN_POINT('Ctrl Pts',(-22.8011131196914,-59.050841318012,-9.03271050058076));
#2471=CARTESIAN_POINT('Ctrl Pts',(-22.9190280671608,-59.102199021686,-9.0411714012873));
#2472=CARTESIAN_POINT('Ctrl Pts',(-23.0435078281466,-59.1564160214414,-9.0501033553803));
#2473=CARTESIAN_POINT('Ctrl Pts',(-23.1638781931697,-59.2196026114683,-9.06073766369612));
#2474=CARTESIAN_POINT('Ctrl Pts',(-23.2791736108047,-59.2912387193365,-9.0732429197426));
#2475=CARTESIAN_POINT('Ctrl Pts',(-23.3191775196714,-59.3160942113371,-9.07758185301072));
#2476=CARTESIAN_POINT('Ctrl Pts',(-23.3585705703809,-59.3419668051664,-9.08214647428515));
#2477=CARTESIAN_POINT('Ctrl Pts',(-23.3973127718741,-59.3688344460329,-9.08694516902359));
#2478=CARTESIAN_POINT('Ctrl Pts',(-23.5483874419612,-59.4736044338881,-9.10565761169638));
#2479=CARTESIAN_POINT('Ctrl Pts',(-23.6879867106666,-59.5923939024438,-9.12772887991791));
#2480=CARTESIAN_POINT('Ctrl Pts',(-23.8144957423873,-59.7231437380577,-9.1535075638083));
#2481=CARTESIAN_POINT('Ctrl Pts',(-23.9333511849131,-59.8459834227878,-9.17772667954932));
#2482=CARTESIAN_POINT('Ctrl Pts',(-24.0406527105,-59.9793792053086,-9.20522162902754));
#2483=CARTESIAN_POINT('Ctrl Pts',(-24.1351027391223,-60.1216299766984,-9.23627663529019));
#2484=CARTESIAN_POINT('Ctrl Pts',(-24.1411847636652,-60.1307900870283,-9.23827639445411));
#2485=CARTESIAN_POINT('Ctrl Pts',(-24.1472135121619,-60.1399869201863,-9.24029090443627));
#2486=CARTESIAN_POINT('Ctrl Pts',(-24.1531886438893,-60.1492200240813,-9.24232023573938));
#2487=CARTESIAN_POINT('Ctrl Pts',(-24.2259577630867,-60.2616668902845,-9.26703477898689));
#2488=CARTESIAN_POINT('Ctrl Pts',(-24.2901458342163,-60.3785048119873,-9.29373436773637));
#2489=CARTESIAN_POINT('Ctrl Pts',(-24.3455596249318,-60.4987584007007,-9.32243338960463));
#2490=CARTESIAN_POINT('Ctrl Pts',(-24.3985191732295,-60.6136860325627,-9.34986134959624));
#2491=CARTESIAN_POINT('Ctrl Pts',(-24.4434646729034,-60.7317334679762,-9.37911577398642));
#2492=CARTESIAN_POINT('Ctrl Pts',(-24.4802357994004,-60.8520618380774,-9.41016491717791));
#2493=CARTESIAN_POINT('Ctrl Pts',(-24.5126711879769,-60.9582021120593,-9.43755300996499));
#2494=CARTESIAN_POINT('Ctrl Pts',(-24.5387464601519,-61.066117287533,-9.4663370884275));
#2495=CARTESIAN_POINT('Ctrl Pts',(-24.5583552549646,-61.175240336363,-9.49646292592589));
#2496=CARTESIAN_POINT('',(-24.6013113805619,-61.668657938047,-9.));
#2497=CARTESIAN_POINT('',(-24.6013113805619,-61.668657938047,-15.));
#2498=CARTESIAN_POINT('Origin',(-21.8013113805619,-61.668657938047,-9.));
#2499=CARTESIAN_POINT('Origin',(-21.8013113805619,-61.668657938047,-9.));
#2500=CARTESIAN_POINT('',(-23.4013113805619,-61.668657938047,-9.));
#2501=CARTESIAN_POINT('Origin',(-21.8013113805619,-61.668657938047,-9.));
#2502=CARTESIAN_POINT('Origin',(-21.8013113805619,-61.668657938047,0.));
#2503=CARTESIAN_POINT('',(-23.4013113805619,-61.668657938047,-0.871130397995692));
#2504=CARTESIAN_POINT('',(-23.4013113805619,-61.668657938047,0.));
#2505=CARTESIAN_POINT('Origin',(-21.8013113805619,-61.668657938047,-0.871130397995692));
#2506=CARTESIAN_POINT('Origin',(-21.8013113805619,-61.668657938047,0.));
#2507=CARTESIAN_POINT('',(-23.4013113805619,-61.668657938047,11.3316283530142));
#2508=CARTESIAN_POINT('Origin',(-21.8013113805619,-61.668657938047,11.3316283530142));
#2509=CARTESIAN_POINT('',(-23.4013113805619,-61.668657938047,0.));
#2510=CARTESIAN_POINT('Ctrl Pts',(-52.338448089283,-75.668657938047,-2.49848194243328));
#2511=CARTESIAN_POINT('Ctrl Pts',(-51.7663170919794,-75.668657938047,-4.759039679652));
#2512=CARTESIAN_POINT('Ctrl Pts',(-50.5157436412709,-75.668657938047,-8.10352969113772));
#2513=CARTESIAN_POINT('Ctrl Pts',(-47.4989529600142,-75.668657938047,-13.2598042660451));
#2514=CARTESIAN_POINT('Ctrl Pts',(-43.7096363795782,-75.668657938047,-17.7582650917901));
#2515=CARTESIAN_POINT('Ctrl Pts',(-40.0402976777413,-75.668657938047,-20.5576648551602));
#2516=CARTESIAN_POINT('Ctrl Pts',(-38.0442821920539,-75.668657938047,-21.7589321737784));
#2517=CARTESIAN_POINT('Ctrl Pts',(-51.0765776128184,-74.6248582806909,-2.72752840864337));
#2518=CARTESIAN_POINT('Ctrl Pts',(-50.6455029951169,-74.6139360271762,-4.7608628204149));
#2519=CARTESIAN_POINT('Ctrl Pts',(-49.5954187258545,-74.6297193691366,-7.81071752794241));
#2520=CARTESIAN_POINT('Ctrl Pts',(-46.8375916106112,-74.6227697442616,-12.4525482274901));
#2521=CARTESIAN_POINT('Ctrl Pts',(-43.2796018800714,-74.6063614607984,-16.360314161586));
#2522=CARTESIAN_POINT('Ctrl Pts',(-39.9566085444201,-74.7424295731482,-18.6209762565682));
#2523=CARTESIAN_POINT('Ctrl Pts',(-38.226671271243,-74.8797866061748,-19.5956901657526));
#2524=CARTESIAN_POINT('Ctrl Pts',(-48.8203576774561,-72.2298504989284,-3.2530776029666));
#2525=CARTESIAN_POINT('Ctrl Pts',(-48.6397973043327,-72.2622134229284,-4.84529172133837));
#2526=CARTESIAN_POINT('Ctrl Pts',(-47.95091286581,-72.3589331702585,-7.31664058018474));
#2527=CARTESIAN_POINT('Ctrl Pts',(-45.7033065781257,-72.3161786976426,-10.9708848778414));
#2528=CARTESIAN_POINT('Ctrl Pts',(-42.6375610525335,-72.13763277382,-13.7820017650469));
#2529=CARTESIAN_POINT('Ctrl Pts',(-39.9906933701141,-72.3049767940403,-15.0358102430194));
#2530=CARTESIAN_POINT('Ctrl Pts',(-38.762158291018,-72.5636920221764,-15.5568541275707));
#2531=CARTESIAN_POINT('Ctrl Pts',(-46.0424082753446,-67.2202071510522,-4.35237007515461));
#2532=CARTESIAN_POINT('Ctrl Pts',(-46.1273164639574,-67.509633991487,-5.27445920551579));
#2533=CARTESIAN_POINT('Ctrl Pts',(-45.8802665075925,-67.8806468142677,-6.80859334905709));
#2534=CARTESIAN_POINT('Ctrl Pts',(-44.469822468097,-67.7150796083043,-8.95848658072832));
#2535=CARTESIAN_POINT('Ctrl Pts',(-42.3633085251817,-66.9022935278209,-10.2995007363859));
#2536=CARTESIAN_POINT('Ctrl Pts',(-40.7609264904321,-66.4219199126623,-10.3631711488436));
#2537=CARTESIAN_POINT('Ctrl Pts',(-40.1840348660353,-66.4137751933886,-10.3070516989054));
#2538=CARTESIAN_POINT('Ctrl Pts',(-45.2636219818009,-63.1836993641512,-5.23812227664611));
#2539=CARTESIAN_POINT('Ctrl Pts',(-45.3433693946809,-63.7614557143412,-5.81932963404813));
#2540=CARTESIAN_POINT('Ctrl Pts',(-45.2058835547813,-64.4031018125577,-6.78625821900831));
#2541=CARTESIAN_POINT('Ctrl Pts',(-44.3172838600581,-64.1155895064629,-8.12561905178365));
#2542=CARTESIAN_POINT('Ctrl Pts',(-42.9619929735461,-62.6511039502734,-8.93175939465368));
#2543=CARTESIAN_POINT('Ctrl Pts',(-41.8920373737759,-61.2911478074056,-8.88834242443474));
#2544=CARTESIAN_POINT('Ctrl Pts',(-41.4831607412889,-60.7947810955073,-8.76975102249069));
#2545=CARTESIAN_POINT('Ctrl Pts',(-45.2636219818009,-60.7609861394719,-5.76975102249076));
#2546=CARTESIAN_POINT('Ctrl Pts',(-45.2636219818009,-61.5122128623339,-6.21628858901202));
#2547=CARTESIAN_POINT('Ctrl Pts',(-45.1103770863326,-62.3164057539317,-6.89567573445543));
#2548=CARTESIAN_POINT('Ctrl Pts',(-44.4939649315221,-61.9558909865246,-7.86646409164048));
#2549=CARTESIAN_POINT('Ctrl Pts',(-43.5894322987951,-60.0998386241451,-8.57197440821765));
#2550=CARTESIAN_POINT('Ctrl Pts',(-42.7103963246973,-58.2110524270299,-8.76975102249074));
#2551=CARTESIAN_POINT('Ctrl Pts',(-42.2636219818008,-57.4191212094282,-8.76975102249072));
#2552=CARTESIAN_POINT('',(-42.2636219818008,-57.4191212094282,-8.76975102249072));
#2553=CARTESIAN_POINT('',(-38.0442821920539,-75.668657938047,-21.7589321737783));
#2554=CARTESIAN_POINT('Origin',(-42.2636219818,-57.4191212094283,-28.7697510224907));
#2555=CARTESIAN_POINT('',(-52.338448089283,-75.668657938047,-2.49848194243338));
#2556=CARTESIAN_POINT('Origin',(-21.8013113805619,-75.668657938047,5.23024897750928));
#2557=CARTESIAN_POINT('',(-45.2636219818009,-60.7609861394719,-5.76975102249076));
#2558=CARTESIAN_POINT('Origin',(-65.2636219818009,-60.7609861394719,-5.76975102249122));
#2559=CARTESIAN_POINT('Ctrl Pts',(-45.2636219818009,-60.7609861394719,-5.76975102249076));
#2560=CARTESIAN_POINT('Ctrl Pts',(-45.2636219818009,-61.5122128623339,-6.21628858901202));
#2561=CARTESIAN_POINT('Ctrl Pts',(-45.1103770863326,-62.3164057539317,-6.89567573445543));
#2562=CARTESIAN_POINT('Ctrl Pts',(-44.4939649315221,-61.9558909865246,-7.86646409164048));
#2563=CARTESIAN_POINT('Ctrl Pts',(-43.5894322987951,-60.0998386241451,-8.57197440821765));
#2564=CARTESIAN_POINT('Ctrl Pts',(-42.7103963246973,-58.2110524270299,-8.76975102249074));
#2565=CARTESIAN_POINT('Ctrl Pts',(-42.2636219818008,-57.4191212094282,-8.76975102249072));
#2566=CARTESIAN_POINT('Ctrl Pts',(-38.0442821920539,-75.668657938047,-21.7589321737783));
#2567=CARTESIAN_POINT('Ctrl Pts',(-36.9327027007625,-75.668657938047,-22.4279170210951));
#2568=CARTESIAN_POINT('Ctrl Pts',(-33.1868247889078,-75.668657938047,-24.4259053103973));
#2569=CARTESIAN_POINT('Ctrl Pts',(-26.4076443659876,-75.668657938047,-26.3157948526725));
#2570=CARTESIAN_POINT('Ctrl Pts',(-19.0477948685426,-75.668657938047,-26.3056325360841));
#2571=CARTESIAN_POINT('Ctrl Pts',(-14.6756793451367,-75.668657938047,-25.5359372872696));
#2572=CARTESIAN_POINT('Ctrl Pts',(-9.89947098336992,-75.668657938047,-24.0838468870244));
#2573=CARTESIAN_POINT('Ctrl Pts',(-7.22573266113319,-75.668657938047,-22.7624231997151));
#2574=CARTESIAN_POINT('Ctrl Pts',(-5.5583405690694,-75.668657938047,-21.758932173778));
#2575=CARTESIAN_POINT('Ctrl Pts',(-38.2266712712429,-74.8797866061748,-19.5956901657526));
#2576=CARTESIAN_POINT('Ctrl Pts',(-37.066231609726,-74.9234451074187,-20.1720997172805));
#2577=CARTESIAN_POINT('Ctrl Pts',(-33.2130773503676,-75.0940248315835,-21.9041040323841));
#2578=CARTESIAN_POINT('Ctrl Pts',(-26.4127547130894,-75.3311390690595,-23.5789906180293));
#2579=CARTESIAN_POINT('Ctrl Pts',(-19.0448473271874,-75.328928950432,-23.5700413376081));
#2580=CARTESIAN_POINT('Ctrl Pts',(-14.6615278845486,-75.2337472175787,-22.8878017144408));
#2581=CARTESIAN_POINT('Ctrl Pts',(-9.84837953443988,-75.0706457618692,-21.6104213346147));
#2582=CARTESIAN_POINT('Ctrl Pts',(-7.11663484189384,-74.9452752557007,-20.4603163445703));
#2583=CARTESIAN_POINT('Ctrl Pts',(-5.37595148988039,-74.8797866061748,-19.5956901657524));
#2584=CARTESIAN_POINT('Ctrl Pts',(-38.7619641521809,-72.5645317136946,-15.5526587014192));
#2585=CARTESIAN_POINT('Ctrl Pts',(-37.4817356433271,-72.6334043169217,-15.9335700961759));
#2586=CARTESIAN_POINT('Ctrl Pts',(-33.3420507741571,-72.9638249893043,-17.0897657974449));
#2587=CARTESIAN_POINT('Ctrl Pts',(-26.439491566227,-73.5066124050981,-18.2470964075198));
#2588=CARTESIAN_POINT('Ctrl Pts',(-19.0285616417956,-73.5012147663985,-18.2412006364802));
#2589=CARTESIAN_POINT('Ctrl Pts',(-14.5938814714065,-73.2839610086366,-17.7693709433829));
#2590=CARTESIAN_POINT('Ctrl Pts',(-9.65580028526585,-72.9256212849264,-16.8970425065472));
#2591=CARTESIAN_POINT('Ctrl Pts',(-6.76102769493329,-72.6678420346212,-16.1240336254531));
#2592=CARTESIAN_POINT('Ctrl Pts',(-4.84065860894234,-72.5645317136946,-15.552658701419));
#2593=CARTESIAN_POINT('Ctrl Pts',(-39.7779152355754,-68.170328465133,-11.8097910858358));
#2594=CARTESIAN_POINT('Ctrl Pts',(-38.3060734318425,-68.1329669295833,-11.9851818185576));
#2595=CARTESIAN_POINT('Ctrl Pts',(-33.6669127553667,-68.2449703001984,-12.5205876561207));
#2596=CARTESIAN_POINT('Ctrl Pts',(-26.5089046703304,-68.7407001917409,-13.0658555539992));
#2597=CARTESIAN_POINT('Ctrl Pts',(-18.985486260383,-68.7328375005036,-13.0632379875466));
#2598=CARTESIAN_POINT('Ctrl Pts',(-14.4246735621726,-68.5389213279685,-12.8407254340248));
#2599=CARTESIAN_POINT('Ctrl Pts',(-9.2250183415799,-68.2566373738004,-12.432264578803));
#2600=CARTESIAN_POINT('Ctrl Pts',(-6.03250049360804,-68.11428539362,-12.072880791118));
#2601=CARTESIAN_POINT('Ctrl Pts',(-3.82470752554777,-68.170328465133,-11.8097910858357));
#2602=CARTESIAN_POINT('Ctrl Pts',(-40.9631930295972,-63.0437513906379,-9.37774083514489));
#2603=CARTESIAN_POINT('Ctrl Pts',(-39.2800998331098,-62.828915982299,-9.41403484466503));
#2604=CARTESIAN_POINT('Ctrl Pts',(-34.0740777207765,-62.5041981666741,-9.52524418213296));
#2605=CARTESIAN_POINT('Ctrl Pts',(-26.5966418404919,-62.7154320740984,-9.6409172289111));
#2606=CARTESIAN_POINT('Ctrl Pts',(-18.930893302794,-62.7062690618131,-9.64031025970103));
#2607=CARTESIAN_POINT('Ctrl Pts',(-14.2128537701141,-62.6326688503431,-9.59316474529613));
#2608=CARTESIAN_POINT('Ctrl Pts',(-8.69941933214621,-62.6009646305438,-9.50699457637696));
#2609=CARTESIAN_POINT('Ctrl Pts',(-5.16410413224671,-62.7214938609101,-9.43218259566429));
#2610=CARTESIAN_POINT('Ctrl Pts',(-2.63942973152584,-63.043751390638,-9.37774083514488));
#2611=CARTESIAN_POINT('Ctrl Pts',(-41.7433144881255,-59.669561133481,-8.76975102249072));
#2612=CARTESIAN_POINT('Ctrl Pts',(-39.9255800748622,-59.3192595024117,-8.76941486895788));
#2613=CARTESIAN_POINT('Ctrl Pts',(-34.3520944397073,-58.6420687519183,-8.76962119543458));
#2614=CARTESIAN_POINT('Ctrl Pts',(-26.6567950633505,-58.584450121521,-8.76877631877849));
#2615=CARTESIAN_POINT('Ctrl Pts',(-18.8933808829727,-58.5745602433851,-8.76915439508334));
#2616=CARTESIAN_POINT('Ctrl Pts',(-14.0682465285851,-58.6137592450427,-8.76904712266298));
#2617=CARTESIAN_POINT('Ctrl Pts',(-8.34537969585782,-58.8038588219118,-8.77008345172902));
#2618=CARTESIAN_POINT('Ctrl Pts',(-4.58594726723311,-59.144101484344,-8.76924678527984));
#2619=CARTESIAN_POINT('Ctrl Pts',(-1.85930827299748,-59.6695611334811,-8.76975102249073));
#2620=CARTESIAN_POINT('Ctrl Pts',(-42.2636219818,-57.4191212094283,-8.76975102249072));
#2621=CARTESIAN_POINT('Ctrl Pts',(-40.3560917700221,-56.9780953224491,-8.76975102249072));
#2622=CARTESIAN_POINT('Ctrl Pts',(-34.5375999539243,-56.0655967765443,-8.76975102249072));
#2623=CARTESIAN_POINT('Ctrl Pts',(-26.6969478615599,-55.8272265984163,-8.76975102249072));
#2624=CARTESIAN_POINT('Ctrl Pts',(-18.8683680326056,-55.817167816296,-8.76975102249072));
#2625=CARTESIAN_POINT('Ctrl Pts',(-13.9717927057007,-55.9318148721184,-8.76975102249072));
#2626=CARTESIAN_POINT('Ctrl Pts',(-8.10911831056136,-56.2711725022525,-8.76975102249072));
#2627=CARTESIAN_POINT('Ctrl Pts',(-4.20033531761711,-56.7575733110499,-8.76975102249073));
#2628=CARTESIAN_POINT('Ctrl Pts',(-1.33900077932291,-57.4191212094285,-8.76975102249073));
#2629=CARTESIAN_POINT('',(-1.33900077932293,-57.4191212094285,-8.76975102249072));
#2630=CARTESIAN_POINT('',(-5.5583405690694,-75.668657938047,-21.758932173778));
#2631=CARTESIAN_POINT('Origin',(-1.33900077932295,-57.4191212094285,-28.7697510224907));
#2632=CARTESIAN_POINT('Origin',(-21.8013113805619,-75.668657938047,5.23024897750928));
#2633=CARTESIAN_POINT('Ctrl Pts',(-42.2636219818,-57.4191212094283,-8.76975102249072));
#2634=CARTESIAN_POINT('Ctrl Pts',(-40.3560917700221,-56.9780953224491,-8.76975102249072));
#2635=CARTESIAN_POINT('Ctrl Pts',(-34.5375999539243,-56.0655967765443,-8.76975102249072));
#2636=CARTESIAN_POINT('Ctrl Pts',(-26.6969478615599,-55.8272265984163,-8.76975102249072));
#2637=CARTESIAN_POINT('Ctrl Pts',(-18.8683680326056,-55.817167816296,-8.76975102249072));
#2638=CARTESIAN_POINT('Ctrl Pts',(-13.9717927057007,-55.9318148721184,-8.76975102249072));
#2639=CARTESIAN_POINT('Ctrl Pts',(-8.10911831056136,-56.2711725022525,-8.76975102249072));
#2640=CARTESIAN_POINT('Ctrl Pts',(-4.20033531761711,-56.7575733110499,-8.76975102249073));
#2641=CARTESIAN_POINT('Ctrl Pts',(-1.33900077932291,-57.4191212094285,-8.76975102249073));
#2642=CARTESIAN_POINT('Ctrl Pts',(-52.3384480892831,-75.668657938047,12.9589798974515));
#2643=CARTESIAN_POINT('Ctrl Pts',(-52.8561919646475,-75.668657938047,10.9133121589992));
#2644=CARTESIAN_POINT('Ctrl Pts',(-53.6602094013289,-75.668657938047,5.65637707561221));
#2645=CARTESIAN_POINT('Ctrl Pts',(-53.0267955296587,-75.668657938047,0.221260808036829));
#2646=CARTESIAN_POINT('Ctrl Pts',(-52.338448089283,-75.668657938047,-2.49848194243338));
#2647=CARTESIAN_POINT('Ctrl Pts',(-49.8147071363538,-73.5810586233348,13.4170728298717));
#2648=CARTESIAN_POINT('Ctrl Pts',(-50.1606247142126,-73.5486790590599,11.2105654741107));
#2649=CARTESIAN_POINT('Ctrl Pts',(-50.7061366126546,-73.5591423017985,5.66829833206761));
#2650=CARTESIAN_POINT('Ctrl Pts',(-50.2746092049826,-73.538009557475,-0.0229936916108897));
#2651=CARTESIAN_POINT('Ctrl Pts',(-49.8147071363538,-73.5810586233348,-2.95657487485363));
#2652=CARTESIAN_POINT('Ctrl Pts',(-46.3506147847643,-68.8379252803332,14.4578836055043));
#2653=CARTESIAN_POINT('Ctrl Pts',(-46.436641826779,-68.6100382467148,11.9116216408241));
#2654=CARTESIAN_POINT('Ctrl Pts',(-46.5736380674237,-68.4179874446129,5.70363675018149));
#2655=CARTESIAN_POINT('Ctrl Pts',(-46.46498889326,-68.5349464065114,-0.612096148645179));
#2656=CARTESIAN_POINT('Ctrl Pts',(-46.3506147847643,-68.8379252803333,-3.9973856504863));
#2657=CARTESIAN_POINT('Ctrl Pts',(-45.2636219818009,-63.1836993641511,15.6986202316645));
#2658=CARTESIAN_POINT('Ctrl Pts',(-45.2634781429809,-62.6392820739254,12.7660958917782));
#2659=CARTESIAN_POINT('Ctrl Pts',(-45.263396859307,-62.0418331103147,5.75214588290623));
#2660=CARTESIAN_POINT('Ctrl Pts',(-45.2634307461566,-62.4598892602471,-1.33929175590007));
#2661=CARTESIAN_POINT('Ctrl Pts',(-45.2636219818009,-63.1836993641512,-5.23812227664653));
#2662=CARTESIAN_POINT('Ctrl Pts',(-45.2636219818009,-60.7609861394718,16.2302489775092));
#2663=CARTESIAN_POINT('Ctrl Pts',(-45.2636219818009,-60.081171487574,13.1322299927253));
#2664=CARTESIAN_POINT('Ctrl Pts',(-45.2636219818009,-59.3102601188912,5.77294989029191));
#2665=CARTESIAN_POINT('Ctrl Pts',(-45.2636219818009,-59.8571634235886,-1.65089314723286));
#2666=CARTESIAN_POINT('Ctrl Pts',(-45.2636219818009,-60.7609861394719,-5.76975102249122));
#2667=CARTESIAN_POINT('',(-46.7652430120959,-67.768657938047,-1.88779706466236));
#2668=CARTESIAN_POINT('',(-45.2636219818009,-59.936681935902,-0.582467730970705));
#2669=CARTESIAN_POINT('Ctrl Pts',(-46.7652430120959,-67.768657938047,-1.88779706466237));
#2670=CARTESIAN_POINT('Ctrl Pts',(-46.7367844106535,-67.6967408609059,-1.87581088513885));
#2671=CARTESIAN_POINT('Ctrl Pts',(-46.7087089451466,-67.6246641121834,-1.86379809427503));
#2672=CARTESIAN_POINT('Ctrl Pts',(-45.7481725715681,-65.1190141436158,-1.44618976618042));
#2673=CARTESIAN_POINT('Ctrl Pts',(-45.2636219818009,-62.5376725205091,-1.01596616173938));
#2674=CARTESIAN_POINT('Ctrl Pts',(-45.2636219818009,-59.9366819359054,-0.582467730972093));
#2675=CARTESIAN_POINT('Ctrl Pts',(-45.2636219818009,-59.9291954094786,-0.583248979530685));
#2676=CARTESIAN_POINT('Ctrl Pts',(-45.2636219818009,-60.1121155403817,-2.32646485832436));
#2677=CARTESIAN_POINT('Ctrl Pts',(-45.2636219818009,-60.385532097129,-4.0587497255274));
#2678=CARTESIAN_POINT('Ctrl Pts',(-45.2636219818009,-60.7609861394719,-5.76975102249122));
#2679=CARTESIAN_POINT('',(-53.3013113805619,-75.668657938047,5.23024897750927));
#2680=CARTESIAN_POINT('Origin',(-21.8013113805619,-75.668657938047,5.23024897750928));
#2681=CARTESIAN_POINT('',(-52.3384480892831,-75.668657938047,12.9589798974515));
#2682=CARTESIAN_POINT('Origin',(-21.8013113805619,-75.668657938047,5.23024897750928));
#2683=CARTESIAN_POINT('',(-45.2636219818009,-60.7609861394717,16.2302489775092));
#2684=CARTESIAN_POINT('Origin',(-65.2636219818009,-60.7609861394718,16.2302489775092));
#2685=CARTESIAN_POINT('',(-45.2636219818009,-59.9366819359014,11.0429656859889));
#2686=CARTESIAN_POINT('Ctrl Pts',(-45.2636219818009,-60.7609861394718,16.2302489775092));
#2687=CARTESIAN_POINT('Ctrl Pts',(-45.2636219818009,-60.3847867436694,14.5158509912252));
#2688=CARTESIAN_POINT('Ctrl Pts',(-45.2636219818009,-60.1155933055856,12.7843166322965));
#2689=CARTESIAN_POINT('Ctrl Pts',(-45.2636219818009,-59.9352091580811,11.043119303529));
#2690=CARTESIAN_POINT('',(-46.7652430120959,-67.768657938047,12.3482950196809));
#2691=CARTESIAN_POINT('Ctrl Pts',(-45.2636219818009,-59.935278353357,11.0437871835055));
#2692=CARTESIAN_POINT('Ctrl Pts',(-45.2635983591519,-60.3455181078724,11.1119748138456));
#2693=CARTESIAN_POINT('Ctrl Pts',(-45.275768494956,-60.7554643405051,11.1801095738617));
#2694=CARTESIAN_POINT('Ctrl Pts',(-45.2999035875809,-61.1646216355185,11.2481133859781));
#2695=CARTESIAN_POINT('Ctrl Pts',(-45.3243976651064,-61.5798647282176,11.3171286854794));
#2696=CARTESIAN_POINT('Ctrl Pts',(-45.3612156492935,-61.9942959192492,11.3860090278868));
#2697=CARTESIAN_POINT('Ctrl Pts',(-45.4101712480413,-62.4073834546552,11.4546705797532));
#2698=CARTESIAN_POINT('Ctrl Pts',(-45.4599142555096,-62.8271151479511,11.5244364936554));
#2699=CARTESIAN_POINT('Ctrl Pts',(-45.5221889007363,-63.2454602977029,11.5939764075376));
#2700=CARTESIAN_POINT('Ctrl Pts',(-45.5968478092885,-63.6618363884134,11.6632016199138));
#2701=CARTESIAN_POINT('Ctrl Pts',(-45.6556156716746,-63.9895873999708,11.7176923408936));
#2702=CARTESIAN_POINT('Ctrl Pts',(-45.7220579710496,-64.3161179584299,11.7719880295837));
#2703=CARTESIAN_POINT('Ctrl Pts',(-45.7961203379528,-64.6411295154969,11.8260458763045));
#2704=CARTESIAN_POINT('Ctrl Pts',(-45.8857580490306,-65.0344911277091,11.8914721089304));
#2705=CARTESIAN_POINT('Ctrl Pts',(-45.986438607422,-65.4251144396961,11.956467379468));
#2706=CARTESIAN_POINT('Ctrl Pts',(-46.0980312522309,-65.8125421379933,12.0209624692969));
#2707=CARTESIAN_POINT('Ctrl Pts',(-46.2107622942411,-66.2039221273056,12.0861154970202));
#2708=CARTESIAN_POINT('Ctrl Pts',(-46.3346297025636,-66.592041496913,12.1507579407762));
#2709=CARTESIAN_POINT('Ctrl Pts',(-46.4695395324404,-66.9763948516878,12.2148211756911));
#2710=CARTESIAN_POINT('Ctrl Pts',(-46.5480589506082,-67.2000939091642,12.2521068793056));
#2711=CARTESIAN_POINT('Ctrl Pts',(-46.6303196058927,-67.4225165872064,12.2891964428688));
#2712=CARTESIAN_POINT('Ctrl Pts',(-46.7163081638638,-67.6435570464494,12.3260770756809));
#2713=CARTESIAN_POINT('Ctrl Pts',(-46.7324644809428,-67.6850881504834,12.3330065464367));
#2714=CARTESIAN_POINT('Ctrl Pts',(-46.7487524111348,-67.7265704452334,12.3399286434226));
#2715=CARTESIAN_POINT('Ctrl Pts',(-46.7651714842246,-67.7680033931373,12.3468432552566));
#2716=CARTESIAN_POINT('Ctrl Pts',(-46.7652430120959,-67.768657938047,12.3482950196809));
#2717=CARTESIAN_POINT('Ctrl Pts',(-46.7933913301704,-67.768657938047,11.9004692837528));
#2718=CARTESIAN_POINT('Ctrl Pts',(-46.8193060999107,-67.768657938047,11.4472150782307));
#2719=CARTESIAN_POINT('Ctrl Pts',(-47.0632036348296,-67.768657938047,6.66369804689336));
#2720=CARTESIAN_POINT('Ctrl Pts',(-47.0400798469691,-67.768657938047,2.48472023855643));
#2721=CARTESIAN_POINT('Ctrl Pts',(-46.7652430120959,-67.768657938047,-1.88779706466237));
#2722=CARTESIAN_POINT('Ctrl Pts',(-5.5583405690694,-75.668657938047,-21.758932173778));
#2723=CARTESIAN_POINT('Ctrl Pts',(-4.56976652665286,-75.668657938047,-21.1639760235354));
#2724=CARTESIAN_POINT('Ctrl Pts',(-1.70280822003927,-75.668657938047,-19.2139242655516));
#2725=CARTESIAN_POINT('Ctrl Pts',(2.50386555539248,-75.668657938047,-15.2165625584833));
#2726=CARTESIAN_POINT('Ctrl Pts',(6.48921368854325,-75.668657938047,-9.23722867207196));
#2727=CARTESIAN_POINT('Ctrl Pts',(8.16523775262878,-75.668657938047,-4.75294143633433));
#2728=CARTESIAN_POINT('Ctrl Pts',(8.73582532815924,-75.668657938047,-2.49848194243323));
#2729=CARTESIAN_POINT('Ctrl Pts',(-5.37595148988039,-74.8797866061748,-19.5956901657524));
#2730=CARTESIAN_POINT('Ctrl Pts',(-4.51915899726964,-74.8117572755573,-19.1129399685161));
#2731=CARTESIAN_POINT('Ctrl Pts',(-1.98339934487666,-74.6542861703341,-17.5392308230984));
#2732=CARTESIAN_POINT('Ctrl Pts',(1.92646160802026,-74.6062192552439,-14.1938213546883));
#2733=CARTESIAN_POINT('Ctrl Pts',(5.63815132118417,-74.6381806318823,-8.84730967979048));
#2734=CARTESIAN_POINT('Ctrl Pts',(7.04404313192027,-74.6139654918337,-4.75537755110063));
#2735=CARTESIAN_POINT('Ctrl Pts',(7.47395485169461,-74.6248582806909,-2.72752840864332));
#2736=CARTESIAN_POINT('Ctrl Pts',(-4.84047871597302,-72.5637536385657,-15.5567306162883));
#2737=CARTESIAN_POINT('Ctrl Pts',(-4.23201756018479,-72.4356187815232,-15.2986712660875));
#2738=CARTESIAN_POINT('Ctrl Pts',(-2.32726709209496,-72.1699099000359,-14.4502768642232));
#2739=CARTESIAN_POINT('Ctrl Pts',(0.97122052874577,-72.2379197242257,-12.3060196006489));
#2740=CARTESIAN_POINT('Ctrl Pts',(4.11784684044471,-72.4001234550278,-8.16119979217927));
#2741=CARTESIAN_POINT('Ctrl Pts',(5.03762581570837,-72.2621386026875,-4.84099371039073));
#2742=CARTESIAN_POINT('Ctrl Pts',(5.2176990961684,-72.2298629832414,-3.25307486346789));
#2743=CARTESIAN_POINT('Ctrl Pts',(-3.41860561108254,-66.413851818809,-10.3067687189737));
#2744=CARTESIAN_POINT('Ctrl Pts',(-3.13288634224141,-66.4178856843349,-10.3345632084861));
#2745=CARTESIAN_POINT('Ctrl Pts',(-2.10737123375156,-66.5894696001568,-10.3689497009497));
#2746=CARTESIAN_POINT('Ctrl Pts',(0.0895684462855953,-67.4527304786464,
-9.70416750420069));
#2747=CARTESIAN_POINT('Ctrl Pts',(2.19757054232401,-68.0211127542143,-7.33764741306584));
#2748=CARTESIAN_POINT('Ctrl Pts',(2.52438815246878,-67.508868086397,-5.27196844769399));
#2749=CARTESIAN_POINT('Ctrl Pts',(2.43970901829913,-67.2202220246464,-4.35236681136333));
#2750=CARTESIAN_POINT('Ctrl Pts',(-2.11946201983476,-60.7947810955075,-8.76975102249073));
#2751=CARTESIAN_POINT('Ctrl Pts',(-1.91695616337943,-61.0406184902676,-8.82848622893392));
#2752=CARTESIAN_POINT('Ctrl Pts',(-1.21391999007891,-61.9059488264065,-8.94028742527786));
#2753=CARTESIAN_POINT('Ctrl Pts',(0.218813469196246,-63.6791752043609,-8.586140686176));
#2754=CARTESIAN_POINT('Ctrl Pts',(1.55887040089109,-64.6379682697619,-7.11944709673155));
#2755=CARTESIAN_POINT('Ctrl Pts',(1.74053150119413,-63.7598971172111,-5.81776172723272));
#2756=CARTESIAN_POINT('Ctrl Pts',(1.6609992206771,-63.1836993641512,-5.23812227664609));
#2757=CARTESIAN_POINT('Ctrl Pts',(-1.33900077932291,-57.4191212094285,-8.76975102249073));
#2758=CARTESIAN_POINT('Ctrl Pts',(-1.11772518232874,-57.8113439405215,-8.76975102249073));
#2759=CARTESIAN_POINT('Ctrl Pts',(-0.454416066748695,-59.0948349195834,
-8.69575266045992));
#2760=CARTESIAN_POINT('Ctrl Pts',(0.570754083646748,-61.4149967398895,-8.21465744518219));
#2761=CARTESIAN_POINT('Ctrl Pts',(1.45595993629039,-62.6079453104695,-7.12711093386399));
#2762=CARTESIAN_POINT('Ctrl Pts',(1.66099922067709,-61.5101862990362,-6.21508397712108));
#2763=CARTESIAN_POINT('Ctrl Pts',(1.66099922067709,-60.7609861394718,-5.76975102249074));
#2764=CARTESIAN_POINT('',(1.6609992206771,-60.7609861394719,-5.76975102249075));
#2765=CARTESIAN_POINT('',(8.73582532815924,-75.668657938047,-2.49848194243325));
#2766=CARTESIAN_POINT('Origin',(21.6609992206771,-60.7609861394719,-5.76975102249102));
#2767=CARTESIAN_POINT('Origin',(-21.8013113805619,-75.668657938047,5.23024897750928));
#2768=CARTESIAN_POINT('Ctrl Pts',(-1.33900077932291,-57.4191212094285,-8.76975102249073));
#2769=CARTESIAN_POINT('Ctrl Pts',(-1.11772518232874,-57.8113439405215,-8.76975102249073));
#2770=CARTESIAN_POINT('Ctrl Pts',(-0.454416066748695,-59.0948349195834,
-8.69575266045992));
#2771=CARTESIAN_POINT('Ctrl Pts',(0.570754083646748,-61.4149967398895,-8.21465744518219));
#2772=CARTESIAN_POINT('Ctrl Pts',(1.45595993629039,-62.6079453104695,-7.12711093386399));
#2773=CARTESIAN_POINT('Ctrl Pts',(1.66099922067709,-61.5101862990362,-6.21508397712108));
#2774=CARTESIAN_POINT('Ctrl Pts',(1.66099922067709,-60.7609861394718,-5.76975102249074));
#2775=CARTESIAN_POINT('Ctrl Pts',(-38.0442821920543,-75.668657938047,32.2194301287967));
#2776=CARTESIAN_POINT('Ctrl Pts',(-39.0335734058903,-75.668657938047,31.6240423613676));
#2777=CARTESIAN_POINT('Ctrl Pts',(-41.9111848655957,-75.668657938047,29.6643690067061));
#2778=CARTESIAN_POINT('Ctrl Pts',(-46.1038604430773,-75.668657938047,25.6785664240728));
#2779=CARTESIAN_POINT('Ctrl Pts',(-50.0947047999795,-75.668657938047,19.6945745933959));
#2780=CARTESIAN_POINT('Ctrl Pts',(-51.7697685412836,-75.668657938047,15.2059005472448));
#2781=CARTESIAN_POINT('Ctrl Pts',(-52.3384480892831,-75.668657938047,12.9589798974515));
#2782=CARTESIAN_POINT('Ctrl Pts',(-38.2266712712433,-74.8797866061748,30.056188120771));
#2783=CARTESIAN_POINT('Ctrl Pts',(-39.0840853329645,-74.8117079229651,29.5730877073351));
#2784=CARTESIAN_POINT('Ctrl Pts',(-41.6295764435753,-74.65393144746,27.9914096358396));
#2785=CARTESIAN_POINT('Ctrl Pts',(-45.5266193425009,-74.6062463316785,24.6556133529362));
#2786=CARTESIAN_POINT('Ctrl Pts',(-49.2433221760129,-74.6380579590108,19.3051661513335));
#2787=CARTESIAN_POINT('Ctrl Pts',(-50.648103504784,-74.6140019169889,15.209094440147));
#2788=CARTESIAN_POINT('Ctrl Pts',(-51.0765776128185,-74.6248582806909,13.1880263636616));
#2789=CARTESIAN_POINT('Ctrl Pts',(-38.7621616975044,-72.5636772884037,26.0173825100922));
#2790=CARTESIAN_POINT('Ctrl Pts',(-39.3710642678273,-72.4354494745838,25.759135948026));
#2791=CARTESIAN_POINT('Ctrl Pts',(-41.2837301004187,-72.1695611779763,24.9057354587682));
#2792=CARTESIAN_POINT('Ctrl Pts',(-44.5717406013622,-72.2379001776856,22.7673930672876));
#2793=CARTESIAN_POINT('Ctrl Pts',(-47.7224129688473,-72.3999775784845,18.6199622462638));
#2794=CARTESIAN_POINT('Ctrl Pts',(-48.6408953425437,-72.2620152089216,15.2961851065728));
#2795=CARTESIAN_POINT('Ctrl Pts',(-48.8203664634205,-72.2298475181673,13.7135762120691));
#2796=CARTESIAN_POINT('Ctrl Pts',(-40.1840391053061,-66.4137568576461,20.7676165548312));
#2797=CARTESIAN_POINT('Ctrl Pts',(-40.4699656521913,-66.4177936495821,20.7954312081479));
#2798=CARTESIAN_POINT('Ctrl Pts',(-41.5004894311988,-66.5910565771009,20.828325680051));
#2799=CARTESIAN_POINT('Ctrl Pts',(-43.6907753492946,-67.4521041352342,20.1648872150005));
#2800=CARTESIAN_POINT('Ctrl Pts',(-45.8012773160148,-68.0213198067757,17.7974695533438));
#2801=CARTESIAN_POINT('Ctrl Pts',(-46.1268223489181,-67.5078844259253,15.7293953284417));
#2802=CARTESIAN_POINT('Ctrl Pts',(-46.0424263792025,-67.2202035878429,14.8128688120669));
#2803=CARTESIAN_POINT('Ctrl Pts',(-41.483160741289,-60.7947810955074,19.2302489775093));
#2804=CARTESIAN_POINT('Ctrl Pts',(-41.6858135077447,-61.0407968355871,19.2890267940247));
#2805=CARTESIAN_POINT('Ctrl Pts',(-42.3920715522701,-61.9100116839958,19.4004558874957));
#2806=CARTESIAN_POINT('Ctrl Pts',(-43.8204441560151,-63.6777536542264,19.0469224265877));
#2807=CARTESIAN_POINT('Ctrl Pts',(-45.1622652047158,-64.6386210643892,17.5797353743059));
#2808=CARTESIAN_POINT('Ctrl Pts',(-45.3428883087863,-63.7579703294164,16.2763213855239));
#2809=CARTESIAN_POINT('Ctrl Pts',(-45.2636219818009,-63.1836993641511,15.6986202316646));
#2810=CARTESIAN_POINT('Ctrl Pts',(-42.2636219818009,-57.4191212094284,19.2302489775093));
#2811=CARTESIAN_POINT('Ctrl Pts',(-42.4850581055008,-57.8116284826203,19.2302489775093));
#2812=CARTESIAN_POINT('Ctrl Pts',(-43.1509059567006,-59.1004560309439,19.155215605405));
#2813=CARTESIAN_POINT('Ctrl Pts',(-44.1726742732924,-61.4131717280676,18.6752404995432));
#2814=CARTESIAN_POINT('Ctrl Pts',(-45.0592166195941,-62.6089436530846,17.5871740105223));
#2815=CARTESIAN_POINT('Ctrl Pts',(-45.2636219818009,-61.507680996446,16.6740927522573));
#2816=CARTESIAN_POINT('Ctrl Pts',(-45.2636219818009,-60.7609861394718,16.2302489775093));
#2817=CARTESIAN_POINT('',(-38.0442821920545,-75.668657938047,32.2194301287966));
#2818=CARTESIAN_POINT('',(-42.2636219818009,-57.4191212094285,19.2302489775093));
#2819=CARTESIAN_POINT('Origin',(-42.2636219818009,-57.4191212094285,39.2302489775093));
#2820=CARTESIAN_POINT('Ctrl Pts',(-42.2636219818009,-57.4191212094284,19.2302489775093));
#2821=CARTESIAN_POINT('Ctrl Pts',(-42.4850581055008,-57.8116284826203,19.2302489775093));
#2822=CARTESIAN_POINT('Ctrl Pts',(-43.1509059567006,-59.1004560309439,19.155215605405));
#2823=CARTESIAN_POINT('Ctrl Pts',(-44.1726742732924,-61.4131717280676,18.6752404995432));
#2824=CARTESIAN_POINT('Ctrl Pts',(-45.0592166195941,-62.6089436530846,17.5871740105223));
#2825=CARTESIAN_POINT('Ctrl Pts',(-45.2636219818009,-61.507680996446,16.6740927522573));
#2826=CARTESIAN_POINT('Ctrl Pts',(-45.2636219818009,-60.7609861394718,16.2302489775093));
#2827=CARTESIAN_POINT('Origin',(-21.8013113805619,-75.668657938047,5.23024897750928));
#2828=CARTESIAN_POINT('Ctrl Pts',(8.73582532815924,-75.668657938047,-2.49848194243323));
#2829=CARTESIAN_POINT('Ctrl Pts',(9.25209153576021,-75.668657938047,-0.458652645371738));
#2830=CARTESIAN_POINT('Ctrl Pts',(10.0575249758449,-75.668657938047,4.80731782262473));
#2831=CARTESIAN_POINT('Ctrl Pts',(9.42613005135892,-75.668657938047,10.2315036893407));
#2832=CARTESIAN_POINT('Ctrl Pts',(8.73582532816017,-75.668657938047,12.9589798974481));
#2833=CARTESIAN_POINT('Ctrl Pts',(6.21208437522998,-73.5810586233348,-2.95657487485347));
#2834=CARTESIAN_POINT('Ctrl Pts',(6.55701468645376,-73.5487714720089,-0.756365005058898));
#2835=CARTESIAN_POINT('Ctrl Pts',(7.10374983681533,-73.5590844939433,4.79574685046772));
#2836=CARTESIAN_POINT('Ctrl Pts',(6.67329415326091,-73.5378871495277,10.4751501496946));
#2837=CARTESIAN_POINT('Ctrl Pts',(6.2120843752306,-73.5810586233347,13.417072829868));
#2838=CARTESIAN_POINT('Ctrl Pts',(2.7477274132375,-68.8380787455034,-3.9973519748141));
#2839=CARTESIAN_POINT('Ctrl Pts',(2.83350892963074,-68.61084211325,-1.45835717330347));
#2840=CARTESIAN_POINT('Ctrl Pts',(2.97061153938176,-68.4189309647128,4.76107702134489));
#2841=CARTESIAN_POINT('Ctrl Pts',(2.86242673900715,-68.5342383658331,11.0629345201887));
#2842=CARTESIAN_POINT('Ctrl Pts',(2.74772741323766,-68.838078745503,14.457849929828));
#2843=CARTESIAN_POINT('Ctrl Pts',(1.66099922067709,-63.1836993641512,-5.23812227664632));
#2844=CARTESIAN_POINT('Ctrl Pts',(1.66085579238046,-62.6408358689926,-2.31396751270005));
#2845=CARTESIAN_POINT('Ctrl Pts',(1.66082997060622,-62.0429696198156,4.71330365891392));
#2846=CARTESIAN_POINT('Ctrl Pts',(1.6608074412634,-62.457831141046,11.7887035739395));
#2847=CARTESIAN_POINT('Ctrl Pts',(1.66099922067709,-63.1836993641502,15.6986202316596));
#2848=CARTESIAN_POINT('Ctrl Pts',(1.66099922067709,-60.7609861394718,-5.769751022491));
#2849=CARTESIAN_POINT('Ctrl Pts',(1.66099922067709,-60.0831117137051,-2.68057394391197));
#2850=CARTESIAN_POINT('Ctrl Pts',(1.6609992206771,-59.3115110713415,4.6928208839711));
#2851=CARTESIAN_POINT('Ctrl Pts',(1.66099922067709,-59.8545934471874,12.0996793280772));
#2852=CARTESIAN_POINT('Ctrl Pts',(1.66099922067709,-60.7609861394706,16.2302489775039));
#2853=CARTESIAN_POINT('',(3.16262025097211,-67.768657938047,-1.88779706466236));
#2854=CARTESIAN_POINT('',(1.6609992206771,-59.9366819359022,-0.582467730970811));
#2855=CARTESIAN_POINT('Ctrl Pts',(1.66099922067709,-59.9366819359054,-0.582467730972092));
#2856=CARTESIAN_POINT('Ctrl Pts',(1.66099922067709,-62.5380417085201,-1.01602769307455));
#2857=CARTESIAN_POINT('Ctrl Pts',(2.14568734252065,-65.119744352598,-1.44631146708752));
#2858=CARTESIAN_POINT('Ctrl Pts',(3.10635289761845,-67.6253488068955,-1.86391220947044));
#2859=CARTESIAN_POINT('Ctrl Pts',(3.13429682205609,-67.6970824522884,-1.87586781703593));
#2860=CARTESIAN_POINT('Ctrl Pts',(3.16262025097212,-67.768657938047,-1.88779706466236));
#2861=CARTESIAN_POINT('',(3.16262025097211,-67.768657938047,12.3482950196809));
#2862=CARTESIAN_POINT('Ctrl Pts',(3.16262025097212,-67.768657938047,-1.88779706466236));
#2863=CARTESIAN_POINT('Ctrl Pts',(3.35000797759765,-67.768657938047,1.09344843490481));
#2864=CARTESIAN_POINT('Ctrl Pts',(3.41942688658829,-67.768657938047,3.98706962931927));
#2865=CARTESIAN_POINT('Ctrl Pts',(3.3517937802602,-67.768657938047,8.4036570369436));
#2866=CARTESIAN_POINT('Ctrl Pts',(3.30180061528275,-67.7686579382045,9.84696493453348));
#2867=CARTESIAN_POINT('Ctrl Pts',(3.20485898122484,-67.7686579382045,11.6517506154346));
#2868=CARTESIAN_POINT('Ctrl Pts',(3.18438786495809,-67.768657938047,12.0019831112084));
#2869=CARTESIAN_POINT('Ctrl Pts',(3.16262025097212,-67.768657938047,12.3482950196809));
#2870=CARTESIAN_POINT('',(1.6609992206771,-59.9366819359012,11.0429656859888));
#2871=CARTESIAN_POINT('Ctrl Pts',(3.16262025097212,-67.768657938047,12.3482950196809));
#2872=CARTESIAN_POINT('Ctrl Pts',(2.17503204176423,-65.2729464896534,11.9323431116153));
#2873=CARTESIAN_POINT('Ctrl Pts',(1.66099922067709,-62.6156595478227,11.4894619546435));
#2874=CARTESIAN_POINT('Ctrl Pts',(1.66099922067709,-59.9366819359054,11.0429656859906));
#2875=CARTESIAN_POINT('',(1.6609992206771,-60.7609861394695,16.2302489775042));
#2876=CARTESIAN_POINT('Ctrl Pts',(1.66099922067709,-59.9286508148236,11.0438036583907));
#2877=CARTESIAN_POINT('Ctrl Pts',(1.66099922067709,-60.1114107887535,12.7847924425639));
#2878=CARTESIAN_POINT('Ctrl Pts',(1.66099922067709,-60.3848841732897,14.5162949928537));
#2879=CARTESIAN_POINT('Ctrl Pts',(1.66099922067709,-60.7609861394706,16.2302489775039));
#2880=CARTESIAN_POINT('',(8.73582532816018,-75.668657938047,12.9589798974481));
#2881=CARTESIAN_POINT('Origin',(21.6609992206771,-60.7609861394706,16.2302489775039));
#2882=CARTESIAN_POINT('Origin',(-21.8013113805619,-75.668657938047,5.23024897750928));
#2883=CARTESIAN_POINT('Ctrl Pts',(1.66099922067709,-60.7609861394718,-5.769751022491));
#2884=CARTESIAN_POINT('Ctrl Pts',(1.66099922067709,-60.3855308457511,-4.05874402280761));
#2885=CARTESIAN_POINT('Ctrl Pts',(1.66099922067709,-60.1165837940947,-2.32600233649252));
#2886=CARTESIAN_POINT('Ctrl Pts',(1.66099922067709,-59.9361824400909,-0.582519835604341));
#2887=CARTESIAN_POINT('Ctrl Pts',(-5.55834056906938,-75.668657938047,32.2194301287966));
#2888=CARTESIAN_POINT('Ctrl Pts',(-6.67382514875987,-75.668657938047,32.8907651858707));
#2889=CARTESIAN_POINT('Ctrl Pts',(-9.19641230068638,-75.668657938047,34.2193260672617));
#2890=CARTESIAN_POINT('Ctrl Pts',(-13.8010778072148,-75.668657938047,35.8423303626218));
#2891=CARTESIAN_POINT('Ctrl Pts',(-19.0528690120244,-75.668657938047,36.7667076398442));
#2892=CARTESIAN_POINT('Ctrl Pts',(-26.406035597486,-75.668657938047,36.775259166677));
#2893=CARTESIAN_POINT('Ctrl Pts',(-33.1851400735029,-75.668657938047,34.8875286510369));
#2894=CARTESIAN_POINT('Ctrl Pts',(-36.9332036005856,-75.668657938047,32.8881135182384));
#2895=CARTESIAN_POINT('Ctrl Pts',(-38.0442821920545,-75.668657938047,32.2194301287966));
#2896=CARTESIAN_POINT('Ctrl Pts',(-5.37595148988038,-74.8797866061748,30.0561881207709));
#2897=CARTESIAN_POINT('Ctrl Pts',(-6.54046789039395,-74.92359848404,30.6346226559104));
#2898=CARTESIAN_POINT('Ctrl Pts',(-9.13516191273858,-75.036254655812,31.7864435116523));
#2899=CARTESIAN_POINT('Ctrl Pts',(-13.7849036584635,-75.2146247247513,33.2114829734359));
#2900=CARTESIAN_POINT('Ctrl Pts',(-19.0499464739286,-75.3290398592596,34.031062134702));
#2901=CARTESIAN_POINT('Ctrl Pts',(-26.4112038705212,-75.3310028195568,34.0385149269275));
#2902=CARTESIAN_POINT('Ctrl Pts',(-33.2113540864568,-75.0941658659817,32.3656115068427));
#2903=CARTESIAN_POINT('Ctrl Pts',(-37.0667545269135,-74.9234254340299,30.632337930693));
#2904=CARTESIAN_POINT('Ctrl Pts',(-38.2266712712435,-74.8797866061748,30.0561881207709));
#2905=CARTESIAN_POINT('Ctrl Pts',(-4.84065542790393,-72.564517955031,26.0131713807353));
#2906=CARTESIAN_POINT('Ctrl Pts',(-6.12538150579108,-72.6336325145068,26.395420954795));
#2907=CARTESIAN_POINT('Ctrl Pts',(-8.91083903652435,-72.8512250088668,27.1646091288561));
#2908=CARTESIAN_POINT('Ctrl Pts',(-13.7076542035362,-73.2402713918624,28.1350440016985));
#2909=CARTESIAN_POINT('Ctrl Pts',(-19.0336833442859,-73.5014000248319,28.7020652582848));
#2910=CARTESIAN_POINT('Ctrl Pts',(-26.4381272697853,-73.5062445834363,28.7068691508112));
#2911=CARTESIAN_POINT('Ctrl Pts',(-33.3401981637941,-72.9640876766663,27.550979839636));
#2912=CARTESIAN_POINT('Ctrl Pts',(-37.4823157207899,-72.6333595228936,26.3939111292432));
#2913=CARTESIAN_POINT('Ctrl Pts',(-38.7619673332199,-72.564517955031,26.0131713807353));
#2914=CARTESIAN_POINT('Ctrl Pts',(-3.82470564873901,-68.1703203475384,22.2703021598852));
#2915=CARTESIAN_POINT('Ctrl Pts',(-5.30171817791078,-68.132827557229,22.4463090575516));
#2916=CARTESIAN_POINT('Ctrl Pts',(-8.41697371560606,-68.2028093403918,22.8026407766055));
#2917=CARTESIAN_POINT('Ctrl Pts',(-13.5145080987729,-68.5000321902076,23.2564633679221));
#2918=CARTESIAN_POINT('Ctrl Pts',(-18.9905870741571,-68.7330810786964,23.5239018051376));
#2919=CARTESIAN_POINT('Ctrl Pts',(-26.5079011772524,-68.7404132649169,23.5259991259969));
#2920=CARTESIAN_POINT('Ctrl Pts',(-33.6647905911493,-68.2451796058524,22.9814242739366));
#2921=CARTESIAN_POINT('Ctrl Pts',(-38.3067385498371,-68.1329756478397,22.4456138580552));
#2922=CARTESIAN_POINT('Ctrl Pts',(-39.7779171123848,-68.1703203475384,22.2703021598852));
#2923=CARTESIAN_POINT('Ctrl Pts',(-2.63942757239122,-63.0437420519242,19.8382566348129));
#2924=CARTESIAN_POINT('Ctrl Pts',(-4.32843364129815,-62.8281519056044,19.8746781487685));
#2925=CARTESIAN_POINT('Ctrl Pts',(-7.81692350053442,-62.6051513589211,19.948669147892));
#2926=CARTESIAN_POINT('Ctrl Pts',(-13.2727097360925,-62.618215152598,20.0441844640142));
#2927=CARTESIAN_POINT('Ctrl Pts',(-18.9359483761854,-62.7064475290434,20.1008788561856));
#2928=CARTESIAN_POINT('Ctrl Pts',(-26.5960512979492,-62.7153891753929,20.1013638120198));
#2929=CARTESIAN_POINT('Ctrl Pts',(-34.0716380429441,-62.5041732016531,19.9858409318485));
#2930=CARTESIAN_POINT('Ctrl Pts',(-39.2808604275091,-62.8290034526925,19.8745342895306));
#2931=CARTESIAN_POINT('Ctrl Pts',(-40.9631951887326,-63.0437420519242,19.8382566348129));
#2932=CARTESIAN_POINT('Ctrl Pts',(-1.85930827299748,-59.6695611334811,19.2302489775093));
#2933=CARTESIAN_POINT('Ctrl Pts',(-3.68342856655582,-59.3180288582282,19.2299116430359));
#2934=CARTESIAN_POINT('Ctrl Pts',(-7.41353512940971,-58.858737837091,19.230297208375));
#2935=CARTESIAN_POINT('Ctrl Pts',(-13.1076524314337,-58.6221862208079,19.2295463896806));
#2936=CARTESIAN_POINT('Ctrl Pts',(-18.8984005252584,-58.5747423496444,19.2295907858146));
#2937=CARTESIAN_POINT('Ctrl Pts',(-26.6564755992689,-58.5846725071847,19.2292513160031));
#2938=CARTESIAN_POINT('Ctrl Pts',(-34.3494425425979,-58.6418838624186,19.2300862861623));
#2939=CARTESIAN_POINT('Ctrl Pts',(-39.9263991821369,-59.3194173552929,19.2299129754539));
#2940=CARTESIAN_POINT('Ctrl Pts',(-41.7433144881264,-59.6695611334811,19.2302489775093));
#2941=CARTESIAN_POINT('Ctrl Pts',(-1.33900077932291,-57.4191212094285,19.2302489775093));
#2942=CARTESIAN_POINT('Ctrl Pts',(-3.25323233289348,-56.9765459550056,19.2302489775093));
#2943=CARTESIAN_POINT('Ctrl Pts',(-7.14439585249087,-56.3597062077275,19.2302489775093));
#2944=CARTESIAN_POINT('Ctrl Pts',(-12.9975430168128,-55.9555592043191,19.2302489775093));
#2945=CARTESIAN_POINT('Ctrl Pts',(-18.8733625706628,-55.8172891878733,19.2302489775093));
#2946=CARTESIAN_POINT('Ctrl Pts',(-26.6968069411497,-55.827596614848,19.2302489775093));
#2947=CARTESIAN_POINT('Ctrl Pts',(-34.5348078736349,-56.0652684610328,19.2302489775093));
#2948=CARTESIAN_POINT('Ctrl Pts',(-40.3569513410695,-56.9782940574842,19.2302489775093));
#2949=CARTESIAN_POINT('Ctrl Pts',(-42.2636219818009,-57.4191212094285,19.2302489775093));
#2950=CARTESIAN_POINT('',(-5.55834056906942,-75.668657938047,32.2194301287966));
#2951=CARTESIAN_POINT('',(-1.33900077932294,-57.4191212094284,19.2302489775093));
#2952=CARTESIAN_POINT('Origin',(-1.33900077932294,-57.4191212094285,39.2302489775093));
#2953=CARTESIAN_POINT('Ctrl Pts',(-1.33900077932291,-57.4191212094285,19.2302489775093));
#2954=CARTESIAN_POINT('Ctrl Pts',(-3.25323233289348,-56.9765459550056,19.2302489775093));
#2955=CARTESIAN_POINT('Ctrl Pts',(-7.14439585249087,-56.3597062077275,19.2302489775093));
#2956=CARTESIAN_POINT('Ctrl Pts',(-12.9975430168128,-55.9555592043191,19.2302489775093));
#2957=CARTESIAN_POINT('Ctrl Pts',(-18.8733625706628,-55.8172891878733,19.2302489775093));
#2958=CARTESIAN_POINT('Ctrl Pts',(-26.6968069411497,-55.827596614848,19.2302489775093));
#2959=CARTESIAN_POINT('Ctrl Pts',(-34.5348078736349,-56.0652684610328,19.2302489775093));
#2960=CARTESIAN_POINT('Ctrl Pts',(-40.3569513410695,-56.9782940574842,19.2302489775093));
#2961=CARTESIAN_POINT('Ctrl Pts',(-42.2636219818009,-57.4191212094285,19.2302489775093));
#2962=CARTESIAN_POINT('Origin',(-21.8013113805619,-75.668657938047,5.23024897750928));
#2963=CARTESIAN_POINT('Ctrl Pts',(8.73582532816018,-75.668657938047,12.9589798974481));
#2964=CARTESIAN_POINT('Ctrl Pts',(8.45156315391412,-75.668657938047,14.0821336164728));
#2965=CARTESIAN_POINT('Ctrl Pts',(7.40597706854645,-75.668657938047,17.4433572410805));
#2966=CARTESIAN_POINT('Ctrl Pts',(4.66235988370218,-75.668657938047,22.8134507896695));
#2967=CARTESIAN_POINT('Ctrl Pts',(0.0994155632653146,-75.668657938047,28.2223280475968));
#2968=CARTESIAN_POINT('Ctrl Pts',(-3.56141589395025,-75.668657938047,31.0176156304481));
#2969=CARTESIAN_POINT('Ctrl Pts',(-5.55834057073752,-75.668657938047,32.2194301298005));
#2970=CARTESIAN_POINT('Ctrl Pts',(7.47395485169532,-74.6248582806909,13.1880263636585));
#2971=CARTESIAN_POINT('Ctrl Pts',(7.25977626555403,-74.6194315802562,14.1982846149748));
#2972=CARTESIAN_POINT('Ctrl Pts',(6.42562964210864,-74.6244556314111,17.2426245303701));
#2973=CARTESIAN_POINT('Ctrl Pts',(3.95683081839259,-74.6288474152433,22.1255989634957));
#2974=CARTESIAN_POINT('Ctrl Pts',(-0.331012898728186,-74.6053787831171,
26.8235462038616));
#2975=CARTESIAN_POINT('Ctrl Pts',(-3.64522622651954,-74.7423670066874,29.0810302273931));
#2976=CARTESIAN_POINT('Ctrl Pts',(-5.37595149132626,-74.8797866062892,30.0561881215858));
#2977=CARTESIAN_POINT('Ctrl Pts',(5.21771161753131,-72.2298585534559,13.713573790535));
#2978=CARTESIAN_POINT('Ctrl Pts',(5.12800054700976,-72.2459380093577,14.5046622812599));
#2979=CARTESIAN_POINT('Ctrl Pts',(4.67015502847936,-72.3337556612692,16.9305285461231));
#2980=CARTESIAN_POINT('Ctrl Pts',(2.72688548812917,-72.3600189119502,20.8655054149227));
#2981=CARTESIAN_POINT('Ctrl Pts',(-0.973281222444636,-72.134373230476,24.2436463377626));
#2982=CARTESIAN_POINT('Ctrl Pts',(-3.61137898587319,-72.3048987197069,25.4959904178567));
#2983=CARTESIAN_POINT('Ctrl Pts',(-4.84047366631356,-72.5637317934951,26.0172716394006));
#2984=CARTESIAN_POINT('Ctrl Pts',(2.43973629073348,-67.2202167567553,14.8128659223414));
#2985=CARTESIAN_POINT('Ctrl Pts',(2.48192275925243,-67.3640179200114,15.2710041149589));
#2986=CARTESIAN_POINT('Ctrl Pts',(2.44639084477021,-67.7959627477669,16.7277054876693));
#2987=CARTESIAN_POINT('Ctrl Pts',(1.3013938453686,-67.8939258290402,19.1496829345032));
#2988=CARTESIAN_POINT('Ctrl Pts',(-1.24617981503438,-66.8943170419912,20.7593776750807));
#2989=CARTESIAN_POINT('Ctrl Pts',(-2.84144493288647,-66.4219730918497,20.8235126317385));
#2990=CARTESIAN_POINT('Ctrl Pts',(-3.41859933301718,-66.4138246627571,20.767367619185));
#2991=CARTESIAN_POINT('Ctrl Pts',(1.66099922067698,-63.1836993641502,15.6986202316637));
#2992=CARTESIAN_POINT('Ctrl Pts',(1.70062156780145,-63.4707564840469,15.9873919777874));
#2993=CARTESIAN_POINT('Ctrl Pts',(1.70632900102291,-64.2622242885783,16.9053513348603));
#2994=CARTESIAN_POINT('Ctrl Pts',(0.993565840589205,-64.4297532230598,18.4243806044332));
#2995=CARTESIAN_POINT('Ctrl Pts',(-0.644922233864339,-62.6393680839158,
19.3914686403912));
#2996=CARTESIAN_POINT('Ctrl Pts',(-1.71039914323275,-61.2913739034099,19.3488943981415));
#2997=CARTESIAN_POINT('Ctrl Pts',(-2.11946202017729,-60.7947810950922,19.2302489774121));
#2998=CARTESIAN_POINT('Ctrl Pts',(1.6609992206771,-60.7609861394706,16.2302489775086));
#2999=CARTESIAN_POINT('Ctrl Pts',(1.66099922067715,-61.134231676942,16.4521102997233));
#3000=CARTESIAN_POINT('Ctrl Pts',(1.58865034040825,-62.1417477091335,17.1256321905397));
#3001=CARTESIAN_POINT('Ctrl Pts',(1.07513608961248,-62.3513436001479,18.1849376646027));
#3002=CARTESIAN_POINT('Ctrl Pts',(-0.0154447571561447,-60.0858006289827,
19.032381417623));
#3003=CARTESIAN_POINT('Ctrl Pts',(-0.892022929749667,-58.2114131533185,
19.2302489775649));
#3004=CARTESIAN_POINT('Ctrl Pts',(-1.33900077969629,-57.4191212087666,19.2302489775093));
#3005=CARTESIAN_POINT('Origin',(-21.8013113805619,-75.668657938047,5.23024897750928));
#3006=CARTESIAN_POINT('Ctrl Pts',(1.6609992206771,-60.7609861394706,16.2302489775086));
#3007=CARTESIAN_POINT('Ctrl Pts',(1.66099922067715,-61.134231676942,16.4521102997233));
#3008=CARTESIAN_POINT('Ctrl Pts',(1.58865034040825,-62.1417477091335,17.1256321905397));
#3009=CARTESIAN_POINT('Ctrl Pts',(1.07513608961248,-62.3513436001479,18.1849376646027));
#3010=CARTESIAN_POINT('Ctrl Pts',(-0.0154447570549249,-60.085800629193,
19.0323814175443));
#3011=CARTESIAN_POINT('Ctrl Pts',(-0.892022929505594,-58.2114131538404,
19.2302489775098));
#3012=CARTESIAN_POINT('Ctrl Pts',(-1.33900077932292,-57.4191212094284,19.2302489775093));
#3013=CARTESIAN_POINT('Origin',(1.6609992206771,-55.668657938047,-8.76975102249072));
#3014=CARTESIAN_POINT('',(1.6609992206771,-55.768657938047,-5.76975102249072));
#3015=CARTESIAN_POINT('',(1.6609992206771,-55.668657938047,-5.76975102249072));
#3016=CARTESIAN_POINT('',(1.6609992206771,-55.768657938047,0.112202935337641));
#3017=CARTESIAN_POINT('',(1.6609992206771,-55.768657938047,-1.76975102249072));
#3018=CARTESIAN_POINT('',(1.6609992206771,-56.3819477690462,0.00998796350444198));
#3019=CARTESIAN_POINT('Origin',(1.6609992206771,-55.668657938047,-8.76975102249072));
#3020=CARTESIAN_POINT('',(1.6609992206771,-55.768657938047,10.3482950196809));
#3021=CARTESIAN_POINT('',(1.6609992206771,-60.1116774987759,11.0721316131357));
#3022=CARTESIAN_POINT('',(1.6609992206771,-55.768657938047,16.2302489775093));
#3023=CARTESIAN_POINT('',(1.6609992206771,-55.768657938047,-1.76975102249072));
#3024=CARTESIAN_POINT('',(1.6609992206771,-55.668657938047,16.2302489775093));
#3025=CARTESIAN_POINT('Origin',(-1.33900077932291,-55.668657938047,-5.76975102249072));
#3026=CARTESIAN_POINT('',(-1.33900077932291,-55.768657938047,-8.76975102249072));
#3027=CARTESIAN_POINT('',(-1.33900077932291,-55.668657938047,-8.76975102249072));
#3028=CARTESIAN_POINT('Origin',(-1.33900077932291,-55.768657938047,-5.76975102249072));
#3029=CARTESIAN_POINT('Origin',(-45.2636219818009,-55.668657938047,-8.76975102249072));
#3030=CARTESIAN_POINT('',(-42.2636219818009,-55.768657938047,-8.76975102249072));
#3031=CARTESIAN_POINT('',(-42.2636219818009,-55.668657938047,-8.76975102249072));
#3032=CARTESIAN_POINT('',(-33.5324666811814,-55.768657938047,-8.76975102249072));
#3033=CARTESIAN_POINT('Origin',(-45.2636219818009,-55.668657938047,19.2302489775093));
#3034=CARTESIAN_POINT('',(-45.2636219818009,-55.768657938047,0.112202935337641));
#3035=CARTESIAN_POINT('',(-45.2636219818009,-54.1116774987759,0.38836634188282));
#3036=CARTESIAN_POINT('',(-45.2636219818009,-55.768657938047,-5.76975102249072));
#3037=CARTESIAN_POINT('',(-45.2636219818009,-55.768657938047,12.2302489775093));
#3038=CARTESIAN_POINT('',(-45.2636219818009,-55.668657938047,-5.76975102249072));
#3039=CARTESIAN_POINT('Origin',(-42.2636219818009,-55.668657938047,-5.76975102249072));
#3040=CARTESIAN_POINT('Origin',(-42.2636219818009,-55.768657938047,-5.76975102249072));
#3041=CARTESIAN_POINT('Origin',(-21.8013113805619,-55.768657938047,5.23024897750928));
#3042=CARTESIAN_POINT('',(-10.0701560799424,-55.768657938047,0.112202935337641));
#3043=CARTESIAN_POINT('Origin',(-42.2636219818009,-55.668657938047,16.2302489775093));
#3044=CARTESIAN_POINT('',(-42.2636219818009,-55.768657938047,19.2302489775093));
#3045=CARTESIAN_POINT('',(-42.2636219818009,-55.668657938047,19.2302489775093));
#3046=CARTESIAN_POINT('',(-45.2636219818009,-55.768657938047,16.2302489775093));
#3047=CARTESIAN_POINT('Origin',(-42.2636219818009,-55.768657938047,16.2302489775093));
#3048=CARTESIAN_POINT('',(-45.2636219818009,-55.668657938047,16.2302489775093));
#3049=CARTESIAN_POINT('Origin',(-21.8013113805619,-55.768657938047,5.23024897750928));
#3050=CARTESIAN_POINT('',(-1.3390007793229,-55.768657938047,19.2302489775093));
#3051=CARTESIAN_POINT('',(-10.0701560799424,-55.768657938047,19.2302489775093));
#3052=CARTESIAN_POINT('Origin',(-1.3390007793229,-55.768657938047,16.2302489775093));
#3053=CARTESIAN_POINT('',(-45.2636219818009,-55.768657938047,10.3482950196809));
#3054=CARTESIAN_POINT('',(-10.0701560799424,-55.768657938047,10.3482950196809));
#3055=CARTESIAN_POINT('',(-45.2636219818009,-55.768657938047,12.2302489775093));
#3056=CARTESIAN_POINT('Origin',(1.66099922067709,-55.668657938047,19.2302489775093));
#3057=CARTESIAN_POINT('',(-1.3390007793229,-55.668657938047,19.2302489775093));
#3058=CARTESIAN_POINT('Origin',(-1.3390007793229,-55.668657938047,16.2302489775093));
#3059=CARTESIAN_POINT('Origin',(1.6609992206771,-67.6522180393165,12.3288883698925));
#3060=CARTESIAN_POINT('',(-45.2636219818009,-62.3819477690462,11.4505099915141));
#3061=CARTESIAN_POINT('',(1.6609992206771,-67.768657938047,12.3482950196809));
#3062=CARTESIAN_POINT('Origin',(1.6609992206771,-67.768657938047,-1.76975102249072));
#3063=CARTESIAN_POINT('',(1.6609992206771,-67.768657938047,-1.88779706466236));
#3064=CARTESIAN_POINT('Origin',(1.6609992206771,-55.6522180393165,0.131609585126063));
#3065=CARTESIAN_POINT('Origin',(-45.2636219818009,-55.668657938047,19.2302489775093));
#3066=CARTESIAN_POINT('Origin',(-21.8013113805619,-75.668657938047,5.23024897750928));
#3067=CARTESIAN_POINT('',(-53.3013113805619,-85.668657938047,5.23024897750927));
#3068=CARTESIAN_POINT('Origin',(-21.8013113805619,-85.668657938047,5.23024897750928));
#3069=CARTESIAN_POINT('',(-53.3013113805619,-75.668657938047,5.23024897750927));
#3070=CARTESIAN_POINT('Origin',(-21.8013113805619,-85.668657938047,5.23024897750928));
#3071=UNCERTAINTY_MEASURE_WITH_UNIT(LENGTH_MEASURE(0.01),#3075,
'DISTANCE_ACCURACY_VALUE',
'Maximum model space distance between geometric entities at asserted c
onnectivities');
#3072=UNCERTAINTY_MEASURE_WITH_UNIT(LENGTH_MEASURE(0.01),#3075,
'DISTANCE_ACCURACY_VALUE',
'Maximum model space distance between geometric entities at asserted c
onnectivities');
#3073=(
GEOMETRIC_REPRESENTATION_CONTEXT(3)
GLOBAL_UNCERTAINTY_ASSIGNED_CONTEXT((#3071))
GLOBAL_UNIT_ASSIGNED_CONTEXT((#3075,#3077,#3078))
REPRESENTATION_CONTEXT('','3D')
);
#3074=(
GEOMETRIC_REPRESENTATION_CONTEXT(3)
GLOBAL_UNCERTAINTY_ASSIGNED_CONTEXT((#3072))
GLOBAL_UNIT_ASSIGNED_CONTEXT((#3075,#3077,#3078))
REPRESENTATION_CONTEXT('','3D')
);
#3075=(
LENGTH_UNIT()
NAMED_UNIT(*)
SI_UNIT(.MILLI.,.METRE.)
);
#3076=(
LENGTH_UNIT()
NAMED_UNIT(*)
SI_UNIT($,.METRE.)
);
#3077=(
NAMED_UNIT(*)
PLANE_ANGLE_UNIT()
SI_UNIT($,.RADIAN.)
);
#3078=(
NAMED_UNIT(*)
SI_UNIT($,.STERADIAN.)
SOLID_ANGLE_UNIT()
);
#3079=SHAPE_DEFINITION_REPRESENTATION(#3080,#3081);
#3080=PRODUCT_DEFINITION_SHAPE('',$,#3083);
#3081=SHAPE_REPRESENTATION('',(#1449),#3073);
#3082=PRODUCT_DEFINITION_CONTEXT('part definition',#3087,'design');
#3083=PRODUCT_DEFINITION('Hand_Mount_plate_UR3e_50mm_v2',
'Hand_Mount_plate_UR3e_50mm_v2 v3',#3084,#3082);
#3084=PRODUCT_DEFINITION_FORMATION('',$,#3089);
#3085=PRODUCT_RELATED_PRODUCT_CATEGORY(
'Hand_Mount_plate_UR3e_50mm_v2 v3','Hand_Mount_plate_UR3e_50mm_v2 v3',(#3089));
#3086=APPLICATION_PROTOCOL_DEFINITION('international standard',
'automotive_design',2009,#3087);
#3087=APPLICATION_CONTEXT(
'Core Data for Automotive Mechanical Design Process');
#3088=PRODUCT_CONTEXT('part definition',#3087,'mechanical');
#3089=PRODUCT('Hand_Mount_plate_UR3e_50mm_v2',
'Hand_Mount_plate_UR3e_50mm_v2 v3',$,(#3088));
#3090=PRESENTATION_STYLE_ASSIGNMENT((#3091));
#3091=SURFACE_STYLE_USAGE(.BOTH.,#3092);
#3092=SURFACE_SIDE_STYLE('',(#3093));
#3093=SURFACE_STYLE_FILL_AREA(#3094);
#3094=FILL_AREA_STYLE('Steel - Satin',(#3095));
#3095=FILL_AREA_STYLE_COLOUR('Steel - Satin',#3096);
#3096=COLOUR_RGB('Steel - Satin',0.627450980392157,0.627450980392157,0.627450980392157);
ENDSEC;
END-ISO-10303-21;
