ISO-10303-21;
HEADER;
/* Generated by software containing ST-Developer
 * from STEP Tools, Inc. (www.steptools.com) 
 */

FILE_DESCRIPTION(
/* description */ (''),
/* implementation_level */ '2;1');

FILE_NAME(
/* name */ 'Hand_Mount_plate_UR3e_50mm_v3.step',
/* time_stamp */ '2026-10-08T19:20:40+02:00',
/* author */ (''),
/* organization */ (''),
/* preprocessor_version */ 'ST-DEVELOPER v20.2',
/* originating_system */ 'Autodesk Translation Framework v15.15.0.0',
/* authorisation */ '');

FILE_SCHEMA (('AUTOMOTIVE_DESIGN { 1 0 10303 214 3 1 1 }'));
ENDSEC;

DATA;
#10=MECHANICAL_DESIGN_GEOMETRIC_PRESENTATION_REPRESENTATION('',(#13),#4626);
#11=SHAPE_REPRESENTATION_RELATIONSHIP('SRR','None',#4633,#12);
#12=ADVANCED_BREP_SHAPE_REPRESENTATION('',(#14),#4625);
#13=STYLED_ITEM('',(#4642),#14);
#14=MANIFOLD_SOLID_BREP('Body1',#1935);
#15=ELLIPSE('',#2061,1.62207000807953,1.6);
#16=ELLIPSE('',#2063,1.62207000807953,1.6);
#17=FACE_BOUND('',#551,.T.);
#18=FACE_BOUND('',#552,.T.);
#19=FACE_BOUND('',#553,.T.);
#20=FACE_BOUND('',#554,.T.);
#21=FACE_BOUND('',#557,.T.);
#22=FACE_BOUND('',#559,.T.);
#23=FACE_BOUND('',#567,.T.);
#24=FACE_BOUND('',#575,.T.);
#25=FACE_BOUND('',#583,.T.);
#26=FACE_BOUND('',#591,.T.);
#27=FACE_BOUND('',#595,.T.);
#28=FACE_BOUND('',#599,.T.);
#29=FACE_BOUND('',#603,.T.);
#30=FACE_BOUND('',#613,.T.);
#31=FACE_BOUND('',#616,.T.);
#32=FACE_BOUND('',#621,.T.);
#33=FACE_BOUND('',#634,.T.);
#34=FACE_BOUND('',#635,.T.);
#35=FACE_BOUND('',#638,.T.);
#36=FACE_BOUND('',#639,.T.);
#37=FACE_BOUND('',#643,.T.);
#38=FACE_BOUND('',#646,.T.);
#39=CYLINDRICAL_SURFACE('',#1954,5.3);
#40=CYLINDRICAL_SURFACE('',#1962,5.3);
#41=CYLINDRICAL_SURFACE('',#1972,31.5);
#42=CYLINDRICAL_SURFACE('',#1979,31.5);
#43=CYLINDRICAL_SURFACE('',#1982,3.1);
#44=CYLINDRICAL_SURFACE('',#1985,3.1);
#45=CYLINDRICAL_SURFACE('',#2027,2.8);
#46=CYLINDRICAL_SURFACE('',#2029,1.5);
#47=CYLINDRICAL_SURFACE('',#2033,2.8);
#48=CYLINDRICAL_SURFACE('',#2035,1.5);
#49=CYLINDRICAL_SURFACE('',#2039,2.8);
#50=CYLINDRICAL_SURFACE('',#2041,1.5);
#51=CYLINDRICAL_SURFACE('',#2045,2.8);
#52=CYLINDRICAL_SURFACE('',#2047,1.5);
#53=CYLINDRICAL_SURFACE('',#2056,2.8);
#54=CYLINDRICAL_SURFACE('',#2060,1.6);
#55=CYLINDRICAL_SURFACE('',#2062,1.6);
#56=CYLINDRICAL_SURFACE('',#2072,3.);
#57=CYLINDRICAL_SURFACE('',#2076,3.);
#58=CYLINDRICAL_SURFACE('',#2079,3.);
#59=CYLINDRICAL_SURFACE('',#2084,3.);
#60=LINE('',#2787,#201);
#61=LINE('',#2788,#202);
#62=LINE('',#2791,#203);
#63=LINE('',#2794,#204);
#64=LINE('',#3069,#205);
#65=LINE('',#3070,#206);
#66=LINE('',#3073,#207);
#67=LINE('',#3076,#208);
#68=LINE('',#3337,#209);
#69=LINE('',#3341,#210);
#70=LINE('',#3353,#211);
#71=LINE('',#3355,#212);
#72=LINE('',#3356,#213);
#73=LINE('',#3359,#214);
#74=LINE('',#3363,#215);
#75=LINE('',#3365,#216);
#76=LINE('',#3366,#217);
#77=LINE('',#3617,#218);
#78=LINE('',#3620,#219);
#79=LINE('',#3623,#220);
#80=LINE('',#3624,#221);
#81=LINE('',#3629,#222);
#82=LINE('',#3631,#223);
#83=LINE('',#3632,#224);
#84=LINE('',#3639,#225);
#85=LINE('',#3641,#226);
#86=LINE('',#3643,#227);
#87=LINE('',#3645,#228);
#88=LINE('',#3647,#229);
#89=LINE('',#3648,#230);
#90=LINE('',#3651,#231);
#91=LINE('',#3653,#232);
#92=LINE('',#3655,#233);
#93=LINE('',#3657,#234);
#94=LINE('',#3659,#235);
#95=LINE('',#3660,#236);
#96=LINE('',#3663,#237);
#97=LINE('',#3665,#238);
#98=LINE('',#3667,#239);
#99=LINE('',#3669,#240);
#100=LINE('',#3671,#241);
#101=LINE('',#3672,#242);
#102=LINE('',#3675,#243);
#103=LINE('',#3677,#244);
#104=LINE('',#3679,#245);
#105=LINE('',#3681,#246);
#106=LINE('',#3683,#247);
#107=LINE('',#3684,#248);
#108=LINE('',#3804,#249);
#109=LINE('',#3806,#250);
#110=LINE('',#3808,#251);
#111=LINE('',#3810,#252);
#112=LINE('',#3812,#253);
#113=LINE('',#3813,#254);
#114=LINE('',#3817,#255);
#115=LINE('',#3818,#256);
#116=LINE('',#3820,#257);
#117=LINE('',#3822,#258);
#118=LINE('',#3824,#259);
#119=LINE('',#3826,#260);
#120=LINE('',#3831,#261);
#121=LINE('',#3833,#262);
#122=LINE('',#3835,#263);
#123=LINE('',#3837,#264);
#124=LINE('',#3839,#265);
#125=LINE('',#3840,#266);
#126=LINE('',#3844,#267);
#127=LINE('',#3845,#268);
#128=LINE('',#3847,#269);
#129=LINE('',#3849,#270);
#130=LINE('',#3851,#271);
#131=LINE('',#3853,#272);
#132=LINE('',#3858,#273);
#133=LINE('',#3860,#274);
#134=LINE('',#3862,#275);
#135=LINE('',#3864,#276);
#136=LINE('',#3866,#277);
#137=LINE('',#3867,#278);
#138=LINE('',#3871,#279);
#139=LINE('',#3872,#280);
#140=LINE('',#3874,#281);
#141=LINE('',#3876,#282);
#142=LINE('',#3878,#283);
#143=LINE('',#3880,#284);
#144=LINE('',#3885,#285);
#145=LINE('',#3887,#286);
#146=LINE('',#3889,#287);
#147=LINE('',#3891,#288);
#148=LINE('',#3893,#289);
#149=LINE('',#3894,#290);
#150=LINE('',#3898,#291);
#151=LINE('',#3899,#292);
#152=LINE('',#3901,#293);
#153=LINE('',#3903,#294);
#154=LINE('',#3905,#295);
#155=LINE('',#3907,#296);
#156=LINE('',#3917,#297);
#157=LINE('',#3919,#298);
#158=LINE('',#3928,#299);
#159=LINE('',#3930,#300);
#160=LINE('',#3939,#301);
#161=LINE('',#3941,#302);
#162=LINE('',#3950,#303);
#163=LINE('',#3952,#304);
#164=LINE('',#3955,#305);
#165=LINE('',#3957,#306);
#166=LINE('',#3958,#307);
#167=LINE('',#3961,#308);
#168=LINE('',#3962,#309);
#169=LINE('',#3965,#310);
#170=LINE('',#3966,#311);
#171=LINE('',#3969,#312);
#172=LINE('',#3970,#313);
#173=LINE('',#3973,#314);
#174=LINE('',#3974,#315);
#175=LINE('',#3976,#316);
#176=LINE('',#4157,#317);
#177=LINE('',#4164,#318);
#178=LINE('',#4169,#319);
#179=LINE('',#4572,#320);
#180=LINE('',#4574,#321);
#181=LINE('',#4575,#322);
#182=LINE('',#4578,#323);
#183=LINE('',#4580,#324);
#184=LINE('',#4581,#325);
#185=LINE('',#4584,#326);
#186=LINE('',#4588,#327);
#187=LINE('',#4589,#328);
#188=LINE('',#4592,#329);
#189=LINE('',#4594,#330);
#190=LINE('',#4595,#331);
#191=LINE('',#4599,#332);
#192=LINE('',#4602,#333);
#193=LINE('',#4605,#334);
#194=LINE('',#4608,#335);
#195=LINE('',#4611,#336);
#196=LINE('',#4612,#337);
#197=LINE('',#4614,#338);
#198=LINE('',#4617,#339);
#199=LINE('',#4618,#340);
#200=LINE('',#4620,#341);
#201=VECTOR('',#2101,10.);
#202=VECTOR('',#2102,10.);
#203=VECTOR('',#2105,10.);
#204=VECTOR('',#2110,10.);
#205=VECTOR('',#2121,10.);
#206=VECTOR('',#2122,10.);
#207=VECTOR('',#2125,10.);
#208=VECTOR('',#2130,10.);
#209=VECTOR('',#2141,10.);
#210=VECTOR('',#2144,10.);
#211=VECTOR('',#2147,10.);
#212=VECTOR('',#2148,10.);
#213=VECTOR('',#2149,10.);
#214=VECTOR('',#2152,10.);
#215=VECTOR('',#2157,10.);
#216=VECTOR('',#2158,10.);
#217=VECTOR('',#2159,10.);
#218=VECTOR('',#2170,10.);
#219=VECTOR('',#2173,10.);
#220=VECTOR('',#2176,10.);
#221=VECTOR('',#2177,10.);
#222=VECTOR('',#2184,10.);
#223=VECTOR('',#2185,10.);
#224=VECTOR('',#2186,10.);
#225=VECTOR('',#2195,10.);
#226=VECTOR('',#2196,10.);
#227=VECTOR('',#2197,10.);
#228=VECTOR('',#2198,10.);
#229=VECTOR('',#2199,10.);
#230=VECTOR('',#2200,10.);
#231=VECTOR('',#2201,10.);
#232=VECTOR('',#2202,10.);
#233=VECTOR('',#2203,10.);
#234=VECTOR('',#2204,10.);
#235=VECTOR('',#2205,10.);
#236=VECTOR('',#2206,10.);
#237=VECTOR('',#2207,10.);
#238=VECTOR('',#2208,10.);
#239=VECTOR('',#2209,10.);
#240=VECTOR('',#2210,10.);
#241=VECTOR('',#2211,10.);
#242=VECTOR('',#2212,10.);
#243=VECTOR('',#2213,10.);
#244=VECTOR('',#2214,10.);
#245=VECTOR('',#2215,10.);
#246=VECTOR('',#2216,10.);
#247=VECTOR('',#2217,10.);
#248=VECTOR('',#2218,10.);
#249=VECTOR('',#2227,10.);
#250=VECTOR('',#2228,10.);
#251=VECTOR('',#2229,10.);
#252=VECTOR('',#2230,10.);
#253=VECTOR('',#2231,10.);
#254=VECTOR('',#2232,10.);
#255=VECTOR('',#2237,10.);
#256=VECTOR('',#2238,10.);
#257=VECTOR('',#2241,10.);
#258=VECTOR('',#2244,10.);
#259=VECTOR('',#2247,10.);
#260=VECTOR('',#2250,10.);
#261=VECTOR('',#2255,10.);
#262=VECTOR('',#2256,10.);
#263=VECTOR('',#2257,10.);
#264=VECTOR('',#2258,10.);
#265=VECTOR('',#2259,10.);
#266=VECTOR('',#2260,10.);
#267=VECTOR('',#2265,10.);
#268=VECTOR('',#2266,10.);
#269=VECTOR('',#2269,10.);
#270=VECTOR('',#2272,10.);
#271=VECTOR('',#2275,10.);
#272=VECTOR('',#2278,10.);
#273=VECTOR('',#2283,10.);
#274=VECTOR('',#2284,10.);
#275=VECTOR('',#2285,10.);
#276=VECTOR('',#2286,10.);
#277=VECTOR('',#2287,10.);
#278=VECTOR('',#2288,10.);
#279=VECTOR('',#2293,10.);
#280=VECTOR('',#2294,10.);
#281=VECTOR('',#2297,10.);
#282=VECTOR('',#2300,10.);
#283=VECTOR('',#2303,10.);
#284=VECTOR('',#2306,10.);
#285=VECTOR('',#2311,10.);
#286=VECTOR('',#2312,10.);
#287=VECTOR('',#2313,10.);
#288=VECTOR('',#2314,10.);
#289=VECTOR('',#2315,10.);
#290=VECTOR('',#2316,10.);
#291=VECTOR('',#2321,10.);
#292=VECTOR('',#2322,10.);
#293=VECTOR('',#2325,10.);
#294=VECTOR('',#2328,10.);
#295=VECTOR('',#2331,10.);
#296=VECTOR('',#2334,10.);
#297=VECTOR('',#2347,2.8);
#298=VECTOR('',#2350,1.5);
#299=VECTOR('',#2361,2.8);
#300=VECTOR('',#2364,1.5);
#301=VECTOR('',#2375,2.8);
#302=VECTOR('',#2378,1.5);
#303=VECTOR('',#2389,2.8);
#304=VECTOR('',#2392,1.5);
#305=VECTOR('',#2395,10.);
#306=VECTOR('',#2396,10.);
#307=VECTOR('',#2397,10.);
#308=VECTOR('',#2400,10.);
#309=VECTOR('',#2401,10.);
#310=VECTOR('',#2404,10.);
#311=VECTOR('',#2405,10.);
#312=VECTOR('',#2408,10.);
#313=VECTOR('',#2409,10.);
#314=VECTOR('',#2412,10.);
#315=VECTOR('',#2413,10.);
#316=VECTOR('',#2416,10.);
#317=VECTOR('',#2423,2.8);
#318=VECTOR('',#2432,1.6);
#319=VECTOR('',#2439,1.6);
#320=VECTOR('',#2454,10.);
#321=VECTOR('',#2455,10.);
#322=VECTOR('',#2456,10.);
#323=VECTOR('',#2459,10.);
#324=VECTOR('',#2460,10.);
#325=VECTOR('',#2461,10.);
#326=VECTOR('',#2464,10.);
#327=VECTOR('',#2469,10.);
#328=VECTOR('',#2470,10.);
#329=VECTOR('',#2473,10.);
#330=VECTOR('',#2474,10.);
#331=VECTOR('',#2475,10.);
#332=VECTOR('',#2482,10.);
#333=VECTOR('',#2485,10.);
#334=VECTOR('',#2488,10.);
#335=VECTOR('',#2491,10.);
#336=VECTOR('',#2494,10.);
#337=VECTOR('',#2495,10.);
#338=VECTOR('',#2498,10.);
#339=VECTOR('',#2503,10.);
#340=VECTOR('',#2504,10.);
#341=VECTOR('',#2507,10.);
#342=PLANE('',#1953);
#343=PLANE('',#1956);
#344=PLANE('',#1961);
#345=PLANE('',#1964);
#346=PLANE('',#1969);
#347=PLANE('',#1971);
#348=PLANE('',#1974);
#349=PLANE('',#1981);
#350=PLANE('',#1984);
#351=PLANE('',#1988);
#352=PLANE('',#1989);
#353=PLANE('',#1992);
#354=PLANE('',#1994);
#355=PLANE('',#1995);
#356=PLANE('',#1996);
#357=PLANE('',#1997);
#358=PLANE('',#1998);
#359=PLANE('',#1999);
#360=PLANE('',#2000);
#361=PLANE('',#2002);
#362=PLANE('',#2003);
#363=PLANE('',#2004);
#364=PLANE('',#2005);
#365=PLANE('',#2006);
#366=PLANE('',#2007);
#367=PLANE('',#2008);
#368=PLANE('',#2010);
#369=PLANE('',#2011);
#370=PLANE('',#2012);
#371=PLANE('',#2013);
#372=PLANE('',#2014);
#373=PLANE('',#2015);
#374=PLANE('',#2016);
#375=PLANE('',#2018);
#376=PLANE('',#2019);
#377=PLANE('',#2020);
#378=PLANE('',#2021);
#379=PLANE('',#2022);
#380=PLANE('',#2023);
#381=PLANE('',#2024);
#382=PLANE('',#2030);
#383=PLANE('',#2036);
#384=PLANE('',#2042);
#385=PLANE('',#2048);
#386=PLANE('',#2049);
#387=PLANE('',#2050);
#388=PLANE('',#2051);
#389=PLANE('',#2052);
#390=PLANE('',#2053);
#391=PLANE('',#2054);
#392=PLANE('',#2058);
#393=PLANE('',#2070);
#394=PLANE('',#2071);
#395=PLANE('',#2074);
#396=PLANE('',#2075);
#397=PLANE('',#2078);
#398=PLANE('',#2081);
#399=PLANE('',#2083);
#400=PLANE('',#2085);
#401=PLANE('',#2086);
#402=PLANE('',#2087);
#403=PLANE('',#2088);
#404=FACE_OUTER_BOUND('',#515,.T.);
#405=FACE_OUTER_BOUND('',#516,.T.);
#406=FACE_OUTER_BOUND('',#517,.T.);
#407=FACE_OUTER_BOUND('',#518,.T.);
#408=FACE_OUTER_BOUND('',#519,.T.);
#409=FACE_OUTER_BOUND('',#520,.T.);
#410=FACE_OUTER_BOUND('',#521,.T.);
#411=FACE_OUTER_BOUND('',#522,.T.);
#412=FACE_OUTER_BOUND('',#523,.T.);
#413=FACE_OUTER_BOUND('',#524,.T.);
#414=FACE_OUTER_BOUND('',#525,.T.);
#415=FACE_OUTER_BOUND('',#526,.T.);
#416=FACE_OUTER_BOUND('',#527,.T.);
#417=FACE_OUTER_BOUND('',#528,.T.);
#418=FACE_OUTER_BOUND('',#529,.T.);
#419=FACE_OUTER_BOUND('',#530,.T.);
#420=FACE_OUTER_BOUND('',#531,.T.);
#421=FACE_OUTER_BOUND('',#532,.T.);
#422=FACE_OUTER_BOUND('',#533,.T.);
#423=FACE_OUTER_BOUND('',#534,.T.);
#424=FACE_OUTER_BOUND('',#535,.T.);
#425=FACE_OUTER_BOUND('',#536,.T.);
#426=FACE_OUTER_BOUND('',#537,.T.);
#427=FACE_OUTER_BOUND('',#538,.T.);
#428=FACE_OUTER_BOUND('',#539,.T.);
#429=FACE_OUTER_BOUND('',#540,.T.);
#430=FACE_OUTER_BOUND('',#541,.T.);
#431=FACE_OUTER_BOUND('',#542,.T.);
#432=FACE_OUTER_BOUND('',#543,.T.);
#433=FACE_OUTER_BOUND('',#544,.T.);
#434=FACE_OUTER_BOUND('',#545,.T.);
#435=FACE_OUTER_BOUND('',#546,.T.);
#436=FACE_OUTER_BOUND('',#547,.T.);
#437=FACE_OUTER_BOUND('',#548,.T.);
#438=FACE_OUTER_BOUND('',#549,.T.);
#439=FACE_OUTER_BOUND('',#550,.T.);
#440=FACE_OUTER_BOUND('',#555,.T.);
#441=FACE_OUTER_BOUND('',#556,.T.);
#442=FACE_OUTER_BOUND('',#558,.T.);
#443=FACE_OUTER_BOUND('',#560,.T.);
#444=FACE_OUTER_BOUND('',#561,.T.);
#445=FACE_OUTER_BOUND('',#562,.T.);
#446=FACE_OUTER_BOUND('',#563,.T.);
#447=FACE_OUTER_BOUND('',#564,.T.);
#448=FACE_OUTER_BOUND('',#565,.T.);
#449=FACE_OUTER_BOUND('',#566,.T.);
#450=FACE_OUTER_BOUND('',#568,.T.);
#451=FACE_OUTER_BOUND('',#569,.T.);
#452=FACE_OUTER_BOUND('',#570,.T.);
#453=FACE_OUTER_BOUND('',#571,.T.);
#454=FACE_OUTER_BOUND('',#572,.T.);
#455=FACE_OUTER_BOUND('',#573,.T.);
#456=FACE_OUTER_BOUND('',#574,.T.);
#457=FACE_OUTER_BOUND('',#576,.T.);
#458=FACE_OUTER_BOUND('',#577,.T.);
#459=FACE_OUTER_BOUND('',#578,.T.);
#460=FACE_OUTER_BOUND('',#579,.T.);
#461=FACE_OUTER_BOUND('',#580,.T.);
#462=FACE_OUTER_BOUND('',#581,.T.);
#463=FACE_OUTER_BOUND('',#582,.T.);
#464=FACE_OUTER_BOUND('',#584,.T.);
#465=FACE_OUTER_BOUND('',#585,.T.);
#466=FACE_OUTER_BOUND('',#586,.T.);
#467=FACE_OUTER_BOUND('',#587,.T.);
#468=FACE_OUTER_BOUND('',#588,.T.);
#469=FACE_OUTER_BOUND('',#589,.T.);
#470=FACE_OUTER_BOUND('',#590,.T.);
#471=FACE_OUTER_BOUND('',#592,.T.);
#472=FACE_OUTER_BOUND('',#593,.T.);
#473=FACE_OUTER_BOUND('',#594,.T.);
#474=FACE_OUTER_BOUND('',#596,.T.);
#475=FACE_OUTER_BOUND('',#597,.T.);
#476=FACE_OUTER_BOUND('',#598,.T.);
#477=FACE_OUTER_BOUND('',#600,.T.);
#478=FACE_OUTER_BOUND('',#601,.T.);
#479=FACE_OUTER_BOUND('',#602,.T.);
#480=FACE_OUTER_BOUND('',#604,.T.);
#481=FACE_OUTER_BOUND('',#605,.T.);
#482=FACE_OUTER_BOUND('',#606,.T.);
#483=FACE_OUTER_BOUND('',#607,.T.);
#484=FACE_OUTER_BOUND('',#608,.T.);
#485=FACE_OUTER_BOUND('',#609,.T.);
#486=FACE_OUTER_BOUND('',#610,.T.);
#487=FACE_OUTER_BOUND('',#611,.T.);
#488=FACE_OUTER_BOUND('',#612,.T.);
#489=FACE_OUTER_BOUND('',#614,.T.);
#490=FACE_OUTER_BOUND('',#615,.T.);
#491=FACE_OUTER_BOUND('',#617,.T.);
#492=FACE_OUTER_BOUND('',#618,.T.);
#493=FACE_OUTER_BOUND('',#619,.T.);
#494=FACE_OUTER_BOUND('',#620,.T.);
#495=FACE_OUTER_BOUND('',#622,.T.);
#496=FACE_OUTER_BOUND('',#623,.T.);
#497=FACE_OUTER_BOUND('',#624,.T.);
#498=FACE_OUTER_BOUND('',#625,.T.);
#499=FACE_OUTER_BOUND('',#626,.T.);
#500=FACE_OUTER_BOUND('',#627,.T.);
#501=FACE_OUTER_BOUND('',#628,.T.);
#502=FACE_OUTER_BOUND('',#629,.T.);
#503=FACE_OUTER_BOUND('',#630,.T.);
#504=FACE_OUTER_BOUND('',#631,.T.);
#505=FACE_OUTER_BOUND('',#632,.T.);
#506=FACE_OUTER_BOUND('',#633,.T.);
#507=FACE_OUTER_BOUND('',#636,.T.);
#508=FACE_OUTER_BOUND('',#637,.T.);
#509=FACE_OUTER_BOUND('',#640,.T.);
#510=FACE_OUTER_BOUND('',#641,.T.);
#511=FACE_OUTER_BOUND('',#642,.T.);
#512=FACE_OUTER_BOUND('',#644,.T.);
#513=FACE_OUTER_BOUND('',#645,.T.);
#514=FACE_OUTER_BOUND('',#647,.T.);
#515=EDGE_LOOP('',(#1240,#1241,#1242,#1243));
#516=EDGE_LOOP('',(#1244,#1245,#1246,#1247));
#517=EDGE_LOOP('',(#1248,#1249,#1250,#1251));
#518=EDGE_LOOP('',(#1252,#1253,#1254,#1255));
#519=EDGE_LOOP('',(#1256,#1257,#1258,#1259));
#520=EDGE_LOOP('',(#1260,#1261,#1262,#1263));
#521=EDGE_LOOP('',(#1264,#1265,#1266,#1267));
#522=EDGE_LOOP('',(#1268,#1269,#1270,#1271));
#523=EDGE_LOOP('',(#1272,#1273,#1274,#1275));
#524=EDGE_LOOP('',(#1276,#1277,#1278,#1279));
#525=EDGE_LOOP('',(#1280,#1281,#1282,#1283));
#526=EDGE_LOOP('',(#1284,#1285,#1286,#1287));
#527=EDGE_LOOP('',(#1288,#1289,#1290,#1291));
#528=EDGE_LOOP('',(#1292,#1293,#1294,#1295));
#529=EDGE_LOOP('',(#1296,#1297,#1298,#1299));
#530=EDGE_LOOP('',(#1300,#1301,#1302,#1303));
#531=EDGE_LOOP('',(#1304,#1305,#1306,#1307,#1308,#1309,#1310));
#532=EDGE_LOOP('',(#1311,#1312,#1313,#1314));
#533=EDGE_LOOP('',(#1315,#1316,#1317,#1318));
#534=EDGE_LOOP('',(#1319,#1320,#1321,#1322));
#535=EDGE_LOOP('',(#1323,#1324,#1325,#1326,#1327,#1328,#1329));
#536=EDGE_LOOP('',(#1330,#1331,#1332,#1333,#1334,#1335,#1336,#1337,#1338,
#1339,#1340,#1341));
#537=EDGE_LOOP('',(#1342,#1343,#1344,#1345,#1346));
#538=EDGE_LOOP('',(#1347,#1348,#1349,#1350,#1351,#1352,#1353,#1354));
#539=EDGE_LOOP('',(#1355,#1356,#1357,#1358,#1359));
#540=EDGE_LOOP('',(#1360,#1361,#1362,#1363,#1364,#1365,#1366));
#541=EDGE_LOOP('',(#1367,#1368,#1369,#1370));
#542=EDGE_LOOP('',(#1371,#1372,#1373,#1374));
#543=EDGE_LOOP('',(#1375,#1376,#1377,#1378));
#544=EDGE_LOOP('',(#1379,#1380,#1381,#1382,#1383,#1384,#1385));
#545=EDGE_LOOP('',(#1386,#1387,#1388,#1389,#1390,#1391,#1392,#1393));
#546=EDGE_LOOP('',(#1394,#1395,#1396,#1397,#1398));
#547=EDGE_LOOP('',(#1399,#1400,#1401,#1402));
#548=EDGE_LOOP('',(#1403,#1404,#1405,#1406,#1407));
#549=EDGE_LOOP('',(#1408,#1409,#1410,#1411));
#550=EDGE_LOOP('',(#1412,#1413,#1414,#1415,#1416,#1417,#1418,#1419));
#551=EDGE_LOOP('',(#1420,#1421,#1422,#1423,#1424,#1425));
#552=EDGE_LOOP('',(#1426,#1427,#1428,#1429,#1430,#1431));
#553=EDGE_LOOP('',(#1432,#1433,#1434,#1435,#1436,#1437));
#554=EDGE_LOOP('',(#1438,#1439,#1440,#1441,#1442,#1443));
#555=EDGE_LOOP('',(#1444,#1445,#1446,#1447,#1448,#1449,#1450,#1451,#1452,
#1453,#1454,#1455));
#556=EDGE_LOOP('',(#1456,#1457,#1458,#1459,#1460,#1461,#1462,#1463));
#557=EDGE_LOOP('',(#1464,#1465,#1466,#1467,#1468,#1469));
#558=EDGE_LOOP('',(#1470,#1471,#1472,#1473,#1474,#1475));
#559=EDGE_LOOP('',(#1476));
#560=EDGE_LOOP('',(#1477,#1478,#1479,#1480));
#561=EDGE_LOOP('',(#1481,#1482,#1483,#1484));
#562=EDGE_LOOP('',(#1485,#1486,#1487,#1488));
#563=EDGE_LOOP('',(#1489,#1490,#1491,#1492));
#564=EDGE_LOOP('',(#1493,#1494,#1495,#1496));
#565=EDGE_LOOP('',(#1497,#1498,#1499,#1500));
#566=EDGE_LOOP('',(#1501,#1502,#1503,#1504,#1505,#1506));
#567=EDGE_LOOP('',(#1507));
#568=EDGE_LOOP('',(#1508,#1509,#1510,#1511));
#569=EDGE_LOOP('',(#1512,#1513,#1514,#1515));
#570=EDGE_LOOP('',(#1516,#1517,#1518,#1519));
#571=EDGE_LOOP('',(#1520,#1521,#1522,#1523));
#572=EDGE_LOOP('',(#1524,#1525,#1526,#1527));
#573=EDGE_LOOP('',(#1528,#1529,#1530,#1531));
#574=EDGE_LOOP('',(#1532,#1533,#1534,#1535,#1536,#1537));
#575=EDGE_LOOP('',(#1538));
#576=EDGE_LOOP('',(#1539,#1540,#1541,#1542));
#577=EDGE_LOOP('',(#1543,#1544,#1545,#1546));
#578=EDGE_LOOP('',(#1547,#1548,#1549,#1550));
#579=EDGE_LOOP('',(#1551,#1552,#1553,#1554));
#580=EDGE_LOOP('',(#1555,#1556,#1557,#1558));
#581=EDGE_LOOP('',(#1559,#1560,#1561,#1562));
#582=EDGE_LOOP('',(#1563,#1564,#1565,#1566,#1567,#1568));
#583=EDGE_LOOP('',(#1569));
#584=EDGE_LOOP('',(#1570,#1571,#1572,#1573));
#585=EDGE_LOOP('',(#1574,#1575,#1576,#1577));
#586=EDGE_LOOP('',(#1578,#1579,#1580,#1581));
#587=EDGE_LOOP('',(#1582,#1583,#1584,#1585));
#588=EDGE_LOOP('',(#1586,#1587,#1588,#1589));
#589=EDGE_LOOP('',(#1590,#1591,#1592,#1593));
#590=EDGE_LOOP('',(#1594));
#591=EDGE_LOOP('',(#1595));
#592=EDGE_LOOP('',(#1596,#1597,#1598,#1599));
#593=EDGE_LOOP('',(#1600,#1601,#1602,#1603));
#594=EDGE_LOOP('',(#1604));
#595=EDGE_LOOP('',(#1605));
#596=EDGE_LOOP('',(#1606,#1607,#1608,#1609));
#597=EDGE_LOOP('',(#1610,#1611,#1612,#1613));
#598=EDGE_LOOP('',(#1614));
#599=EDGE_LOOP('',(#1615));
#600=EDGE_LOOP('',(#1616,#1617,#1618,#1619));
#601=EDGE_LOOP('',(#1620,#1621,#1622,#1623));
#602=EDGE_LOOP('',(#1624));
#603=EDGE_LOOP('',(#1625));
#604=EDGE_LOOP('',(#1626,#1627,#1628,#1629));
#605=EDGE_LOOP('',(#1630,#1631,#1632,#1633));
#606=EDGE_LOOP('',(#1634,#1635,#1636,#1637));
#607=EDGE_LOOP('',(#1638,#1639,#1640,#1641));
#608=EDGE_LOOP('',(#1642,#1643,#1644,#1645));
#609=EDGE_LOOP('',(#1646,#1647,#1648,#1649));
#610=EDGE_LOOP('',(#1650,#1651,#1652,#1653));
#611=EDGE_LOOP('',(#1654,#1655,#1656,#1657));
#612=EDGE_LOOP('',(#1658,#1659,#1660,#1661,#1662,#1663));
#613=EDGE_LOOP('',(#1664));
#614=EDGE_LOOP('',(#1665,#1666,#1667,#1668,#1669));
#615=EDGE_LOOP('',(#1670));
#616=EDGE_LOOP('',(#1671));
#617=EDGE_LOOP('',(#1672,#1673,#1674,#1675));
#618=EDGE_LOOP('',(#1676,#1677,#1678,#1679));
#619=EDGE_LOOP('',(#1680,#1681,#1682,#1683));
#620=EDGE_LOOP('',(#1684,#1685,#1686,#1687,#1688,#1689,#1690,#1691));
#621=EDGE_LOOP('',(#1692,#1693));
#622=EDGE_LOOP('',(#1694,#1695,#1696,#1697,#1698,#1699,#1700,#1701));
#623=EDGE_LOOP('',(#1702,#1703,#1704,#1705));
#624=EDGE_LOOP('',(#1706,#1707,#1708,#1709));
#625=EDGE_LOOP('',(#1710,#1711,#1712,#1713,#1714,#1715,#1716,#1717));
#626=EDGE_LOOP('',(#1718,#1719,#1720,#1721));
#627=EDGE_LOOP('',(#1722,#1723,#1724,#1725));
#628=EDGE_LOOP('',(#1726,#1727,#1728,#1729));
#629=EDGE_LOOP('',(#1730,#1731,#1732,#1733));
#630=EDGE_LOOP('',(#1734,#1735,#1736,#1737));
#631=EDGE_LOOP('',(#1738,#1739,#1740,#1741));
#632=EDGE_LOOP('',(#1742,#1743,#1744,#1745));
#633=EDGE_LOOP('',(#1746,#1747,#1748,#1749,#1750,#1751));
#634=EDGE_LOOP('',(#1752));
#635=EDGE_LOOP('',(#1753));
#636=EDGE_LOOP('',(#1754,#1755,#1756,#1757));
#637=EDGE_LOOP('',(#1758,#1759,#1760,#1761,#1762,#1763));
#638=EDGE_LOOP('',(#1764));
#639=EDGE_LOOP('',(#1765));
#640=EDGE_LOOP('',(#1766,#1767,#1768,#1769));
#641=EDGE_LOOP('',(#1770,#1771,#1772,#1773));
#642=EDGE_LOOP('',(#1774,#1775,#1776,#1777,#1778,#1779));
#643=EDGE_LOOP('',(#1780));
#644=EDGE_LOOP('',(#1781,#1782,#1783,#1784));
#645=EDGE_LOOP('',(#1785,#1786,#1787,#1788,#1789,#1790));
#646=EDGE_LOOP('',(#1791));
#647=EDGE_LOOP('',(#1792,#1793,#1794,#1795));
#648=CIRCLE('',#1949,0.5);
#649=CIRCLE('',#1950,0.5);
#650=CIRCLE('',#1951,0.499999999999998);
#651=CIRCLE('',#1952,0.500000000000003);
#652=CIRCLE('',#1955,5.3);
#653=CIRCLE('',#1957,0.500000000000003);
#654=CIRCLE('',#1958,0.499999999999994);
#655=CIRCLE('',#1959,0.500000000000003);
#656=CIRCLE('',#1960,0.500000000000003);
#657=CIRCLE('',#1963,5.3);
#658=CIRCLE('',#1965,3.);
#659=CIRCLE('',#1966,3.);
#660=CIRCLE('',#1967,3.);
#661=CIRCLE('',#1968,3.);
#662=CIRCLE('',#1970,3.1);
#663=CIRCLE('',#1973,31.5);
#664=CIRCLE('',#1975,3.);
#665=CIRCLE('',#1976,3.);
#666=CIRCLE('',#1977,3.);
#667=CIRCLE('',#1978,3.00000000000001);
#668=CIRCLE('',#1980,31.5);
#669=CIRCLE('',#1983,3.1);
#670=CIRCLE('',#1986,3.1);
#671=CIRCLE('',#1987,3.1);
#672=CIRCLE('',#1990,20.);
#673=CIRCLE('',#1991,20.);
#674=CIRCLE('',#1993,1.5);
#675=CIRCLE('',#2001,1.5);
#676=CIRCLE('',#2009,1.5);
#677=CIRCLE('',#2017,1.5);
#678=CIRCLE('',#2025,2.8);
#679=CIRCLE('',#2026,1.5);
#680=CIRCLE('',#2028,2.8);
#681=CIRCLE('',#2031,2.8);
#682=CIRCLE('',#2032,1.5);
#683=CIRCLE('',#2034,2.8);
#684=CIRCLE('',#2037,2.8);
#685=CIRCLE('',#2038,1.5);
#686=CIRCLE('',#2040,2.8);
#687=CIRCLE('',#2043,2.8);
#688=CIRCLE('',#2044,1.5);
#689=CIRCLE('',#2046,2.8);
#690=CIRCLE('',#2055,1.6);
#691=CIRCLE('',#2057,2.8);
#692=CIRCLE('',#2059,1.6);
#693=CIRCLE('',#2064,20.);
#694=CIRCLE('',#2065,20.);
#695=CIRCLE('',#2066,20.);
#696=CIRCLE('',#2067,20.);
#697=CIRCLE('',#2068,20.);
#698=CIRCLE('',#2069,20.);
#699=CIRCLE('',#2073,3.);
#700=CIRCLE('',#2077,3.);
#701=CIRCLE('',#2080,3.);
#702=CIRCLE('',#2082,3.);
#703=B_SPLINE_CURVE_WITH_KNOTS('',3,(#2539,#2540,#2541,#2542,#2543,#2544,
#2545,#2546,#2547,#2548,#2549,#2550),.UNSPECIFIED.,.F.,.F.,(4,2,2,2,2,4),
(0.,0.0581412478961654,0.0872824932641535,0.111242717778299,0.126467485169312,
0.141284833383527),.UNSPECIFIED.);
#704=B_SPLINE_CURVE_WITH_KNOTS('',3,(#2552,#2553,#2554,#2555),
 .UNSPECIFIED.,.F.,.F.,(4,4),(0.29841973625584,0.328875418429873),
 .UNSPECIFIED.);
#705=B_SPLINE_CURVE_WITH_KNOTS('',3,(#2558,#2559,#2560,#2561),
 .UNSPECIFIED.,.F.,.F.,(4,4),(-0.328875418429873,-0.222100709747963),
 .UNSPECIFIED.);
#706=B_SPLINE_CURVE_WITH_KNOTS('',3,(#2585,#2586,#2587,#2588),
 .UNSPECIFIED.,.F.,.F.,(4,4),(-0.733337967450646,-1.21338819153474E-15),
 .UNSPECIFIED.);
#707=B_SPLINE_CURVE_WITH_KNOTS('',3,(#2589,#2590,#2591,#2592),
 .UNSPECIFIED.,.F.,.F.,(4,4),(1.21338819153474E-15,0.733337967450646),
 .UNSPECIFIED.);
#708=B_SPLINE_CURVE_WITH_KNOTS('',3,(#2676,#2677,#2678,#2679,#2680,#2681,
#2682,#2683,#2684,#2685,#2686,#2687,#2688,#2689,#2690,#2691),
 .UNSPECIFIED.,.F.,.F.,(4,1,1,1,1,1,1,1,1,1,1,1,1,4),(-2.27782802677046,
-1.9524240229461,-1.62702001912175,-1.3016160152974,-1.22026501434132,-1.13891401338523,
-0.976212011473052,-0.935536510995008,-0.894861010516965,-0.813510009560877,
-0.732159008604789,-0.650808007648702,-0.325404003824351,0.),
 .UNSPECIFIED.);
#709=B_SPLINE_CURVE_WITH_KNOTS('',3,(#2692,#2693,#2694,#2695,#2696,#2697,
#2698,#2699,#2700,#2701,#2702,#2703,#2704,#2705,#2706,#2707),
 .UNSPECIFIED.,.F.,.F.,(4,1,1,1,1,1,1,1,1,1,1,1,1,4),(0.,0.325404003824351,
0.650808007648702,0.732159008604789,0.813510009560877,0.894861010516965,
0.935536510995008,0.976212011473052,1.13891401338523,1.22026501434132,1.3016160152974,
1.62702001912175,1.9524240229461,2.27782802677046),.UNSPECIFIED.);
#710=B_SPLINE_CURVE_WITH_KNOTS('',3,(#2731,#2732,#2733,#2734),
 .UNSPECIFIED.,.F.,.F.,(4,4),(-0.733337967450647,-1.33453739201238E-15),
 .UNSPECIFIED.);
#711=B_SPLINE_CURVE_WITH_KNOTS('',3,(#2735,#2736,#2737,#2738),
 .UNSPECIFIED.,.F.,.F.,(4,4),(1.33453739201238E-15,0.733337967450647),
 .UNSPECIFIED.);
#712=B_SPLINE_CURVE_WITH_KNOTS('',3,(#2765,#2766,#2767,#2768,#2769,#2770,
#2771,#2772,#2773,#2774,#2775,#2776),.UNSPECIFIED.,.F.,.F.,(4,2,2,2,2,4),
(0.,0.0126373308655812,0.0260151846864309,0.0433479904516561,0.0655549860099752,
0.102962709562933),.UNSPECIFIED.);
#713=B_SPLINE_CURVE_WITH_KNOTS('',3,(#2777,#2778,#2779,#2780),
 .UNSPECIFIED.,.F.,.F.,(4,4),(-0.106774706939093,0.),.UNSPECIFIED.);
#714=B_SPLINE_CURVE_WITH_KNOTS('',3,(#2781,#2782,#2783,#2784),
 .UNSPECIFIED.,.F.,.F.,(4,4),(0.,0.0304556827770724),.UNSPECIFIED.);
#715=B_SPLINE_CURVE_WITH_KNOTS('',3,(#2821,#2822,#2823,#2824,#2825,#2826,
#2827,#2828,#2829,#2830,#2831,#2832),.UNSPECIFIED.,.F.,.F.,(4,2,2,2,2,4),
(0.,0.0581412479607276,0.0872824932350547,0.111242717672721,0.126467484993072,
0.141284833141354),.UNSPECIFIED.);
#716=B_SPLINE_CURVE_WITH_KNOTS('',3,(#2834,#2835,#2836,#2837),
 .UNSPECIFIED.,.F.,.F.,(4,4),(0.298419736255841,0.328875418429872),
 .UNSPECIFIED.);
#717=B_SPLINE_CURVE_WITH_KNOTS('',3,(#2840,#2841,#2842,#2843),
 .UNSPECIFIED.,.F.,.F.,(4,4),(-0.328875418429872,-0.222100709747961),
 .UNSPECIFIED.);
#718=B_SPLINE_CURVE_WITH_KNOTS('',3,(#2867,#2868,#2869,#2870),
 .UNSPECIFIED.,.F.,.F.,(4,4),(-0.733337967450644,0.),.UNSPECIFIED.);
#719=B_SPLINE_CURVE_WITH_KNOTS('',3,(#2871,#2872,#2873,#2874),
 .UNSPECIFIED.,.F.,.F.,(4,4),(0.,0.733337967450644),.UNSPECIFIED.);
#720=B_SPLINE_CURVE_WITH_KNOTS('',3,(#2958,#2959,#2960,#2961,#2962,#2963,
#2964,#2965,#2966,#2967,#2968,#2969,#2970,#2971,#2972,#2973),
 .UNSPECIFIED.,.F.,.F.,(4,1,1,1,1,1,1,1,1,1,1,1,1,4),(-2.27782812349883,
-1.95242410585614,-1.62702008821345,-1.4643180793921,-1.30161607057076,
-1.13891406174941,-0.976212052928068,-0.935536550722732,-0.894861048517396,
-0.813510044106723,-0.650808035285379,-0.569457030874706,-0.325404017642689,
0.),.UNSPECIFIED.);
#721=B_SPLINE_CURVE_WITH_KNOTS('',3,(#2974,#2975,#2976,#2977,#2978,#2979,
#2980,#2981,#2982,#2983,#2984,#2985,#2986,#2987,#2988,#2989),
 .UNSPECIFIED.,.F.,.F.,(4,1,1,1,1,1,1,1,1,1,1,1,1,4),(0.,0.325404017642689,
0.569457030874706,0.650808035285379,0.813510044106723,0.894861048517396,
0.935536550722732,0.976212052928068,1.13891406174941,1.30161607057076,1.4643180793921,
1.62702008821345,1.95242410585614,2.27782812349883),.UNSPECIFIED.);
#722=B_SPLINE_CURVE_WITH_KNOTS('',3,(#3013,#3014,#3015,#3016),
 .UNSPECIFIED.,.F.,.F.,(4,4),(-0.733337967450644,-6.53275849992459E-16),
 .UNSPECIFIED.);
#723=B_SPLINE_CURVE_WITH_KNOTS('',3,(#3017,#3018,#3019,#3020),
 .UNSPECIFIED.,.F.,.F.,(4,4),(6.53275849992459E-16,0.733337967450644),
 .UNSPECIFIED.);
#724=B_SPLINE_CURVE_WITH_KNOTS('',3,(#3047,#3048,#3049,#3050,#3051,#3052,
#3053,#3054,#3055,#3056,#3057,#3058),.UNSPECIFIED.,.F.,.F.,(4,2,2,2,2,4),
(0.,0.012637330866025,0.0260151846842278,0.0433479904386458,0.065554985973252,
0.102962709615291),.UNSPECIFIED.);
#725=B_SPLINE_CURVE_WITH_KNOTS('',3,(#3059,#3060,#3061,#3062),
 .UNSPECIFIED.,.F.,.F.,(4,4),(-0.106774706939092,-8.5861874952799E-17),
 .UNSPECIFIED.);
#726=B_SPLINE_CURVE_WITH_KNOTS('',3,(#3063,#3064,#3065,#3066),
 .UNSPECIFIED.,.F.,.F.,(4,4),(8.5861874952799E-17,0.0304556827770738),
 .UNSPECIFIED.);
#727=B_SPLINE_CURVE_WITH_KNOTS('',3,(#3098,#3099,#3100,#3101),
 .UNSPECIFIED.,.F.,.F.,(4,4),(2.25745204219912,3.36061139991807),
 .UNSPECIFIED.);
#728=B_SPLINE_CURVE_WITH_KNOTS('',3,(#3105,#3106,#3107,#3108),
 .UNSPECIFIED.,.F.,.F.,(4,4),(-3.36061139991807,-1.96123122441712),
 .UNSPECIFIED.);
#729=B_SPLINE_CURVE_WITH_KNOTS('',3,(#3110,#3111,#3112,#3113,#3114,#3115,
#3116,#3117,#3118,#3119,#3120,#3121,#3122,#3123,#3124,#3125,#3126,#3127,
#3128,#3129,#3130,#3131,#3132,#3133,#3134,#3135,#3136,#3137,#3138,#3139,
#3140),.UNSPECIFIED.,.F.,.F.,(4,3,3,3,3,3,3,3,3,3,4),(0.,0.0300712542861389,
0.0605075145387399,0.0908954173220882,0.116687286690902,0.147190542008415,
0.170766808698321,0.202267926598093,0.233769044497864,0.264240075615585,
0.274442078673301),.UNSPECIFIED.);
#730=B_SPLINE_CURVE_WITH_KNOTS('',3,(#3142,#3143,#3144,#3145),
 .UNSPECIFIED.,.F.,.F.,(4,4),(0.89253149587,1.11394219058277),
 .UNSPECIFIED.);
#731=B_SPLINE_CURVE_WITH_KNOTS('',3,(#3146,#3147,#3148,#3149),
 .UNSPECIFIED.,.F.,.F.,(4,4),(-0.291989969635524,-0.236118809260157),
 .UNSPECIFIED.);
#732=B_SPLINE_CURVE_WITH_KNOTS('',3,(#3178,#3179,#3180,#3181,#3182),
 .UNSPECIFIED.,.F.,.F.,(4,1,4),(-2.04702474073869,-1.16972842327927,-4.99865666258746E-14),
 .UNSPECIFIED.);
#733=B_SPLINE_CURVE_WITH_KNOTS('',3,(#3183,#3184,#3185,#3186,#3187),
 .UNSPECIFIED.,.F.,.F.,(4,1,4),(4.99865666258746E-14,1.16972842327927,2.04702474073869),
 .UNSPECIFIED.);
#734=B_SPLINE_CURVE_WITH_KNOTS('',3,(#3211,#3212,#3213,#3214,#3215),
 .UNSPECIFIED.,.F.,.F.,(4,1,4),(-1.50775011624945,-0.646178621249763,0.),
 .UNSPECIFIED.);
#735=B_SPLINE_CURVE_WITH_KNOTS('',3,(#3216,#3217,#3218,#3219,#3220),
 .UNSPECIFIED.,.F.,.F.,(4,1,4),(0.,0.646178621249763,1.50775011624945),
 .UNSPECIFIED.);
#736=B_SPLINE_CURVE_WITH_KNOTS('',3,(#3249,#3250,#3251,#3252,#3253),
 .UNSPECIFIED.,.F.,.F.,(4,1,4),(-2.04702868873273,-0.877298009456883,0.),
 .UNSPECIFIED.);
#737=B_SPLINE_CURVE_WITH_KNOTS('',3,(#3254,#3255,#3256,#3257,#3258),
 .UNSPECIFIED.,.F.,.F.,(4,1,4),(0.,0.877298009456883,2.04702868873273),
 .UNSPECIFIED.);
#738=B_SPLINE_CURVE_WITH_KNOTS('',3,(#3280,#3281,#3282,#3283),
 .UNSPECIFIED.,.F.,.F.,(4,4),(-0.685321028412413,-0.629354223202656),
 .UNSPECIFIED.);
#739=B_SPLINE_CURVE_WITH_KNOTS('',3,(#3285,#3286,#3287,#3288),
 .UNSPECIFIED.,.F.,.F.,(4,4),(0.0506015837150495,0.271990475481718),
 .UNSPECIFIED.);
#740=B_SPLINE_CURVE_WITH_KNOTS('',3,(#3290,#3291,#3292,#3293,#3294,#3295,
#3296,#3297,#3298,#3299,#3300,#3301,#3302,#3303,#3304,#3305,#3306,#3307,
#3308,#3309,#3310,#3311,#3312,#3313,#3314,#3315,#3316,#3317,#3318,#3319,
#3320,#3321,#3322,#3323,#3324,#3325,#3326),.UNSPECIFIED.,.F.,.F.,(4,3,3,
3,3,3,3,3,3,3,3,3,4),(0.109731942972716,0.118464776016172,0.149131996937467,
0.179707806501238,0.209712692609215,0.213514889597405,0.236291783068608,
0.266529147426876,0.296971711068064,0.310169943439674,0.34061447661056,
0.370745576520173,0.384006732277526),.UNSPECIFIED.);
#741=B_SPLINE_CURVE_WITH_KNOTS('',3,(#3327,#3328,#3329,#3330),
 .UNSPECIFIED.,.F.,.F.,(4,4),(-1.39937996096453,-3.04281312620618E-12),
 .UNSPECIFIED.);
#742=B_SPLINE_CURVE_WITH_KNOTS('',3,(#3331,#3332,#3333,#3334),
 .UNSPECIFIED.,.F.,.F.,(4,4),(3.04281312620618E-12,1.10315947209807),
 .UNSPECIFIED.);
#743=B_SPLINE_CURVE_WITH_KNOTS('',3,(#3343,#3344,#3345,#3346),
 .UNSPECIFIED.,.F.,.F.,(4,4),(0.0506015837440605,0.271990476237916),
 .UNSPECIFIED.);
#744=B_SPLINE_CURVE_WITH_KNOTS('',3,(#3347,#3348,#3349,#3350),
 .UNSPECIFIED.,.F.,.F.,(4,4),(-0.685321028412412,-0.629354223202648),
 .UNSPECIFIED.);
#745=B_SPLINE_CURVE_WITH_KNOTS('',3,(#3388,#3389,#3390,#3391),
 .UNSPECIFIED.,.F.,.F.,(4,4),(2.25745213469319,3.36061149183463),
 .UNSPECIFIED.);
#746=B_SPLINE_CURVE_WITH_KNOTS('',3,(#3395,#3396,#3397,#3398),
 .UNSPECIFIED.,.F.,.F.,(4,4),(-3.36061149183463,-1.96123131645309),
 .UNSPECIFIED.);
#747=B_SPLINE_CURVE_WITH_KNOTS('',3,(#3400,#3401,#3402,#3403,#3404,#3405,
#3406,#3407,#3408,#3409,#3410,#3411,#3412,#3413,#3414,#3415,#3416,#3417,
#3418,#3419,#3420,#3421,#3422,#3423,#3424,#3425,#3426,#3427,#3428,#3429,
#3430),.UNSPECIFIED.,.F.,.F.,(4,3,3,3,3,3,3,3,3,3,4),(0.,0.0300718485573552,
0.0605084730395324,0.0908960691835559,0.116687286700028,0.147190552455558,
0.170766808698408,0.202267926613782,0.233769044529156,0.26423970383919,
0.274442078673489),.UNSPECIFIED.);
#748=B_SPLINE_CURVE_WITH_KNOTS('',3,(#3432,#3433,#3434,#3435),
 .UNSPECIFIED.,.F.,.F.,(4,4),(0.892529931374537,1.11394062624066),
 .UNSPECIFIED.);
#749=B_SPLINE_CURVE_WITH_KNOTS('',3,(#3436,#3437,#3438,#3439),
 .UNSPECIFIED.,.F.,.F.,(4,4),(-0.291989969635535,-0.236118809260165),
 .UNSPECIFIED.);
#750=B_SPLINE_CURVE_WITH_KNOTS('',3,(#3468,#3469,#3470,#3471,#3472),
 .UNSPECIFIED.,.F.,.F.,(4,1,4),(-2.04701485012924,-1.16972277150336,-2.19502913894292E-12),
 .UNSPECIFIED.);
#751=B_SPLINE_CURVE_WITH_KNOTS('',3,(#3473,#3474,#3475,#3476,#3477),
 .UNSPECIFIED.,.F.,.F.,(4,1,4),(2.19502913894292E-12,1.16972277150336,2.04701485012924),
 .UNSPECIFIED.);
#752=B_SPLINE_CURVE_WITH_KNOTS('',3,(#3501,#3502,#3503,#3504,#3505),
 .UNSPECIFIED.,.F.,.F.,(4,1,4),(-1.50775011624684,-0.646178621248647,0.),
 .UNSPECIFIED.);
#753=B_SPLINE_CURVE_WITH_KNOTS('',3,(#3506,#3507,#3508,#3509,#3510),
 .UNSPECIFIED.,.F.,.F.,(4,1,4),(0.,0.646178621248647,1.50775011624684),
 .UNSPECIFIED.);
#754=B_SPLINE_CURVE_WITH_KNOTS('',3,(#3539,#3540,#3541,#3542,#3543),
 .UNSPECIFIED.,.F.,.F.,(4,1,4),(-2.04707445261783,-0.877317622550497,0.),
 .UNSPECIFIED.);
#755=B_SPLINE_CURVE_WITH_KNOTS('',3,(#3544,#3545,#3546,#3547,#3548),
 .UNSPECIFIED.,.F.,.F.,(4,1,4),(0.,0.877317622550497,2.04707445261783),
 .UNSPECIFIED.);
#756=B_SPLINE_CURVE_WITH_KNOTS('',3,(#3570,#3571,#3572,#3573,#3574,#3575,
#3576,#3577,#3578,#3579,#3580,#3581,#3582,#3583,#3584,#3585,#3586,#3587,
#3588,#3589,#3590,#3591,#3592,#3593,#3594,#3595,#3596,#3597,#3598,#3599,
#3600,#3601,#3602,#3603,#3604,#3605,#3606),.UNSPECIFIED.,.F.,.F.,(4,3,3,
3,3,3,3,3,3,3,3,3,4),(0.109731942973111,0.118464776066927,0.149131993854727,
0.179707747649909,0.209712520965885,0.213514889598077,0.23629178317629,
0.266529068302127,0.296971661459347,0.310169943479825,0.340614491285729,
0.370745684372678,0.384006732278176),.UNSPECIFIED.);
#757=B_SPLINE_CURVE_WITH_KNOTS('',3,(#3607,#3608,#3609,#3610),
 .UNSPECIFIED.,.F.,.F.,(4,4),(-1.39937985881498,-3.04183791929564E-12),
 .UNSPECIFIED.);
#758=B_SPLINE_CURVE_WITH_KNOTS('',3,(#3611,#3612,#3613,#3614),
 .UNSPECIFIED.,.F.,.F.,(4,4),(3.04183791929564E-12,1.10315934560282),
 .UNSPECIFIED.);
#759=B_SPLINE_CURVE_WITH_KNOTS('',3,(#3743,#3744,#3745,#3746,#3747,#3748,
#3749,#3750,#3751),.UNSPECIFIED.,.F.,.F.,(4,1,1,1,1,1,4),(-23.434710089839,
-22.8476198617559,-22.2605296336728,-21.6734394055897,-21.0863491775066,
-19.9121687213403,-19.3250784932572),.UNSPECIFIED.);
#760=B_SPLINE_CURVE_WITH_KNOTS('',3,(#3755,#3756,#3757,#3758),
 .UNSPECIFIED.,.F.,.F.,(4,4),(-0.375136673365614,-0.0503042229764087),
 .UNSPECIFIED.);
#761=B_SPLINE_CURVE_WITH_KNOTS('',3,(#3760,#3761,#3762,#3763,#3764,#3765,
#3766,#3767,#3768,#3769,#3770,#3771,#3772),.UNSPECIFIED.,.F.,.F.,(4,3,3,
3,4),(-0.393107535936184,-0.267004523926548,-0.141249120285006,-0.0610287247831762,
-0.0541899448900559),.UNSPECIFIED.);
#762=B_SPLINE_CURVE_WITH_KNOTS('',3,(#3774,#3775,#3776,#3777),
 .UNSPECIFIED.,.F.,.F.,(4,4),(-0.38327900204906,-0.0516403876508674),
 .UNSPECIFIED.);
#763=B_SPLINE_CURVE_WITH_KNOTS('',3,(#3779,#3780,#3781,#3782),
 .UNSPECIFIED.,.F.,.F.,(4,4),(-0.382442868734868,-0.0509874643519204),
 .UNSPECIFIED.);
#764=B_SPLINE_CURVE_WITH_KNOTS('',3,(#3784,#3785,#3786,#3787,#3788,#3789,
#3790,#3791,#3792,#3793,#3794,#3795,#3796),.UNSPECIFIED.,.F.,.F.,(4,3,3,
3,4),(-0.389946384946701,-0.383107604404006,-0.257486404609948,-0.131372654857718,
-0.0510287614318056),.UNSPECIFIED.);
#765=B_SPLINE_CURVE_WITH_KNOTS('',3,(#3797,#3798,#3799,#3800),
 .UNSPECIFIED.,.F.,.F.,(4,4),(-0.374675863983657,-0.0501033265153656),
 .UNSPECIFIED.);
#766=B_SPLINE_CURVE_WITH_KNOTS('',3,(#3983,#3984,#3985,#3986,#3987,#3988,
#3989),.UNSPECIFIED.,.F.,.F.,(4,3,4),(-1.8095677467369,-1.77248251645384,
-1.75775570620326),.UNSPECIFIED.);
#767=B_SPLINE_CURVE_WITH_KNOTS('',3,(#3990,#3991,#3992,#3993,#3994,#3995,
#3996,#3997,#3998,#3999,#4000,#4001,#4002,#4003,#4004,#4005,#4006,#4007,
#4008,#4009,#4010,#4011,#4012,#4013,#4014,#4015,#4016,#4017,#4018,#4019,
#4020,#4021,#4022,#4023,#4024,#4025,#4026,#4027,#4028,#4029,#4030,#4031,
#4032,#4033,#4034,#4035,#4036,#4037,#4038,#4039,#4040,#4041,#4042,#4043,
#4044,#4045,#4046,#4047,#4048,#4049,#4050,#4051,#4052,#4053,#4054,#4055,
#4056,#4057,#4058,#4059,#4060,#4061,#4062,#4063,#4064,#4065,#4066,#4067,
#4068,#4069,#4070,#4071,#4072,#4073,#4074,#4075,#4076,#4077,#4078,#4079,
#4080,#4081,#4082,#4083,#4084,#4085,#4086,#4087,#4088,#4089,#4090,#4091,
#4092,#4093,#4094,#4095,#4096,#4097,#4098,#4099,#4100,#4101,#4102,#4103,
#4104,#4105,#4106,#4107,#4108,#4109,#4110,#4111,#4112,#4113,#4114,#4115,
#4116,#4117,#4118,#4119,#4120,#4121,#4122,#4123,#4124,#4125,#4126,#4127,
#4128,#4129,#4130,#4131,#4132,#4133,#4134,#4135,#4136,#4137,#4138,#4139,
#4140,#4141,#4142,#4143,#4144,#4145,#4146,#4147,#4148,#4149,#4150,#4151,
#4152,#4153,#4154,#4155),.UNSPECIFIED.,.F.,.F.,(4,3,3,3,3,3,3,3,3,3,3,3,
3,3,3,3,3,3,3,3,3,3,3,3,3,3,3,3,3,3,3,3,3,3,3,3,3,3,3,3,3,3,3,3,3,3,3,3,
3,3,3,3,3,3,3,4),(-1.75775570620326,-1.73584139223534,-1.6987801396025,
-1.66146225157281,-1.6234532350864,-1.61728348791726,-1.58356978053491,
-1.5405085799524,-1.49622624391098,-1.44626448237808,-1.40317243664203,
-1.39630272084518,-1.36041253748716,-1.32587634637607,-1.31702514965675,
-1.28335108461766,-1.24922150682449,-1.24111043734456,-1.20351558217308,
-1.16212423708799,-1.15247958778424,-1.09488218820279,-1.04797273056031,
-1.03728478862135,-1.01827838806023,-0.978950323523777,-0.94096062294752,
-0.913897444878327,-0.877000050339655,-0.840107903618006,-0.803020089516999,
-0.798049781546743,-0.759617936750999,-0.719757897984951,-0.690491283273898,
-0.640871298589641,-0.58487542977809,-0.578804749787634,-0.536439615426539,
-0.496759434792731,-0.482240922697674,-0.445752664638673,-0.409781089056893,
-0.40051365734939,-0.36467548013302,-0.328426146899615,-0.319532199846147,
-0.280694679378741,-0.239712531770054,-0.22542949518261,-0.169933358945192,
-0.11770498575409,-0.114437222707774,-0.0735312781456854,-0.0344542595611241,
0.),.UNSPECIFIED.);
#768=B_SPLINE_CURVE_WITH_KNOTS('',3,(#4215,#4216,#4217,#4218,#4219,#4220,
#4221),.UNSPECIFIED.,.F.,.F.,(4,1,1,1,4),(-30.329420119979,-29.2846292513012,
-28.7622338169622,-27.7174429482844,-26.6726520796066),.UNSPECIFIED.);
#769=B_SPLINE_CURVE_WITH_KNOTS('',3,(#4278,#4279,#4280,#4281,#4282,#4283,
#4284,#4285,#4286),.UNSPECIFIED.,.F.,.F.,(4,1,1,1,1,1,4),(-19.3247491245852,
-18.7373942227032,-17.5626844189392,-16.9753295170572,-16.3879746151752,
-16.0942971642342,-15.2132648114112),.UNSPECIFIED.);
#770=B_SPLINE_CURVE_WITH_KNOTS('',3,(#4316,#4317,#4318,#4319),
 .UNSPECIFIED.,.F.,.F.,(4,4),(-16.2461884117221,-15.7211401900693),
 .UNSPECIFIED.);
#771=B_SPLINE_CURVE_WITH_KNOTS('',3,(#4321,#4322,#4323,#4324,#4325,#4326,
#4327,#4328,#4329,#4330,#4331,#4332,#4333,#4334,#4335,#4336,#4337,#4338,
#4339,#4340,#4341,#4342,#4343,#4344,#4345),.UNSPECIFIED.,.F.,.F.,(4,3,3,
3,3,3,3,3,4),(-1.78646026538862,-1.66164906506627,-1.53502064093035,-1.40641628612936,
-1.30558462362701,-1.18323102182508,-1.05971599880465,-1.04400224331489,
-0.973896137793902),.UNSPECIFIED.);
#772=B_SPLINE_CURVE_WITH_KNOTS('',3,(#4347,#4348,#4349,#4350,#4351,#4352),
 .UNSPECIFIED.,.F.,.F.,(4,2,4),(-1.72092808407391,-1.57738056850237,-0.237415684492235),
 .UNSPECIFIED.);
#773=B_SPLINE_CURVE_WITH_KNOTS('',3,(#4354,#4355,#4356,#4357,#4358,#4359),
 .UNSPECIFIED.,.F.,.F.,(4,2,4),(-0.814542160557745,-0.791060403484302,0.),
 .UNSPECIFIED.);
#774=B_SPLINE_CURVE_WITH_KNOTS('',3,(#4360,#4361,#4362,#4363),
 .UNSPECIFIED.,.F.,.F.,(4,4),(-14.557851486164,-14.0323383161645),
 .UNSPECIFIED.);
#775=B_SPLINE_CURVE_WITH_KNOTS('',3,(#4407,#4408,#4409,#4410,#4411,#4412,
#4413),.UNSPECIFIED.,.F.,.F.,(4,1,1,1,4),(-28.8282097720579,-28.3058505397802,
-27.2611320752248,-26.2164136106694,-25.171695146114),.UNSPECIFIED.);
#776=B_SPLINE_CURVE_WITH_KNOTS('',3,(#4457,#4458,#4459,#4460,#4461,#4462,
#4463),.UNSPECIFIED.,.F.,.F.,(4,1,1,1,4),(-32.4922892218619,-31.9697245161276,
-30.9245951046591,-29.8794656931906,-28.8343362817221),.UNSPECIFIED.);
#777=B_SPLINE_CURVE_WITH_KNOTS('',3,(#4490,#4491,#4492,#4493),
 .UNSPECIFIED.,.F.,.F.,(4,4),(-14.031877985925,-13.50636320437),
 .UNSPECIFIED.);
#778=B_SPLINE_CURVE_WITH_KNOTS('',3,(#4495,#4496,#4497,#4498,#4499,#4500),
 .UNSPECIFIED.,.F.,.F.,(4,2,4),(-1.53369265674168,-0.742717283345096,-0.719352923461765),
 .UNSPECIFIED.);
#779=B_SPLINE_CURVE_WITH_KNOTS('',3,(#4502,#4503,#4504,#4505,#4506,#4507,
#4508,#4509),.UNSPECIFIED.,.F.,.F.,(4,2,2,4),(-3.12152406590956,-2.25361773917426,
-1.83006227175175,-1.72591201381384),.UNSPECIFIED.);
#780=B_SPLINE_CURVE_WITH_KNOTS('',3,(#4511,#4512,#4513,#4514),
 .UNSPECIFIED.,.F.,.F.,(4,4),(-0.814779231863921,0.),.UNSPECIFIED.);
#781=B_SPLINE_CURVE_WITH_KNOTS('',3,(#4516,#4517,#4518,#4519),
 .UNSPECIFIED.,.F.,.F.,(4,4),(-12.3429373489564,-11.818003759063),
 .UNSPECIFIED.);
#782=B_SPLINE_CURVE_WITH_KNOTS('',3,(#4563,#4564,#4565,#4566,#4567,#4568,
#4569),.UNSPECIFIED.,.F.,.F.,(4,1,1,1,4),(-28.8322625909209,-28.309840499397,
-27.2649963163491,-26.2201521333013,-25.1753079505444),.UNSPECIFIED.);
#783=VERTEX_POINT('',#2537);
#784=VERTEX_POINT('',#2538);
#785=VERTEX_POINT('',#2551);
#786=VERTEX_POINT('',#2556);
#787=VERTEX_POINT('',#2582);
#788=VERTEX_POINT('',#2583);
#789=VERTEX_POINT('',#2673);
#790=VERTEX_POINT('',#2674);
#791=VERTEX_POINT('',#2728);
#792=VERTEX_POINT('',#2729);
#793=VERTEX_POINT('',#2763);
#794=VERTEX_POINT('',#2764);
#795=VERTEX_POINT('',#2786);
#796=VERTEX_POINT('',#2790);
#797=VERTEX_POINT('',#2819);
#798=VERTEX_POINT('',#2820);
#799=VERTEX_POINT('',#2833);
#800=VERTEX_POINT('',#2838);
#801=VERTEX_POINT('',#2864);
#802=VERTEX_POINT('',#2865);
#803=VERTEX_POINT('',#2955);
#804=VERTEX_POINT('',#2956);
#805=VERTEX_POINT('',#3010);
#806=VERTEX_POINT('',#3011);
#807=VERTEX_POINT('',#3045);
#808=VERTEX_POINT('',#3046);
#809=VERTEX_POINT('',#3068);
#810=VERTEX_POINT('',#3072);
#811=VERTEX_POINT('',#3097);
#812=VERTEX_POINT('',#3102);
#813=VERTEX_POINT('',#3104);
#814=VERTEX_POINT('',#3109);
#815=VERTEX_POINT('',#3141);
#816=VERTEX_POINT('',#3175);
#817=VERTEX_POINT('',#3176);
#818=VERTEX_POINT('',#3208);
#819=VERTEX_POINT('',#3209);
#820=VERTEX_POINT('',#3246);
#821=VERTEX_POINT('',#3247);
#822=VERTEX_POINT('',#3279);
#823=VERTEX_POINT('',#3284);
#824=VERTEX_POINT('',#3289);
#825=VERTEX_POINT('',#3336);
#826=VERTEX_POINT('',#3338);
#827=VERTEX_POINT('',#3340);
#828=VERTEX_POINT('',#3342);
#829=VERTEX_POINT('',#3352);
#830=VERTEX_POINT('',#3354);
#831=VERTEX_POINT('',#3358);
#832=VERTEX_POINT('',#3362);
#833=VERTEX_POINT('',#3364);
#834=VERTEX_POINT('',#3387);
#835=VERTEX_POINT('',#3392);
#836=VERTEX_POINT('',#3394);
#837=VERTEX_POINT('',#3399);
#838=VERTEX_POINT('',#3431);
#839=VERTEX_POINT('',#3465);
#840=VERTEX_POINT('',#3466);
#841=VERTEX_POINT('',#3498);
#842=VERTEX_POINT('',#3499);
#843=VERTEX_POINT('',#3536);
#844=VERTEX_POINT('',#3537);
#845=VERTEX_POINT('',#3569);
#846=VERTEX_POINT('',#3616);
#847=VERTEX_POINT('',#3618);
#848=VERTEX_POINT('',#3622);
#849=VERTEX_POINT('',#3628);
#850=VERTEX_POINT('',#3630);
#851=VERTEX_POINT('',#3637);
#852=VERTEX_POINT('',#3638);
#853=VERTEX_POINT('',#3640);
#854=VERTEX_POINT('',#3642);
#855=VERTEX_POINT('',#3644);
#856=VERTEX_POINT('',#3646);
#857=VERTEX_POINT('',#3649);
#858=VERTEX_POINT('',#3650);
#859=VERTEX_POINT('',#3652);
#860=VERTEX_POINT('',#3654);
#861=VERTEX_POINT('',#3656);
#862=VERTEX_POINT('',#3658);
#863=VERTEX_POINT('',#3661);
#864=VERTEX_POINT('',#3662);
#865=VERTEX_POINT('',#3664);
#866=VERTEX_POINT('',#3666);
#867=VERTEX_POINT('',#3668);
#868=VERTEX_POINT('',#3670);
#869=VERTEX_POINT('',#3673);
#870=VERTEX_POINT('',#3674);
#871=VERTEX_POINT('',#3676);
#872=VERTEX_POINT('',#3678);
#873=VERTEX_POINT('',#3680);
#874=VERTEX_POINT('',#3682);
#875=VERTEX_POINT('',#3740);
#876=VERTEX_POINT('',#3742);
#877=VERTEX_POINT('',#3753);
#878=VERTEX_POINT('',#3754);
#879=VERTEX_POINT('',#3759);
#880=VERTEX_POINT('',#3773);
#881=VERTEX_POINT('',#3778);
#882=VERTEX_POINT('',#3783);
#883=VERTEX_POINT('',#3802);
#884=VERTEX_POINT('',#3803);
#885=VERTEX_POINT('',#3805);
#886=VERTEX_POINT('',#3807);
#887=VERTEX_POINT('',#3809);
#888=VERTEX_POINT('',#3811);
#889=VERTEX_POINT('',#3814);
#890=VERTEX_POINT('',#3829);
#891=VERTEX_POINT('',#3830);
#892=VERTEX_POINT('',#3832);
#893=VERTEX_POINT('',#3834);
#894=VERTEX_POINT('',#3836);
#895=VERTEX_POINT('',#3838);
#896=VERTEX_POINT('',#3841);
#897=VERTEX_POINT('',#3856);
#898=VERTEX_POINT('',#3857);
#899=VERTEX_POINT('',#3859);
#900=VERTEX_POINT('',#3861);
#901=VERTEX_POINT('',#3863);
#902=VERTEX_POINT('',#3865);
#903=VERTEX_POINT('',#3868);
#904=VERTEX_POINT('',#3883);
#905=VERTEX_POINT('',#3884);
#906=VERTEX_POINT('',#3886);
#907=VERTEX_POINT('',#3888);
#908=VERTEX_POINT('',#3890);
#909=VERTEX_POINT('',#3892);
#910=VERTEX_POINT('',#3895);
#911=VERTEX_POINT('',#3910);
#912=VERTEX_POINT('',#3912);
#913=VERTEX_POINT('',#3915);
#914=VERTEX_POINT('',#3921);
#915=VERTEX_POINT('',#3923);
#916=VERTEX_POINT('',#3926);
#917=VERTEX_POINT('',#3932);
#918=VERTEX_POINT('',#3934);
#919=VERTEX_POINT('',#3937);
#920=VERTEX_POINT('',#3943);
#921=VERTEX_POINT('',#3945);
#922=VERTEX_POINT('',#3948);
#923=VERTEX_POINT('',#3954);
#924=VERTEX_POINT('',#3956);
#925=VERTEX_POINT('',#3960);
#926=VERTEX_POINT('',#3964);
#927=VERTEX_POINT('',#3968);
#928=VERTEX_POINT('',#3972);
#929=VERTEX_POINT('',#3978);
#930=VERTEX_POINT('',#3981);
#931=VERTEX_POINT('',#3982);
#932=VERTEX_POINT('',#4156);
#933=VERTEX_POINT('',#4160);
#934=VERTEX_POINT('',#4163);
#935=VERTEX_POINT('',#4167);
#936=VERTEX_POINT('',#4212);
#937=VERTEX_POINT('',#4214);
#938=VERTEX_POINT('',#4277);
#939=VERTEX_POINT('',#4313);
#940=VERTEX_POINT('',#4315);
#941=VERTEX_POINT('',#4320);
#942=VERTEX_POINT('',#4346);
#943=VERTEX_POINT('',#4353);
#944=VERTEX_POINT('',#4406);
#945=VERTEX_POINT('',#4489);
#946=VERTEX_POINT('',#4494);
#947=VERTEX_POINT('',#4501);
#948=VERTEX_POINT('',#4510);
#949=VERTEX_POINT('',#4515);
#950=VERTEX_POINT('',#4571);
#951=VERTEX_POINT('',#4573);
#952=VERTEX_POINT('',#4577);
#953=VERTEX_POINT('',#4579);
#954=VERTEX_POINT('',#4583);
#955=VERTEX_POINT('',#4587);
#956=VERTEX_POINT('',#4591);
#957=VERTEX_POINT('',#4593);
#958=VERTEX_POINT('',#4601);
#959=VERTEX_POINT('',#4603);
#960=VERTEX_POINT('',#4607);
#961=VERTEX_POINT('',#4610);
#962=EDGE_CURVE('',#783,#784,#703,.F.);
#963=EDGE_CURVE('',#784,#785,#704,.T.);
#964=EDGE_CURVE('',#785,#786,#648,.T.);
#965=EDGE_CURVE('',#786,#783,#705,.T.);
#966=EDGE_CURVE('',#787,#788,#649,.T.);
#967=EDGE_CURVE('',#788,#786,#706,.T.);
#968=EDGE_CURVE('',#785,#787,#707,.T.);
#969=EDGE_CURVE('',#789,#790,#650,.T.);
#970=EDGE_CURVE('',#790,#788,#708,.T.);
#971=EDGE_CURVE('',#787,#789,#709,.T.);
#972=EDGE_CURVE('',#791,#792,#651,.T.);
#973=EDGE_CURVE('',#792,#790,#710,.T.);
#974=EDGE_CURVE('',#789,#791,#711,.T.);
#975=EDGE_CURVE('',#793,#794,#712,.F.);
#976=EDGE_CURVE('',#794,#792,#713,.T.);
#977=EDGE_CURVE('',#791,#793,#714,.T.);
#978=EDGE_CURVE('',#789,#795,#60,.T.);
#979=EDGE_CURVE('',#795,#793,#61,.T.);
#980=EDGE_CURVE('',#787,#796,#62,.T.);
#981=EDGE_CURVE('',#796,#795,#652,.T.);
#982=EDGE_CURVE('',#784,#796,#63,.T.);
#983=EDGE_CURVE('',#797,#798,#715,.F.);
#984=EDGE_CURVE('',#798,#799,#716,.T.);
#985=EDGE_CURVE('',#799,#800,#653,.T.);
#986=EDGE_CURVE('',#800,#797,#717,.T.);
#987=EDGE_CURVE('',#801,#802,#654,.T.);
#988=EDGE_CURVE('',#802,#800,#718,.T.);
#989=EDGE_CURVE('',#799,#801,#719,.T.);
#990=EDGE_CURVE('',#803,#804,#655,.T.);
#991=EDGE_CURVE('',#804,#802,#720,.T.);
#992=EDGE_CURVE('',#801,#803,#721,.T.);
#993=EDGE_CURVE('',#805,#806,#656,.T.);
#994=EDGE_CURVE('',#806,#804,#722,.T.);
#995=EDGE_CURVE('',#803,#805,#723,.T.);
#996=EDGE_CURVE('',#807,#808,#724,.F.);
#997=EDGE_CURVE('',#808,#806,#725,.T.);
#998=EDGE_CURVE('',#805,#807,#726,.T.);
#999=EDGE_CURVE('',#803,#809,#64,.T.);
#1000=EDGE_CURVE('',#809,#807,#65,.T.);
#1001=EDGE_CURVE('',#801,#810,#66,.T.);
#1002=EDGE_CURVE('',#810,#809,#657,.T.);
#1003=EDGE_CURVE('',#798,#810,#67,.T.);
#1004=EDGE_CURVE('',#800,#811,#727,.T.);
#1005=EDGE_CURVE('',#811,#812,#658,.T.);
#1006=EDGE_CURVE('',#812,#813,#728,.T.);
#1007=EDGE_CURVE('',#813,#814,#729,.T.);
#1008=EDGE_CURVE('',#814,#815,#730,.T.);
#1009=EDGE_CURVE('',#797,#815,#731,.T.);
#1010=EDGE_CURVE('',#816,#817,#659,.T.);
#1011=EDGE_CURVE('',#817,#812,#732,.T.);
#1012=EDGE_CURVE('',#811,#816,#733,.T.);
#1013=EDGE_CURVE('',#818,#819,#660,.T.);
#1014=EDGE_CURVE('',#819,#817,#734,.T.);
#1015=EDGE_CURVE('',#816,#818,#735,.T.);
#1016=EDGE_CURVE('',#820,#821,#661,.T.);
#1017=EDGE_CURVE('',#821,#819,#736,.T.);
#1018=EDGE_CURVE('',#818,#820,#737,.T.);
#1019=EDGE_CURVE('',#822,#794,#738,.T.);
#1020=EDGE_CURVE('',#822,#823,#739,.T.);
#1021=EDGE_CURVE('',#823,#824,#740,.T.);
#1022=EDGE_CURVE('',#824,#821,#741,.T.);
#1023=EDGE_CURVE('',#820,#792,#742,.T.);
#1024=EDGE_CURVE('',#814,#825,#68,.T.);
#1025=EDGE_CURVE('',#825,#826,#662,.T.);
#1026=EDGE_CURVE('',#826,#827,#69,.T.);
#1027=EDGE_CURVE('',#828,#827,#743,.T.);
#1028=EDGE_CURVE('',#828,#808,#744,.T.);
#1029=EDGE_CURVE('',#829,#813,#70,.T.);
#1030=EDGE_CURVE('',#830,#829,#71,.T.);
#1031=EDGE_CURVE('',#825,#830,#72,.T.);
#1032=EDGE_CURVE('',#824,#831,#73,.T.);
#1033=EDGE_CURVE('',#829,#831,#663,.T.);
#1034=EDGE_CURVE('',#832,#823,#74,.T.);
#1035=EDGE_CURVE('',#832,#833,#75,.T.);
#1036=EDGE_CURVE('',#831,#833,#76,.T.);
#1037=EDGE_CURVE('',#786,#834,#745,.T.);
#1038=EDGE_CURVE('',#834,#835,#664,.T.);
#1039=EDGE_CURVE('',#835,#836,#746,.T.);
#1040=EDGE_CURVE('',#836,#837,#747,.T.);
#1041=EDGE_CURVE('',#837,#838,#748,.T.);
#1042=EDGE_CURVE('',#783,#838,#749,.T.);
#1043=EDGE_CURVE('',#839,#840,#665,.T.);
#1044=EDGE_CURVE('',#840,#835,#750,.T.);
#1045=EDGE_CURVE('',#834,#839,#751,.T.);
#1046=EDGE_CURVE('',#841,#842,#666,.T.);
#1047=EDGE_CURVE('',#842,#840,#752,.T.);
#1048=EDGE_CURVE('',#839,#841,#753,.T.);
#1049=EDGE_CURVE('',#843,#844,#667,.T.);
#1050=EDGE_CURVE('',#844,#842,#754,.T.);
#1051=EDGE_CURVE('',#841,#843,#755,.T.);
#1052=EDGE_CURVE('',#827,#845,#756,.T.);
#1053=EDGE_CURVE('',#845,#844,#757,.T.);
#1054=EDGE_CURVE('',#843,#806,#758,.T.);
#1055=EDGE_CURVE('',#845,#846,#77,.T.);
#1056=EDGE_CURVE('',#847,#846,#668,.T.);
#1057=EDGE_CURVE('',#847,#836,#78,.T.);
#1058=EDGE_CURVE('',#826,#848,#79,.T.);
#1059=EDGE_CURVE('',#846,#848,#80,.T.);
#1060=EDGE_CURVE('',#848,#830,#669,.T.);
#1061=EDGE_CURVE('',#849,#847,#81,.T.);
#1062=EDGE_CURVE('',#850,#849,#82,.T.);
#1063=EDGE_CURVE('',#837,#850,#83,.T.);
#1064=EDGE_CURVE('',#833,#849,#670,.T.);
#1065=EDGE_CURVE('',#850,#832,#671,.T.);
#1066=EDGE_CURVE('',#851,#852,#84,.T.);
#1067=EDGE_CURVE('',#852,#853,#85,.T.);
#1068=EDGE_CURVE('',#853,#854,#86,.T.);
#1069=EDGE_CURVE('',#854,#855,#87,.T.);
#1070=EDGE_CURVE('',#855,#856,#88,.T.);
#1071=EDGE_CURVE('',#856,#851,#89,.T.);
#1072=EDGE_CURVE('',#857,#858,#90,.T.);
#1073=EDGE_CURVE('',#858,#859,#91,.T.);
#1074=EDGE_CURVE('',#859,#860,#92,.T.);
#1075=EDGE_CURVE('',#860,#861,#93,.T.);
#1076=EDGE_CURVE('',#861,#862,#94,.T.);
#1077=EDGE_CURVE('',#862,#857,#95,.T.);
#1078=EDGE_CURVE('',#863,#864,#96,.T.);
#1079=EDGE_CURVE('',#864,#865,#97,.T.);
#1080=EDGE_CURVE('',#865,#866,#98,.T.);
#1081=EDGE_CURVE('',#866,#867,#99,.T.);
#1082=EDGE_CURVE('',#867,#868,#100,.T.);
#1083=EDGE_CURVE('',#868,#863,#101,.T.);
#1084=EDGE_CURVE('',#869,#870,#102,.T.);
#1085=EDGE_CURVE('',#870,#871,#103,.T.);
#1086=EDGE_CURVE('',#871,#872,#104,.T.);
#1087=EDGE_CURVE('',#872,#873,#105,.T.);
#1088=EDGE_CURVE('',#873,#874,#106,.T.);
#1089=EDGE_CURVE('',#874,#869,#107,.T.);
#1090=EDGE_CURVE('',#843,#875,#672,.T.);
#1091=EDGE_CURVE('',#875,#876,#759,.T.);
#1092=EDGE_CURVE('',#811,#876,#673,.T.);
#1093=EDGE_CURVE('',#877,#878,#760,.T.);
#1094=EDGE_CURVE('',#878,#879,#761,.T.);
#1095=EDGE_CURVE('',#879,#880,#762,.T.);
#1096=EDGE_CURVE('',#880,#881,#763,.T.);
#1097=EDGE_CURVE('',#881,#882,#764,.T.);
#1098=EDGE_CURVE('',#882,#877,#765,.T.);
#1099=EDGE_CURVE('',#883,#884,#108,.T.);
#1100=EDGE_CURVE('',#885,#883,#109,.T.);
#1101=EDGE_CURVE('',#886,#885,#110,.T.);
#1102=EDGE_CURVE('',#887,#886,#111,.T.);
#1103=EDGE_CURVE('',#888,#887,#112,.T.);
#1104=EDGE_CURVE('',#884,#888,#113,.T.);
#1105=EDGE_CURVE('',#889,#889,#674,.T.);
#1106=EDGE_CURVE('',#869,#884,#114,.T.);
#1107=EDGE_CURVE('',#870,#888,#115,.T.);
#1108=EDGE_CURVE('',#871,#887,#116,.T.);
#1109=EDGE_CURVE('',#872,#886,#117,.T.);
#1110=EDGE_CURVE('',#873,#885,#118,.T.);
#1111=EDGE_CURVE('',#883,#874,#119,.T.);
#1112=EDGE_CURVE('',#890,#891,#120,.T.);
#1113=EDGE_CURVE('',#892,#890,#121,.T.);
#1114=EDGE_CURVE('',#893,#892,#122,.T.);
#1115=EDGE_CURVE('',#894,#893,#123,.T.);
#1116=EDGE_CURVE('',#895,#894,#124,.T.);
#1117=EDGE_CURVE('',#891,#895,#125,.T.);
#1118=EDGE_CURVE('',#896,#896,#675,.T.);
#1119=EDGE_CURVE('',#863,#891,#126,.T.);
#1120=EDGE_CURVE('',#864,#895,#127,.T.);
#1121=EDGE_CURVE('',#865,#894,#128,.T.);
#1122=EDGE_CURVE('',#866,#893,#129,.T.);
#1123=EDGE_CURVE('',#867,#892,#130,.T.);
#1124=EDGE_CURVE('',#890,#868,#131,.T.);
#1125=EDGE_CURVE('',#897,#898,#132,.T.);
#1126=EDGE_CURVE('',#899,#897,#133,.T.);
#1127=EDGE_CURVE('',#900,#899,#134,.T.);
#1128=EDGE_CURVE('',#901,#900,#135,.T.);
#1129=EDGE_CURVE('',#902,#901,#136,.T.);
#1130=EDGE_CURVE('',#898,#902,#137,.T.);
#1131=EDGE_CURVE('',#903,#903,#676,.T.);
#1132=EDGE_CURVE('',#857,#898,#138,.T.);
#1133=EDGE_CURVE('',#858,#902,#139,.T.);
#1134=EDGE_CURVE('',#859,#901,#140,.T.);
#1135=EDGE_CURVE('',#860,#900,#141,.T.);
#1136=EDGE_CURVE('',#861,#899,#142,.T.);
#1137=EDGE_CURVE('',#897,#862,#143,.T.);
#1138=EDGE_CURVE('',#904,#905,#144,.T.);
#1139=EDGE_CURVE('',#906,#904,#145,.T.);
#1140=EDGE_CURVE('',#907,#906,#146,.T.);
#1141=EDGE_CURVE('',#908,#907,#147,.T.);
#1142=EDGE_CURVE('',#909,#908,#148,.T.);
#1143=EDGE_CURVE('',#905,#909,#149,.T.);
#1144=EDGE_CURVE('',#910,#910,#677,.T.);
#1145=EDGE_CURVE('',#851,#905,#150,.T.);
#1146=EDGE_CURVE('',#852,#909,#151,.T.);
#1147=EDGE_CURVE('',#853,#908,#152,.T.);
#1148=EDGE_CURVE('',#854,#907,#153,.T.);
#1149=EDGE_CURVE('',#855,#906,#154,.T.);
#1150=EDGE_CURVE('',#904,#856,#155,.T.);
#1151=EDGE_CURVE('',#911,#911,#678,.T.);
#1152=EDGE_CURVE('',#912,#912,#679,.T.);
#1153=EDGE_CURVE('',#913,#913,#680,.T.);
#1154=EDGE_CURVE('',#913,#911,#156,.T.);
#1155=EDGE_CURVE('',#912,#889,#157,.T.);
#1156=EDGE_CURVE('',#914,#914,#681,.T.);
#1157=EDGE_CURVE('',#915,#915,#682,.T.);
#1158=EDGE_CURVE('',#916,#916,#683,.T.);
#1159=EDGE_CURVE('',#916,#914,#158,.T.);
#1160=EDGE_CURVE('',#915,#896,#159,.T.);
#1161=EDGE_CURVE('',#917,#917,#684,.T.);
#1162=EDGE_CURVE('',#918,#918,#685,.T.);
#1163=EDGE_CURVE('',#919,#919,#686,.T.);
#1164=EDGE_CURVE('',#919,#917,#160,.T.);
#1165=EDGE_CURVE('',#918,#910,#161,.T.);
#1166=EDGE_CURVE('',#920,#920,#687,.T.);
#1167=EDGE_CURVE('',#921,#921,#688,.T.);
#1168=EDGE_CURVE('',#922,#922,#689,.T.);
#1169=EDGE_CURVE('',#922,#920,#162,.T.);
#1170=EDGE_CURVE('',#921,#903,#163,.T.);
#1171=EDGE_CURVE('',#880,#923,#164,.T.);
#1172=EDGE_CURVE('',#923,#924,#165,.T.);
#1173=EDGE_CURVE('',#881,#924,#166,.T.);
#1174=EDGE_CURVE('',#924,#925,#167,.T.);
#1175=EDGE_CURVE('',#882,#925,#168,.T.);
#1176=EDGE_CURVE('',#925,#926,#169,.T.);
#1177=EDGE_CURVE('',#877,#926,#170,.T.);
#1178=EDGE_CURVE('',#926,#927,#171,.T.);
#1179=EDGE_CURVE('',#878,#927,#172,.T.);
#1180=EDGE_CURVE('',#879,#928,#173,.T.);
#1181=EDGE_CURVE('',#928,#923,#174,.T.);
#1182=EDGE_CURVE('',#927,#928,#175,.T.);
#1183=EDGE_CURVE('',#929,#929,#690,.T.);
#1184=EDGE_CURVE('',#930,#931,#766,.T.);
#1185=EDGE_CURVE('',#931,#930,#767,.T.);
#1186=EDGE_CURVE('',#931,#932,#176,.T.);
#1187=EDGE_CURVE('',#932,#932,#691,.T.);
#1188=EDGE_CURVE('',#933,#933,#692,.T.);
#1189=EDGE_CURVE('',#933,#934,#177,.T.);
#1190=EDGE_CURVE('',#934,#934,#15,.T.);
#1191=EDGE_CURVE('',#935,#935,#16,.T.);
#1192=EDGE_CURVE('',#935,#929,#178,.T.);
#1193=EDGE_CURVE('',#818,#936,#693,.T.);
#1194=EDGE_CURVE('',#936,#937,#768,.T.);
#1195=EDGE_CURVE('',#937,#820,#694,.T.);
#1196=EDGE_CURVE('',#937,#938,#769,.T.);
#1197=EDGE_CURVE('',#938,#834,#695,.T.);
#1198=EDGE_CURVE('',#816,#939,#696,.T.);
#1199=EDGE_CURVE('',#939,#940,#770,.T.);
#1200=EDGE_CURVE('',#940,#941,#771,.T.);
#1201=EDGE_CURVE('',#942,#941,#772,.F.);
#1202=EDGE_CURVE('',#942,#943,#773,.T.);
#1203=EDGE_CURVE('',#943,#936,#774,.T.);
#1204=EDGE_CURVE('',#938,#944,#775,.T.);
#1205=EDGE_CURVE('',#944,#839,#697,.T.);
#1206=EDGE_CURVE('',#876,#939,#776,.T.);
#1207=EDGE_CURVE('',#944,#945,#777,.T.);
#1208=EDGE_CURVE('',#946,#945,#778,.F.);
#1209=EDGE_CURVE('',#946,#947,#779,.T.);
#1210=EDGE_CURVE('',#948,#947,#780,.F.);
#1211=EDGE_CURVE('',#948,#949,#781,.T.);
#1212=EDGE_CURVE('',#949,#841,#698,.T.);
#1213=EDGE_CURVE('',#949,#875,#782,.T.);
#1214=EDGE_CURVE('',#950,#944,#179,.T.);
#1215=EDGE_CURVE('',#951,#950,#180,.F.);
#1216=EDGE_CURVE('',#951,#945,#181,.T.);
#1217=EDGE_CURVE('',#948,#952,#182,.T.);
#1218=EDGE_CURVE('',#953,#952,#183,.F.);
#1219=EDGE_CURVE('',#949,#953,#184,.T.);
#1220=EDGE_CURVE('',#938,#954,#185,.T.);
#1221=EDGE_CURVE('',#954,#950,#699,.T.);
#1222=EDGE_CURVE('',#955,#937,#186,.T.);
#1223=EDGE_CURVE('',#954,#955,#187,.F.);
#1224=EDGE_CURVE('',#943,#956,#188,.T.);
#1225=EDGE_CURVE('',#957,#956,#189,.F.);
#1226=EDGE_CURVE('',#936,#957,#190,.T.);
#1227=EDGE_CURVE('',#957,#955,#700,.T.);
#1228=EDGE_CURVE('',#956,#951,#191,.T.);
#1229=EDGE_CURVE('',#876,#958,#192,.T.);
#1230=EDGE_CURVE('',#958,#959,#701,.T.);
#1231=EDGE_CURVE('',#959,#939,#193,.T.);
#1232=EDGE_CURVE('',#958,#960,#194,.F.);
#1233=EDGE_CURVE('',#953,#960,#702,.T.);
#1234=EDGE_CURVE('',#952,#961,#195,.T.);
#1235=EDGE_CURVE('',#961,#959,#196,.F.);
#1236=EDGE_CURVE('',#960,#875,#197,.T.);
#1237=EDGE_CURVE('',#961,#940,#198,.T.);
#1238=EDGE_CURVE('',#941,#947,#199,.T.);
#1239=EDGE_CURVE('',#942,#946,#200,.T.);
#1240=ORIENTED_EDGE('',*,*,#962,.T.);
#1241=ORIENTED_EDGE('',*,*,#963,.T.);
#1242=ORIENTED_EDGE('',*,*,#964,.T.);
#1243=ORIENTED_EDGE('',*,*,#965,.T.);
#1244=ORIENTED_EDGE('',*,*,#966,.T.);
#1245=ORIENTED_EDGE('',*,*,#967,.T.);
#1246=ORIENTED_EDGE('',*,*,#964,.F.);
#1247=ORIENTED_EDGE('',*,*,#968,.T.);
#1248=ORIENTED_EDGE('',*,*,#969,.T.);
#1249=ORIENTED_EDGE('',*,*,#970,.T.);
#1250=ORIENTED_EDGE('',*,*,#966,.F.);
#1251=ORIENTED_EDGE('',*,*,#971,.T.);
#1252=ORIENTED_EDGE('',*,*,#972,.T.);
#1253=ORIENTED_EDGE('',*,*,#973,.T.);
#1254=ORIENTED_EDGE('',*,*,#969,.F.);
#1255=ORIENTED_EDGE('',*,*,#974,.T.);
#1256=ORIENTED_EDGE('',*,*,#975,.T.);
#1257=ORIENTED_EDGE('',*,*,#976,.T.);
#1258=ORIENTED_EDGE('',*,*,#972,.F.);
#1259=ORIENTED_EDGE('',*,*,#977,.T.);
#1260=ORIENTED_EDGE('',*,*,#977,.F.);
#1261=ORIENTED_EDGE('',*,*,#974,.F.);
#1262=ORIENTED_EDGE('',*,*,#978,.T.);
#1263=ORIENTED_EDGE('',*,*,#979,.T.);
#1264=ORIENTED_EDGE('',*,*,#971,.F.);
#1265=ORIENTED_EDGE('',*,*,#980,.T.);
#1266=ORIENTED_EDGE('',*,*,#981,.T.);
#1267=ORIENTED_EDGE('',*,*,#978,.F.);
#1268=ORIENTED_EDGE('',*,*,#968,.F.);
#1269=ORIENTED_EDGE('',*,*,#963,.F.);
#1270=ORIENTED_EDGE('',*,*,#982,.T.);
#1271=ORIENTED_EDGE('',*,*,#980,.F.);
#1272=ORIENTED_EDGE('',*,*,#983,.T.);
#1273=ORIENTED_EDGE('',*,*,#984,.T.);
#1274=ORIENTED_EDGE('',*,*,#985,.T.);
#1275=ORIENTED_EDGE('',*,*,#986,.T.);
#1276=ORIENTED_EDGE('',*,*,#987,.T.);
#1277=ORIENTED_EDGE('',*,*,#988,.T.);
#1278=ORIENTED_EDGE('',*,*,#985,.F.);
#1279=ORIENTED_EDGE('',*,*,#989,.T.);
#1280=ORIENTED_EDGE('',*,*,#990,.T.);
#1281=ORIENTED_EDGE('',*,*,#991,.T.);
#1282=ORIENTED_EDGE('',*,*,#987,.F.);
#1283=ORIENTED_EDGE('',*,*,#992,.T.);
#1284=ORIENTED_EDGE('',*,*,#993,.T.);
#1285=ORIENTED_EDGE('',*,*,#994,.T.);
#1286=ORIENTED_EDGE('',*,*,#990,.F.);
#1287=ORIENTED_EDGE('',*,*,#995,.T.);
#1288=ORIENTED_EDGE('',*,*,#996,.T.);
#1289=ORIENTED_EDGE('',*,*,#997,.T.);
#1290=ORIENTED_EDGE('',*,*,#993,.F.);
#1291=ORIENTED_EDGE('',*,*,#998,.T.);
#1292=ORIENTED_EDGE('',*,*,#998,.F.);
#1293=ORIENTED_EDGE('',*,*,#995,.F.);
#1294=ORIENTED_EDGE('',*,*,#999,.T.);
#1295=ORIENTED_EDGE('',*,*,#1000,.T.);
#1296=ORIENTED_EDGE('',*,*,#992,.F.);
#1297=ORIENTED_EDGE('',*,*,#1001,.T.);
#1298=ORIENTED_EDGE('',*,*,#1002,.T.);
#1299=ORIENTED_EDGE('',*,*,#999,.F.);
#1300=ORIENTED_EDGE('',*,*,#989,.F.);
#1301=ORIENTED_EDGE('',*,*,#984,.F.);
#1302=ORIENTED_EDGE('',*,*,#1003,.T.);
#1303=ORIENTED_EDGE('',*,*,#1001,.F.);
#1304=ORIENTED_EDGE('',*,*,#986,.F.);
#1305=ORIENTED_EDGE('',*,*,#1004,.T.);
#1306=ORIENTED_EDGE('',*,*,#1005,.T.);
#1307=ORIENTED_EDGE('',*,*,#1006,.T.);
#1308=ORIENTED_EDGE('',*,*,#1007,.T.);
#1309=ORIENTED_EDGE('',*,*,#1008,.T.);
#1310=ORIENTED_EDGE('',*,*,#1009,.F.);
#1311=ORIENTED_EDGE('',*,*,#1010,.T.);
#1312=ORIENTED_EDGE('',*,*,#1011,.T.);
#1313=ORIENTED_EDGE('',*,*,#1005,.F.);
#1314=ORIENTED_EDGE('',*,*,#1012,.T.);
#1315=ORIENTED_EDGE('',*,*,#1013,.T.);
#1316=ORIENTED_EDGE('',*,*,#1014,.T.);
#1317=ORIENTED_EDGE('',*,*,#1010,.F.);
#1318=ORIENTED_EDGE('',*,*,#1015,.T.);
#1319=ORIENTED_EDGE('',*,*,#1016,.T.);
#1320=ORIENTED_EDGE('',*,*,#1017,.T.);
#1321=ORIENTED_EDGE('',*,*,#1013,.F.);
#1322=ORIENTED_EDGE('',*,*,#1018,.T.);
#1323=ORIENTED_EDGE('',*,*,#1019,.F.);
#1324=ORIENTED_EDGE('',*,*,#1020,.T.);
#1325=ORIENTED_EDGE('',*,*,#1021,.T.);
#1326=ORIENTED_EDGE('',*,*,#1022,.T.);
#1327=ORIENTED_EDGE('',*,*,#1016,.F.);
#1328=ORIENTED_EDGE('',*,*,#1023,.T.);
#1329=ORIENTED_EDGE('',*,*,#976,.F.);
#1330=ORIENTED_EDGE('',*,*,#1008,.F.);
#1331=ORIENTED_EDGE('',*,*,#1024,.T.);
#1332=ORIENTED_EDGE('',*,*,#1025,.T.);
#1333=ORIENTED_EDGE('',*,*,#1026,.T.);
#1334=ORIENTED_EDGE('',*,*,#1027,.F.);
#1335=ORIENTED_EDGE('',*,*,#1028,.T.);
#1336=ORIENTED_EDGE('',*,*,#996,.F.);
#1337=ORIENTED_EDGE('',*,*,#1000,.F.);
#1338=ORIENTED_EDGE('',*,*,#1002,.F.);
#1339=ORIENTED_EDGE('',*,*,#1003,.F.);
#1340=ORIENTED_EDGE('',*,*,#983,.F.);
#1341=ORIENTED_EDGE('',*,*,#1009,.T.);
#1342=ORIENTED_EDGE('',*,*,#1007,.F.);
#1343=ORIENTED_EDGE('',*,*,#1029,.F.);
#1344=ORIENTED_EDGE('',*,*,#1030,.F.);
#1345=ORIENTED_EDGE('',*,*,#1031,.F.);
#1346=ORIENTED_EDGE('',*,*,#1024,.F.);
#1347=ORIENTED_EDGE('',*,*,#1006,.F.);
#1348=ORIENTED_EDGE('',*,*,#1011,.F.);
#1349=ORIENTED_EDGE('',*,*,#1014,.F.);
#1350=ORIENTED_EDGE('',*,*,#1017,.F.);
#1351=ORIENTED_EDGE('',*,*,#1022,.F.);
#1352=ORIENTED_EDGE('',*,*,#1032,.T.);
#1353=ORIENTED_EDGE('',*,*,#1033,.F.);
#1354=ORIENTED_EDGE('',*,*,#1029,.T.);
#1355=ORIENTED_EDGE('',*,*,#1021,.F.);
#1356=ORIENTED_EDGE('',*,*,#1034,.F.);
#1357=ORIENTED_EDGE('',*,*,#1035,.T.);
#1358=ORIENTED_EDGE('',*,*,#1036,.F.);
#1359=ORIENTED_EDGE('',*,*,#1032,.F.);
#1360=ORIENTED_EDGE('',*,*,#965,.F.);
#1361=ORIENTED_EDGE('',*,*,#1037,.T.);
#1362=ORIENTED_EDGE('',*,*,#1038,.T.);
#1363=ORIENTED_EDGE('',*,*,#1039,.T.);
#1364=ORIENTED_EDGE('',*,*,#1040,.T.);
#1365=ORIENTED_EDGE('',*,*,#1041,.T.);
#1366=ORIENTED_EDGE('',*,*,#1042,.F.);
#1367=ORIENTED_EDGE('',*,*,#1043,.T.);
#1368=ORIENTED_EDGE('',*,*,#1044,.T.);
#1369=ORIENTED_EDGE('',*,*,#1038,.F.);
#1370=ORIENTED_EDGE('',*,*,#1045,.T.);
#1371=ORIENTED_EDGE('',*,*,#1046,.T.);
#1372=ORIENTED_EDGE('',*,*,#1047,.T.);
#1373=ORIENTED_EDGE('',*,*,#1043,.F.);
#1374=ORIENTED_EDGE('',*,*,#1048,.T.);
#1375=ORIENTED_EDGE('',*,*,#1049,.T.);
#1376=ORIENTED_EDGE('',*,*,#1050,.T.);
#1377=ORIENTED_EDGE('',*,*,#1046,.F.);
#1378=ORIENTED_EDGE('',*,*,#1051,.T.);
#1379=ORIENTED_EDGE('',*,*,#1028,.F.);
#1380=ORIENTED_EDGE('',*,*,#1027,.T.);
#1381=ORIENTED_EDGE('',*,*,#1052,.T.);
#1382=ORIENTED_EDGE('',*,*,#1053,.T.);
#1383=ORIENTED_EDGE('',*,*,#1049,.F.);
#1384=ORIENTED_EDGE('',*,*,#1054,.T.);
#1385=ORIENTED_EDGE('',*,*,#997,.F.);
#1386=ORIENTED_EDGE('',*,*,#1039,.F.);
#1387=ORIENTED_EDGE('',*,*,#1044,.F.);
#1388=ORIENTED_EDGE('',*,*,#1047,.F.);
#1389=ORIENTED_EDGE('',*,*,#1050,.F.);
#1390=ORIENTED_EDGE('',*,*,#1053,.F.);
#1391=ORIENTED_EDGE('',*,*,#1055,.T.);
#1392=ORIENTED_EDGE('',*,*,#1056,.F.);
#1393=ORIENTED_EDGE('',*,*,#1057,.T.);
#1394=ORIENTED_EDGE('',*,*,#1052,.F.);
#1395=ORIENTED_EDGE('',*,*,#1026,.F.);
#1396=ORIENTED_EDGE('',*,*,#1058,.T.);
#1397=ORIENTED_EDGE('',*,*,#1059,.F.);
#1398=ORIENTED_EDGE('',*,*,#1055,.F.);
#1399=ORIENTED_EDGE('',*,*,#1060,.F.);
#1400=ORIENTED_EDGE('',*,*,#1058,.F.);
#1401=ORIENTED_EDGE('',*,*,#1025,.F.);
#1402=ORIENTED_EDGE('',*,*,#1031,.T.);
#1403=ORIENTED_EDGE('',*,*,#1040,.F.);
#1404=ORIENTED_EDGE('',*,*,#1057,.F.);
#1405=ORIENTED_EDGE('',*,*,#1061,.F.);
#1406=ORIENTED_EDGE('',*,*,#1062,.F.);
#1407=ORIENTED_EDGE('',*,*,#1063,.F.);
#1408=ORIENTED_EDGE('',*,*,#1064,.F.);
#1409=ORIENTED_EDGE('',*,*,#1035,.F.);
#1410=ORIENTED_EDGE('',*,*,#1065,.F.);
#1411=ORIENTED_EDGE('',*,*,#1062,.T.);
#1412=ORIENTED_EDGE('',*,*,#1059,.T.);
#1413=ORIENTED_EDGE('',*,*,#1060,.T.);
#1414=ORIENTED_EDGE('',*,*,#1030,.T.);
#1415=ORIENTED_EDGE('',*,*,#1033,.T.);
#1416=ORIENTED_EDGE('',*,*,#1036,.T.);
#1417=ORIENTED_EDGE('',*,*,#1064,.T.);
#1418=ORIENTED_EDGE('',*,*,#1061,.T.);
#1419=ORIENTED_EDGE('',*,*,#1056,.T.);
#1420=ORIENTED_EDGE('',*,*,#1066,.T.);
#1421=ORIENTED_EDGE('',*,*,#1067,.T.);
#1422=ORIENTED_EDGE('',*,*,#1068,.T.);
#1423=ORIENTED_EDGE('',*,*,#1069,.T.);
#1424=ORIENTED_EDGE('',*,*,#1070,.T.);
#1425=ORIENTED_EDGE('',*,*,#1071,.T.);
#1426=ORIENTED_EDGE('',*,*,#1072,.T.);
#1427=ORIENTED_EDGE('',*,*,#1073,.T.);
#1428=ORIENTED_EDGE('',*,*,#1074,.T.);
#1429=ORIENTED_EDGE('',*,*,#1075,.T.);
#1430=ORIENTED_EDGE('',*,*,#1076,.T.);
#1431=ORIENTED_EDGE('',*,*,#1077,.T.);
#1432=ORIENTED_EDGE('',*,*,#1078,.T.);
#1433=ORIENTED_EDGE('',*,*,#1079,.T.);
#1434=ORIENTED_EDGE('',*,*,#1080,.T.);
#1435=ORIENTED_EDGE('',*,*,#1081,.T.);
#1436=ORIENTED_EDGE('',*,*,#1082,.T.);
#1437=ORIENTED_EDGE('',*,*,#1083,.T.);
#1438=ORIENTED_EDGE('',*,*,#1084,.T.);
#1439=ORIENTED_EDGE('',*,*,#1085,.T.);
#1440=ORIENTED_EDGE('',*,*,#1086,.T.);
#1441=ORIENTED_EDGE('',*,*,#1087,.T.);
#1442=ORIENTED_EDGE('',*,*,#1088,.T.);
#1443=ORIENTED_EDGE('',*,*,#1089,.T.);
#1444=ORIENTED_EDGE('',*,*,#1020,.F.);
#1445=ORIENTED_EDGE('',*,*,#1019,.T.);
#1446=ORIENTED_EDGE('',*,*,#975,.F.);
#1447=ORIENTED_EDGE('',*,*,#979,.F.);
#1448=ORIENTED_EDGE('',*,*,#981,.F.);
#1449=ORIENTED_EDGE('',*,*,#982,.F.);
#1450=ORIENTED_EDGE('',*,*,#962,.F.);
#1451=ORIENTED_EDGE('',*,*,#1042,.T.);
#1452=ORIENTED_EDGE('',*,*,#1041,.F.);
#1453=ORIENTED_EDGE('',*,*,#1063,.T.);
#1454=ORIENTED_EDGE('',*,*,#1065,.T.);
#1455=ORIENTED_EDGE('',*,*,#1034,.T.);
#1456=ORIENTED_EDGE('',*,*,#994,.F.);
#1457=ORIENTED_EDGE('',*,*,#1054,.F.);
#1458=ORIENTED_EDGE('',*,*,#1090,.T.);
#1459=ORIENTED_EDGE('',*,*,#1091,.T.);
#1460=ORIENTED_EDGE('',*,*,#1092,.F.);
#1461=ORIENTED_EDGE('',*,*,#1004,.F.);
#1462=ORIENTED_EDGE('',*,*,#988,.F.);
#1463=ORIENTED_EDGE('',*,*,#991,.F.);
#1464=ORIENTED_EDGE('',*,*,#1093,.T.);
#1465=ORIENTED_EDGE('',*,*,#1094,.T.);
#1466=ORIENTED_EDGE('',*,*,#1095,.T.);
#1467=ORIENTED_EDGE('',*,*,#1096,.T.);
#1468=ORIENTED_EDGE('',*,*,#1097,.T.);
#1469=ORIENTED_EDGE('',*,*,#1098,.T.);
#1470=ORIENTED_EDGE('',*,*,#1099,.F.);
#1471=ORIENTED_EDGE('',*,*,#1100,.F.);
#1472=ORIENTED_EDGE('',*,*,#1101,.F.);
#1473=ORIENTED_EDGE('',*,*,#1102,.F.);
#1474=ORIENTED_EDGE('',*,*,#1103,.F.);
#1475=ORIENTED_EDGE('',*,*,#1104,.F.);
#1476=ORIENTED_EDGE('',*,*,#1105,.F.);
#1477=ORIENTED_EDGE('',*,*,#1106,.T.);
#1478=ORIENTED_EDGE('',*,*,#1104,.T.);
#1479=ORIENTED_EDGE('',*,*,#1107,.F.);
#1480=ORIENTED_EDGE('',*,*,#1084,.F.);
#1481=ORIENTED_EDGE('',*,*,#1107,.T.);
#1482=ORIENTED_EDGE('',*,*,#1103,.T.);
#1483=ORIENTED_EDGE('',*,*,#1108,.F.);
#1484=ORIENTED_EDGE('',*,*,#1085,.F.);
#1485=ORIENTED_EDGE('',*,*,#1108,.T.);
#1486=ORIENTED_EDGE('',*,*,#1102,.T.);
#1487=ORIENTED_EDGE('',*,*,#1109,.F.);
#1488=ORIENTED_EDGE('',*,*,#1086,.F.);
#1489=ORIENTED_EDGE('',*,*,#1109,.T.);
#1490=ORIENTED_EDGE('',*,*,#1101,.T.);
#1491=ORIENTED_EDGE('',*,*,#1110,.F.);
#1492=ORIENTED_EDGE('',*,*,#1087,.F.);
#1493=ORIENTED_EDGE('',*,*,#1110,.T.);
#1494=ORIENTED_EDGE('',*,*,#1100,.T.);
#1495=ORIENTED_EDGE('',*,*,#1111,.T.);
#1496=ORIENTED_EDGE('',*,*,#1088,.F.);
#1497=ORIENTED_EDGE('',*,*,#1111,.F.);
#1498=ORIENTED_EDGE('',*,*,#1099,.T.);
#1499=ORIENTED_EDGE('',*,*,#1106,.F.);
#1500=ORIENTED_EDGE('',*,*,#1089,.F.);
#1501=ORIENTED_EDGE('',*,*,#1112,.F.);
#1502=ORIENTED_EDGE('',*,*,#1113,.F.);
#1503=ORIENTED_EDGE('',*,*,#1114,.F.);
#1504=ORIENTED_EDGE('',*,*,#1115,.F.);
#1505=ORIENTED_EDGE('',*,*,#1116,.F.);
#1506=ORIENTED_EDGE('',*,*,#1117,.F.);
#1507=ORIENTED_EDGE('',*,*,#1118,.F.);
#1508=ORIENTED_EDGE('',*,*,#1119,.T.);
#1509=ORIENTED_EDGE('',*,*,#1117,.T.);
#1510=ORIENTED_EDGE('',*,*,#1120,.F.);
#1511=ORIENTED_EDGE('',*,*,#1078,.F.);
#1512=ORIENTED_EDGE('',*,*,#1120,.T.);
#1513=ORIENTED_EDGE('',*,*,#1116,.T.);
#1514=ORIENTED_EDGE('',*,*,#1121,.F.);
#1515=ORIENTED_EDGE('',*,*,#1079,.F.);
#1516=ORIENTED_EDGE('',*,*,#1121,.T.);
#1517=ORIENTED_EDGE('',*,*,#1115,.T.);
#1518=ORIENTED_EDGE('',*,*,#1122,.F.);
#1519=ORIENTED_EDGE('',*,*,#1080,.F.);
#1520=ORIENTED_EDGE('',*,*,#1122,.T.);
#1521=ORIENTED_EDGE('',*,*,#1114,.T.);
#1522=ORIENTED_EDGE('',*,*,#1123,.F.);
#1523=ORIENTED_EDGE('',*,*,#1081,.F.);
#1524=ORIENTED_EDGE('',*,*,#1123,.T.);
#1525=ORIENTED_EDGE('',*,*,#1113,.T.);
#1526=ORIENTED_EDGE('',*,*,#1124,.T.);
#1527=ORIENTED_EDGE('',*,*,#1082,.F.);
#1528=ORIENTED_EDGE('',*,*,#1124,.F.);
#1529=ORIENTED_EDGE('',*,*,#1112,.T.);
#1530=ORIENTED_EDGE('',*,*,#1119,.F.);
#1531=ORIENTED_EDGE('',*,*,#1083,.F.);
#1532=ORIENTED_EDGE('',*,*,#1125,.F.);
#1533=ORIENTED_EDGE('',*,*,#1126,.F.);
#1534=ORIENTED_EDGE('',*,*,#1127,.F.);
#1535=ORIENTED_EDGE('',*,*,#1128,.F.);
#1536=ORIENTED_EDGE('',*,*,#1129,.F.);
#1537=ORIENTED_EDGE('',*,*,#1130,.F.);
#1538=ORIENTED_EDGE('',*,*,#1131,.F.);
#1539=ORIENTED_EDGE('',*,*,#1132,.T.);
#1540=ORIENTED_EDGE('',*,*,#1130,.T.);
#1541=ORIENTED_EDGE('',*,*,#1133,.F.);
#1542=ORIENTED_EDGE('',*,*,#1072,.F.);
#1543=ORIENTED_EDGE('',*,*,#1133,.T.);
#1544=ORIENTED_EDGE('',*,*,#1129,.T.);
#1545=ORIENTED_EDGE('',*,*,#1134,.F.);
#1546=ORIENTED_EDGE('',*,*,#1073,.F.);
#1547=ORIENTED_EDGE('',*,*,#1134,.T.);
#1548=ORIENTED_EDGE('',*,*,#1128,.T.);
#1549=ORIENTED_EDGE('',*,*,#1135,.F.);
#1550=ORIENTED_EDGE('',*,*,#1074,.F.);
#1551=ORIENTED_EDGE('',*,*,#1135,.T.);
#1552=ORIENTED_EDGE('',*,*,#1127,.T.);
#1553=ORIENTED_EDGE('',*,*,#1136,.F.);
#1554=ORIENTED_EDGE('',*,*,#1075,.F.);
#1555=ORIENTED_EDGE('',*,*,#1136,.T.);
#1556=ORIENTED_EDGE('',*,*,#1126,.T.);
#1557=ORIENTED_EDGE('',*,*,#1137,.T.);
#1558=ORIENTED_EDGE('',*,*,#1076,.F.);
#1559=ORIENTED_EDGE('',*,*,#1137,.F.);
#1560=ORIENTED_EDGE('',*,*,#1125,.T.);
#1561=ORIENTED_EDGE('',*,*,#1132,.F.);
#1562=ORIENTED_EDGE('',*,*,#1077,.F.);
#1563=ORIENTED_EDGE('',*,*,#1138,.F.);
#1564=ORIENTED_EDGE('',*,*,#1139,.F.);
#1565=ORIENTED_EDGE('',*,*,#1140,.F.);
#1566=ORIENTED_EDGE('',*,*,#1141,.F.);
#1567=ORIENTED_EDGE('',*,*,#1142,.F.);
#1568=ORIENTED_EDGE('',*,*,#1143,.F.);
#1569=ORIENTED_EDGE('',*,*,#1144,.F.);
#1570=ORIENTED_EDGE('',*,*,#1145,.T.);
#1571=ORIENTED_EDGE('',*,*,#1143,.T.);
#1572=ORIENTED_EDGE('',*,*,#1146,.F.);
#1573=ORIENTED_EDGE('',*,*,#1066,.F.);
#1574=ORIENTED_EDGE('',*,*,#1146,.T.);
#1575=ORIENTED_EDGE('',*,*,#1142,.T.);
#1576=ORIENTED_EDGE('',*,*,#1147,.F.);
#1577=ORIENTED_EDGE('',*,*,#1067,.F.);
#1578=ORIENTED_EDGE('',*,*,#1147,.T.);
#1579=ORIENTED_EDGE('',*,*,#1141,.T.);
#1580=ORIENTED_EDGE('',*,*,#1148,.F.);
#1581=ORIENTED_EDGE('',*,*,#1068,.F.);
#1582=ORIENTED_EDGE('',*,*,#1148,.T.);
#1583=ORIENTED_EDGE('',*,*,#1140,.T.);
#1584=ORIENTED_EDGE('',*,*,#1149,.F.);
#1585=ORIENTED_EDGE('',*,*,#1069,.F.);
#1586=ORIENTED_EDGE('',*,*,#1149,.T.);
#1587=ORIENTED_EDGE('',*,*,#1139,.T.);
#1588=ORIENTED_EDGE('',*,*,#1150,.T.);
#1589=ORIENTED_EDGE('',*,*,#1070,.F.);
#1590=ORIENTED_EDGE('',*,*,#1150,.F.);
#1591=ORIENTED_EDGE('',*,*,#1138,.T.);
#1592=ORIENTED_EDGE('',*,*,#1145,.F.);
#1593=ORIENTED_EDGE('',*,*,#1071,.F.);
#1594=ORIENTED_EDGE('',*,*,#1151,.F.);
#1595=ORIENTED_EDGE('',*,*,#1152,.T.);
#1596=ORIENTED_EDGE('',*,*,#1153,.F.);
#1597=ORIENTED_EDGE('',*,*,#1154,.T.);
#1598=ORIENTED_EDGE('',*,*,#1151,.T.);
#1599=ORIENTED_EDGE('',*,*,#1154,.F.);
#1600=ORIENTED_EDGE('',*,*,#1152,.F.);
#1601=ORIENTED_EDGE('',*,*,#1155,.T.);
#1602=ORIENTED_EDGE('',*,*,#1105,.T.);
#1603=ORIENTED_EDGE('',*,*,#1155,.F.);
#1604=ORIENTED_EDGE('',*,*,#1156,.F.);
#1605=ORIENTED_EDGE('',*,*,#1157,.T.);
#1606=ORIENTED_EDGE('',*,*,#1158,.F.);
#1607=ORIENTED_EDGE('',*,*,#1159,.T.);
#1608=ORIENTED_EDGE('',*,*,#1156,.T.);
#1609=ORIENTED_EDGE('',*,*,#1159,.F.);
#1610=ORIENTED_EDGE('',*,*,#1157,.F.);
#1611=ORIENTED_EDGE('',*,*,#1160,.T.);
#1612=ORIENTED_EDGE('',*,*,#1118,.T.);
#1613=ORIENTED_EDGE('',*,*,#1160,.F.);
#1614=ORIENTED_EDGE('',*,*,#1161,.F.);
#1615=ORIENTED_EDGE('',*,*,#1162,.T.);
#1616=ORIENTED_EDGE('',*,*,#1163,.F.);
#1617=ORIENTED_EDGE('',*,*,#1164,.T.);
#1618=ORIENTED_EDGE('',*,*,#1161,.T.);
#1619=ORIENTED_EDGE('',*,*,#1164,.F.);
#1620=ORIENTED_EDGE('',*,*,#1162,.F.);
#1621=ORIENTED_EDGE('',*,*,#1165,.T.);
#1622=ORIENTED_EDGE('',*,*,#1144,.T.);
#1623=ORIENTED_EDGE('',*,*,#1165,.F.);
#1624=ORIENTED_EDGE('',*,*,#1166,.F.);
#1625=ORIENTED_EDGE('',*,*,#1167,.T.);
#1626=ORIENTED_EDGE('',*,*,#1168,.F.);
#1627=ORIENTED_EDGE('',*,*,#1169,.T.);
#1628=ORIENTED_EDGE('',*,*,#1166,.T.);
#1629=ORIENTED_EDGE('',*,*,#1169,.F.);
#1630=ORIENTED_EDGE('',*,*,#1167,.F.);
#1631=ORIENTED_EDGE('',*,*,#1170,.T.);
#1632=ORIENTED_EDGE('',*,*,#1131,.T.);
#1633=ORIENTED_EDGE('',*,*,#1170,.F.);
#1634=ORIENTED_EDGE('',*,*,#1096,.F.);
#1635=ORIENTED_EDGE('',*,*,#1171,.T.);
#1636=ORIENTED_EDGE('',*,*,#1172,.T.);
#1637=ORIENTED_EDGE('',*,*,#1173,.F.);
#1638=ORIENTED_EDGE('',*,*,#1097,.F.);
#1639=ORIENTED_EDGE('',*,*,#1173,.T.);
#1640=ORIENTED_EDGE('',*,*,#1174,.T.);
#1641=ORIENTED_EDGE('',*,*,#1175,.F.);
#1642=ORIENTED_EDGE('',*,*,#1098,.F.);
#1643=ORIENTED_EDGE('',*,*,#1175,.T.);
#1644=ORIENTED_EDGE('',*,*,#1176,.T.);
#1645=ORIENTED_EDGE('',*,*,#1177,.F.);
#1646=ORIENTED_EDGE('',*,*,#1093,.F.);
#1647=ORIENTED_EDGE('',*,*,#1177,.T.);
#1648=ORIENTED_EDGE('',*,*,#1178,.T.);
#1649=ORIENTED_EDGE('',*,*,#1179,.F.);
#1650=ORIENTED_EDGE('',*,*,#1095,.F.);
#1651=ORIENTED_EDGE('',*,*,#1180,.T.);
#1652=ORIENTED_EDGE('',*,*,#1181,.T.);
#1653=ORIENTED_EDGE('',*,*,#1171,.F.);
#1654=ORIENTED_EDGE('',*,*,#1094,.F.);
#1655=ORIENTED_EDGE('',*,*,#1179,.T.);
#1656=ORIENTED_EDGE('',*,*,#1182,.T.);
#1657=ORIENTED_EDGE('',*,*,#1180,.F.);
#1658=ORIENTED_EDGE('',*,*,#1182,.F.);
#1659=ORIENTED_EDGE('',*,*,#1178,.F.);
#1660=ORIENTED_EDGE('',*,*,#1176,.F.);
#1661=ORIENTED_EDGE('',*,*,#1174,.F.);
#1662=ORIENTED_EDGE('',*,*,#1172,.F.);
#1663=ORIENTED_EDGE('',*,*,#1181,.F.);
#1664=ORIENTED_EDGE('',*,*,#1183,.F.);
#1665=ORIENTED_EDGE('',*,*,#1184,.F.);
#1666=ORIENTED_EDGE('',*,*,#1185,.F.);
#1667=ORIENTED_EDGE('',*,*,#1186,.T.);
#1668=ORIENTED_EDGE('',*,*,#1187,.T.);
#1669=ORIENTED_EDGE('',*,*,#1186,.F.);
#1670=ORIENTED_EDGE('',*,*,#1187,.F.);
#1671=ORIENTED_EDGE('',*,*,#1188,.F.);
#1672=ORIENTED_EDGE('',*,*,#1188,.T.);
#1673=ORIENTED_EDGE('',*,*,#1189,.T.);
#1674=ORIENTED_EDGE('',*,*,#1190,.F.);
#1675=ORIENTED_EDGE('',*,*,#1189,.F.);
#1676=ORIENTED_EDGE('',*,*,#1191,.F.);
#1677=ORIENTED_EDGE('',*,*,#1192,.T.);
#1678=ORIENTED_EDGE('',*,*,#1183,.T.);
#1679=ORIENTED_EDGE('',*,*,#1192,.F.);
#1680=ORIENTED_EDGE('',*,*,#1018,.F.);
#1681=ORIENTED_EDGE('',*,*,#1193,.T.);
#1682=ORIENTED_EDGE('',*,*,#1194,.T.);
#1683=ORIENTED_EDGE('',*,*,#1195,.T.);
#1684=ORIENTED_EDGE('',*,*,#973,.F.);
#1685=ORIENTED_EDGE('',*,*,#1023,.F.);
#1686=ORIENTED_EDGE('',*,*,#1195,.F.);
#1687=ORIENTED_EDGE('',*,*,#1196,.T.);
#1688=ORIENTED_EDGE('',*,*,#1197,.T.);
#1689=ORIENTED_EDGE('',*,*,#1037,.F.);
#1690=ORIENTED_EDGE('',*,*,#967,.F.);
#1691=ORIENTED_EDGE('',*,*,#970,.F.);
#1692=ORIENTED_EDGE('',*,*,#1184,.T.);
#1693=ORIENTED_EDGE('',*,*,#1185,.T.);
#1694=ORIENTED_EDGE('',*,*,#1015,.F.);
#1695=ORIENTED_EDGE('',*,*,#1198,.T.);
#1696=ORIENTED_EDGE('',*,*,#1199,.T.);
#1697=ORIENTED_EDGE('',*,*,#1200,.T.);
#1698=ORIENTED_EDGE('',*,*,#1201,.F.);
#1699=ORIENTED_EDGE('',*,*,#1202,.T.);
#1700=ORIENTED_EDGE('',*,*,#1203,.T.);
#1701=ORIENTED_EDGE('',*,*,#1193,.F.);
#1702=ORIENTED_EDGE('',*,*,#1045,.F.);
#1703=ORIENTED_EDGE('',*,*,#1197,.F.);
#1704=ORIENTED_EDGE('',*,*,#1204,.T.);
#1705=ORIENTED_EDGE('',*,*,#1205,.T.);
#1706=ORIENTED_EDGE('',*,*,#1012,.F.);
#1707=ORIENTED_EDGE('',*,*,#1092,.T.);
#1708=ORIENTED_EDGE('',*,*,#1206,.T.);
#1709=ORIENTED_EDGE('',*,*,#1198,.F.);
#1710=ORIENTED_EDGE('',*,*,#1048,.F.);
#1711=ORIENTED_EDGE('',*,*,#1205,.F.);
#1712=ORIENTED_EDGE('',*,*,#1207,.T.);
#1713=ORIENTED_EDGE('',*,*,#1208,.F.);
#1714=ORIENTED_EDGE('',*,*,#1209,.T.);
#1715=ORIENTED_EDGE('',*,*,#1210,.F.);
#1716=ORIENTED_EDGE('',*,*,#1211,.T.);
#1717=ORIENTED_EDGE('',*,*,#1212,.T.);
#1718=ORIENTED_EDGE('',*,*,#1051,.F.);
#1719=ORIENTED_EDGE('',*,*,#1212,.F.);
#1720=ORIENTED_EDGE('',*,*,#1213,.T.);
#1721=ORIENTED_EDGE('',*,*,#1090,.F.);
#1722=ORIENTED_EDGE('',*,*,#1207,.F.);
#1723=ORIENTED_EDGE('',*,*,#1214,.F.);
#1724=ORIENTED_EDGE('',*,*,#1215,.F.);
#1725=ORIENTED_EDGE('',*,*,#1216,.T.);
#1726=ORIENTED_EDGE('',*,*,#1211,.F.);
#1727=ORIENTED_EDGE('',*,*,#1217,.T.);
#1728=ORIENTED_EDGE('',*,*,#1218,.F.);
#1729=ORIENTED_EDGE('',*,*,#1219,.F.);
#1730=ORIENTED_EDGE('',*,*,#1204,.F.);
#1731=ORIENTED_EDGE('',*,*,#1220,.T.);
#1732=ORIENTED_EDGE('',*,*,#1221,.T.);
#1733=ORIENTED_EDGE('',*,*,#1214,.T.);
#1734=ORIENTED_EDGE('',*,*,#1196,.F.);
#1735=ORIENTED_EDGE('',*,*,#1222,.F.);
#1736=ORIENTED_EDGE('',*,*,#1223,.F.);
#1737=ORIENTED_EDGE('',*,*,#1220,.F.);
#1738=ORIENTED_EDGE('',*,*,#1203,.F.);
#1739=ORIENTED_EDGE('',*,*,#1224,.T.);
#1740=ORIENTED_EDGE('',*,*,#1225,.F.);
#1741=ORIENTED_EDGE('',*,*,#1226,.F.);
#1742=ORIENTED_EDGE('',*,*,#1194,.F.);
#1743=ORIENTED_EDGE('',*,*,#1226,.T.);
#1744=ORIENTED_EDGE('',*,*,#1227,.T.);
#1745=ORIENTED_EDGE('',*,*,#1222,.T.);
#1746=ORIENTED_EDGE('',*,*,#1221,.F.);
#1747=ORIENTED_EDGE('',*,*,#1223,.T.);
#1748=ORIENTED_EDGE('',*,*,#1227,.F.);
#1749=ORIENTED_EDGE('',*,*,#1225,.T.);
#1750=ORIENTED_EDGE('',*,*,#1228,.T.);
#1751=ORIENTED_EDGE('',*,*,#1215,.T.);
#1752=ORIENTED_EDGE('',*,*,#1153,.T.);
#1753=ORIENTED_EDGE('',*,*,#1163,.T.);
#1754=ORIENTED_EDGE('',*,*,#1206,.F.);
#1755=ORIENTED_EDGE('',*,*,#1229,.T.);
#1756=ORIENTED_EDGE('',*,*,#1230,.T.);
#1757=ORIENTED_EDGE('',*,*,#1231,.T.);
#1758=ORIENTED_EDGE('',*,*,#1230,.F.);
#1759=ORIENTED_EDGE('',*,*,#1232,.T.);
#1760=ORIENTED_EDGE('',*,*,#1233,.F.);
#1761=ORIENTED_EDGE('',*,*,#1218,.T.);
#1762=ORIENTED_EDGE('',*,*,#1234,.T.);
#1763=ORIENTED_EDGE('',*,*,#1235,.T.);
#1764=ORIENTED_EDGE('',*,*,#1158,.T.);
#1765=ORIENTED_EDGE('',*,*,#1168,.T.);
#1766=ORIENTED_EDGE('',*,*,#1091,.F.);
#1767=ORIENTED_EDGE('',*,*,#1236,.F.);
#1768=ORIENTED_EDGE('',*,*,#1232,.F.);
#1769=ORIENTED_EDGE('',*,*,#1229,.F.);
#1770=ORIENTED_EDGE('',*,*,#1213,.F.);
#1771=ORIENTED_EDGE('',*,*,#1219,.T.);
#1772=ORIENTED_EDGE('',*,*,#1233,.T.);
#1773=ORIENTED_EDGE('',*,*,#1236,.T.);
#1774=ORIENTED_EDGE('',*,*,#1237,.F.);
#1775=ORIENTED_EDGE('',*,*,#1234,.F.);
#1776=ORIENTED_EDGE('',*,*,#1217,.F.);
#1777=ORIENTED_EDGE('',*,*,#1210,.T.);
#1778=ORIENTED_EDGE('',*,*,#1238,.F.);
#1779=ORIENTED_EDGE('',*,*,#1200,.F.);
#1780=ORIENTED_EDGE('',*,*,#1191,.T.);
#1781=ORIENTED_EDGE('',*,*,#1238,.T.);
#1782=ORIENTED_EDGE('',*,*,#1209,.F.);
#1783=ORIENTED_EDGE('',*,*,#1239,.F.);
#1784=ORIENTED_EDGE('',*,*,#1201,.T.);
#1785=ORIENTED_EDGE('',*,*,#1239,.T.);
#1786=ORIENTED_EDGE('',*,*,#1208,.T.);
#1787=ORIENTED_EDGE('',*,*,#1216,.F.);
#1788=ORIENTED_EDGE('',*,*,#1228,.F.);
#1789=ORIENTED_EDGE('',*,*,#1224,.F.);
#1790=ORIENTED_EDGE('',*,*,#1202,.F.);
#1791=ORIENTED_EDGE('',*,*,#1190,.T.);
#1792=ORIENTED_EDGE('',*,*,#1199,.F.);
#1793=ORIENTED_EDGE('',*,*,#1231,.F.);
#1794=ORIENTED_EDGE('',*,*,#1235,.F.);
#1795=ORIENTED_EDGE('',*,*,#1237,.T.);
#1796=B_SPLINE_SURFACE_WITH_KNOTS('',3,3,((#2513,#2514,#2515,#2516),(#2517,
#2518,#2519,#2520),(#2521,#2522,#2523,#2524),(#2525,#2526,#2527,#2528),
(#2529,#2530,#2531,#2532),(#2533,#2534,#2535,#2536)),.UNSPECIFIED.,.F.,
 .F.,.F.,(4,1,1,4),(4,4),(0.,0.285714285714286,0.571428571428571,1.),(0.22173231772957,
0.328875418429873),.UNSPECIFIED.);
#1797=B_SPLINE_SURFACE_WITH_KNOTS('',3,3,((#2562,#2563,#2564,#2565),(#2566,
#2567,#2568,#2569),(#2570,#2571,#2572,#2573),(#2574,#2575,#2576,#2577),
(#2578,#2579,#2580,#2581)),.UNSPECIFIED.,.F.,.F.,.F.,(4,1,4),(4,4),(0.,
0.5,1.),(1.21338819153474E-15,0.733337967450646),.UNSPECIFIED.);
#1798=B_SPLINE_SURFACE_WITH_KNOTS('',3,3,((#2593,#2594,#2595,#2596,#2597,
#2598,#2599,#2600,#2601,#2602,#2603,#2604,#2605,#2606,#2607,#2608),(#2609,
#2610,#2611,#2612,#2613,#2614,#2615,#2616,#2617,#2618,#2619,#2620,#2621,
#2622,#2623,#2624),(#2625,#2626,#2627,#2628,#2629,#2630,#2631,#2632,#2633,
#2634,#2635,#2636,#2637,#2638,#2639,#2640),(#2641,#2642,#2643,#2644,#2645,
#2646,#2647,#2648,#2649,#2650,#2651,#2652,#2653,#2654,#2655,#2656),(#2657,
#2658,#2659,#2660,#2661,#2662,#2663,#2664,#2665,#2666,#2667,#2668,#2669,
#2670,#2671,#2672)),.UNSPECIFIED.,.F.,.F.,.F.,(4,1,4),(4,1,1,1,1,1,1,1,
1,1,1,1,1,4),(0.,0.5,1.),(0.,0.325404003824351,0.650808007648702,0.732159008604789,
0.813510009560877,0.894861010516965,0.935536510995008,0.976212011473052,
1.13891401338523,1.22026501434132,1.3016160152974,1.62702001912175,1.9524240229461,
2.27782802677046),.UNSPECIFIED.);
#1799=B_SPLINE_SURFACE_WITH_KNOTS('',3,3,((#2708,#2709,#2710,#2711),(#2712,
#2713,#2714,#2715),(#2716,#2717,#2718,#2719),(#2720,#2721,#2722,#2723),
(#2724,#2725,#2726,#2727)),.UNSPECIFIED.,.F.,.F.,.F.,(4,1,4),(4,4),(0.,
0.5,1.),(1.33453739201238E-15,0.733337967450647),.UNSPECIFIED.);
#1800=B_SPLINE_SURFACE_WITH_KNOTS('',3,3,((#2739,#2740,#2741,#2742),(#2743,
#2744,#2745,#2746),(#2747,#2748,#2749,#2750),(#2751,#2752,#2753,#2754),
(#2755,#2756,#2757,#2758),(#2759,#2760,#2761,#2762)),.UNSPECIFIED.,.F.,
 .F.,.F.,(4,1,1,4),(4,4),(0.,0.285714285714286,0.571428571428571,1.),(0.,
0.107221887971594),.UNSPECIFIED.);
#1801=B_SPLINE_SURFACE_WITH_KNOTS('',3,3,((#2795,#2796,#2797,#2798),(#2799,
#2800,#2801,#2802),(#2803,#2804,#2805,#2806),(#2807,#2808,#2809,#2810),
(#2811,#2812,#2813,#2814),(#2815,#2816,#2817,#2818)),.UNSPECIFIED.,.F.,
 .F.,.F.,(4,1,1,4),(4,4),(0.,0.285714285714286,0.571428571428571,1.),(0.221732317729684,
0.328875418429872),.UNSPECIFIED.);
#1802=B_SPLINE_SURFACE_WITH_KNOTS('',3,3,((#2844,#2845,#2846,#2847),(#2848,
#2849,#2850,#2851),(#2852,#2853,#2854,#2855),(#2856,#2857,#2858,#2859),
(#2860,#2861,#2862,#2863)),.UNSPECIFIED.,.F.,.F.,.F.,(4,1,4),(4,4),(0.,
0.5,1.),(0.,0.733337967450644),.UNSPECIFIED.);
#1803=B_SPLINE_SURFACE_WITH_KNOTS('',3,3,((#2875,#2876,#2877,#2878,#2879,
#2880,#2881,#2882,#2883,#2884,#2885,#2886,#2887,#2888,#2889,#2890),(#2891,
#2892,#2893,#2894,#2895,#2896,#2897,#2898,#2899,#2900,#2901,#2902,#2903,
#2904,#2905,#2906),(#2907,#2908,#2909,#2910,#2911,#2912,#2913,#2914,#2915,
#2916,#2917,#2918,#2919,#2920,#2921,#2922),(#2923,#2924,#2925,#2926,#2927,
#2928,#2929,#2930,#2931,#2932,#2933,#2934,#2935,#2936,#2937,#2938),(#2939,
#2940,#2941,#2942,#2943,#2944,#2945,#2946,#2947,#2948,#2949,#2950,#2951,
#2952,#2953,#2954)),.UNSPECIFIED.,.F.,.F.,.F.,(4,1,4),(4,1,1,1,1,1,1,1,
1,1,1,1,1,4),(0.,0.5,1.),(0.,0.325404017642689,0.569457030874706,0.650808035285379,
0.813510044106723,0.894861048517396,0.935536550722732,0.976212052928068,
1.13891406174941,1.30161607057076,1.4643180793921,1.62702008821345,1.95242410585614,
2.27782812349883),.UNSPECIFIED.);
#1804=B_SPLINE_SURFACE_WITH_KNOTS('',3,3,((#2990,#2991,#2992,#2993),(#2994,
#2995,#2996,#2997),(#2998,#2999,#3000,#3001),(#3002,#3003,#3004,#3005),
(#3006,#3007,#3008,#3009)),.UNSPECIFIED.,.F.,.F.,.F.,(4,1,4),(4,4),(0.,
0.5,1.),(6.53275849992459E-16,0.733337967450644),.UNSPECIFIED.);
#1805=B_SPLINE_SURFACE_WITH_KNOTS('',3,3,((#3021,#3022,#3023,#3024),(#3025,
#3026,#3027,#3028),(#3029,#3030,#3031,#3032),(#3033,#3034,#3035,#3036),
(#3037,#3038,#3039,#3040),(#3041,#3042,#3043,#3044)),.UNSPECIFIED.,.F.,
 .F.,.F.,(4,1,1,4),(4,4),(0.,0.285714285714286,0.571428571428571,1.),(8.5861874952799E-17,
0.107221887971609),.UNSPECIFIED.);
#1806=B_SPLINE_SURFACE_WITH_KNOTS('',3,3,((#3077,#3078,#3079,#3080),(#3081,
#3082,#3083,#3084),(#3085,#3086,#3087,#3088),(#3089,#3090,#3091,#3092),
(#3093,#3094,#3095,#3096)),.UNSPECIFIED.,.F.,.F.,.F.,(4,1,4),(4,4),(0.,
0.571428571428571,1.),(1.96123122441712,3.36061139991807),.UNSPECIFIED.);
#1807=B_SPLINE_SURFACE_WITH_KNOTS('',3,3,((#3150,#3151,#3152,#3153,#3154),
(#3155,#3156,#3157,#3158,#3159),(#3160,#3161,#3162,#3163,#3164),(#3165,
#3166,#3167,#3168,#3169),(#3170,#3171,#3172,#3173,#3174)),.UNSPECIFIED.,
 .F.,.F.,.F.,(4,1,4),(4,1,4),(0.,0.571428571428571,1.),(4.99865666258746E-14,
1.16972842327927,2.04702474073869),.UNSPECIFIED.);
#1808=B_SPLINE_SURFACE_WITH_KNOTS('',3,3,((#3188,#3189,#3190,#3191,#3192),
(#3193,#3194,#3195,#3196,#3197),(#3198,#3199,#3200,#3201,#3202),(#3203,
#3204,#3205,#3206,#3207)),.UNSPECIFIED.,.F.,.F.,.F.,(4,4),(4,1,4),(0.,1.),
(0.,0.646178621249763,1.50775011624945),.UNSPECIFIED.);
#1809=B_SPLINE_SURFACE_WITH_KNOTS('',3,3,((#3221,#3222,#3223,#3224,#3225),
(#3226,#3227,#3228,#3229,#3230),(#3231,#3232,#3233,#3234,#3235),(#3236,
#3237,#3238,#3239,#3240),(#3241,#3242,#3243,#3244,#3245)),.UNSPECIFIED.,
 .F.,.F.,.F.,(4,1,4),(4,1,4),(0.,0.571428571428571,1.),(0.,0.877298009456883,
2.04702868873273),.UNSPECIFIED.);
#1810=B_SPLINE_SURFACE_WITH_KNOTS('',3,3,((#3259,#3260,#3261,#3262),(#3263,
#3264,#3265,#3266),(#3267,#3268,#3269,#3270),(#3271,#3272,#3273,#3274),
(#3275,#3276,#3277,#3278)),.UNSPECIFIED.,.F.,.F.,.F.,(4,1,4),(4,4),(0.,
0.571428571428571,1.),(3.04281312620618E-12,1.39937996096453),
 .UNSPECIFIED.);
#1811=B_SPLINE_SURFACE_WITH_KNOTS('',3,3,((#3367,#3368,#3369,#3370),(#3371,
#3372,#3373,#3374),(#3375,#3376,#3377,#3378),(#3379,#3380,#3381,#3382),
(#3383,#3384,#3385,#3386)),.UNSPECIFIED.,.F.,.F.,.F.,(4,1,4),(4,4),(0.,
0.571428571428571,1.),(1.96123131645309,3.36061149183463),.UNSPECIFIED.);
#1812=B_SPLINE_SURFACE_WITH_KNOTS('',3,3,((#3440,#3441,#3442,#3443,#3444),
(#3445,#3446,#3447,#3448,#3449),(#3450,#3451,#3452,#3453,#3454),(#3455,
#3456,#3457,#3458,#3459),(#3460,#3461,#3462,#3463,#3464)),.UNSPECIFIED.,
 .F.,.F.,.F.,(4,1,4),(4,1,4),(0.,0.571428571428571,1.),(2.19502913894292E-12,
1.16972277150336,2.04701485012924),.UNSPECIFIED.);
#1813=B_SPLINE_SURFACE_WITH_KNOTS('',3,3,((#3478,#3479,#3480,#3481,#3482),
(#3483,#3484,#3485,#3486,#3487),(#3488,#3489,#3490,#3491,#3492),(#3493,
#3494,#3495,#3496,#3497)),.UNSPECIFIED.,.F.,.F.,.F.,(4,4),(4,1,4),(0.,1.),
(0.,0.646178621248647,1.50775011624684),.UNSPECIFIED.);
#1814=B_SPLINE_SURFACE_WITH_KNOTS('',3,3,((#3511,#3512,#3513,#3514,#3515),
(#3516,#3517,#3518,#3519,#3520),(#3521,#3522,#3523,#3524,#3525),(#3526,
#3527,#3528,#3529,#3530),(#3531,#3532,#3533,#3534,#3535)),.UNSPECIFIED.,
 .F.,.F.,.F.,(4,1,4),(4,1,4),(0.,0.571428571428571,1.),(0.,0.877317622550497,
2.04707445261783),.UNSPECIFIED.);
#1815=B_SPLINE_SURFACE_WITH_KNOTS('',3,3,((#3549,#3550,#3551,#3552),(#3553,
#3554,#3555,#3556),(#3557,#3558,#3559,#3560),(#3561,#3562,#3563,#3564),
(#3565,#3566,#3567,#3568)),.UNSPECIFIED.,.F.,.F.,.F.,(4,1,4),(4,4),(0.,
0.571428571428571,1.),(3.04183791929564E-12,1.39937985881498),
 .UNSPECIFIED.);
#1816=B_SPLINE_SURFACE_WITH_KNOTS('',3,3,((#3686,#3687,#3688,#3689,#3690,
#3691,#3692,#3693,#3694),(#3695,#3696,#3697,#3698,#3699,#3700,#3701,#3702,
#3703),(#3704,#3705,#3706,#3707,#3708,#3709,#3710,#3711,#3712),(#3713,#3714,
#3715,#3716,#3717,#3718,#3719,#3720,#3721),(#3722,#3723,#3724,#3725,#3726,
#3727,#3728,#3729,#3730),(#3731,#3732,#3733,#3734,#3735,#3736,#3737,#3738,
#3739)),.UNSPECIFIED.,.F.,.F.,.F.,(4,1,1,4),(4,1,1,1,1,1,4),(0.0811557403315116,
0.474946137332292,0.737473068666146,1.),(-23.434710089839,-22.8476198617559,
-22.2605296336728,-21.6734394055897,-21.0863491775066,-19.9121687213403,
-19.3250784932572),.UNSPECIFIED.);
#1817=B_SPLINE_SURFACE_WITH_KNOTS('',3,3,((#4170,#4171,#4172,#4173,#4174,
#4175,#4176),(#4177,#4178,#4179,#4180,#4181,#4182,#4183),(#4184,#4185,#4186,
#4187,#4188,#4189,#4190),(#4191,#4192,#4193,#4194,#4195,#4196,#4197),(#4198,
#4199,#4200,#4201,#4202,#4203,#4204),(#4205,#4206,#4207,#4208,#4209,#4210,
#4211)),.UNSPECIFIED.,.F.,.F.,.F.,(4,1,1,4),(4,1,1,1,4),(0.0696379201675164,
0.468364525810009,0.734182262905005,1.),(-30.329420119979,-29.2846292513012,
-28.7622338169622,-27.7174429482844,-26.6726520796066),.UNSPECIFIED.);
#1818=B_SPLINE_SURFACE_WITH_KNOTS('',3,3,((#4223,#4224,#4225,#4226,#4227,
#4228,#4229,#4230,#4231),(#4232,#4233,#4234,#4235,#4236,#4237,#4238,#4239,
#4240),(#4241,#4242,#4243,#4244,#4245,#4246,#4247,#4248,#4249),(#4250,#4251,
#4252,#4253,#4254,#4255,#4256,#4257,#4258),(#4259,#4260,#4261,#4262,#4263,
#4264,#4265,#4266,#4267),(#4268,#4269,#4270,#4271,#4272,#4273,#4274,#4275,
#4276)),.UNSPECIFIED.,.F.,.F.,.F.,(4,1,1,4),(4,1,1,1,1,1,4),(0.0811557403315114,
0.474946137332292,0.737473068666146,1.),(-19.3247491245852,-18.7373942227032,
-17.5626844189392,-16.9753295170572,-16.3879746151752,-16.0942971642342,
-15.2132648114112),.UNSPECIFIED.);
#1819=B_SPLINE_SURFACE_WITH_KNOTS('',3,3,((#4288,#4289,#4290,#4291,#4292),
(#4293,#4294,#4295,#4296,#4297),(#4298,#4299,#4300,#4301,#4302),(#4303,
#4304,#4305,#4306,#4307),(#4308,#4309,#4310,#4311,#4312)),.UNSPECIFIED.,
 .F.,.F.,.F.,(4,1,4),(4,1,4),(0.0722223035528255,0.602380987236925,1.),
(-16.2461884117221,-15.297395513626,-14.0323383161645),.UNSPECIFIED.);
#1820=B_SPLINE_SURFACE_WITH_KNOTS('',3,3,((#4364,#4365,#4366,#4367,#4368,
#4369,#4370),(#4371,#4372,#4373,#4374,#4375,#4376,#4377),(#4378,#4379,#4380,
#4381,#4382,#4383,#4384),(#4385,#4386,#4387,#4388,#4389,#4390,#4391),(#4392,
#4393,#4394,#4395,#4396,#4397,#4398),(#4399,#4400,#4401,#4402,#4403,#4404,
#4405)),.UNSPECIFIED.,.F.,.F.,.F.,(4,1,1,4),(4,1,1,1,4),(0.0694739364126661,
0.335338526009047,0.601203115605428,1.),(-28.8282097720579,-28.3058505397802,
-27.2611320752248,-26.2164136106694,-25.171695146114),.UNSPECIFIED.);
#1821=B_SPLINE_SURFACE_WITH_KNOTS('',3,3,((#4415,#4416,#4417,#4418,#4419,
#4420,#4421),(#4422,#4423,#4424,#4425,#4426,#4427,#4428),(#4429,#4430,#4431,
#4432,#4433,#4434,#4435),(#4436,#4437,#4438,#4439,#4440,#4441,#4442),(#4443,
#4444,#4445,#4446,#4447,#4448,#4449),(#4450,#4451,#4452,#4453,#4454,#4455,
#4456)),.UNSPECIFIED.,.F.,.F.,.F.,(4,1,1,4),(4,1,1,1,4),(0.0695551502883555,
0.335396535920254,0.601237921552152,1.),(-32.4922892218619,-31.9697245161276,
-30.9245951046591,-29.8794656931906,-28.8343362817221),.UNSPECIFIED.);
#1822=B_SPLINE_SURFACE_WITH_KNOTS('',3,3,((#4464,#4465,#4466,#4467,#4468),
(#4469,#4470,#4471,#4472,#4473),(#4474,#4475,#4476,#4477,#4478),(#4479,
#4480,#4481,#4482,#4483),(#4484,#4485,#4486,#4487,#4488)),.UNSPECIFIED.,
 .F.,.F.,.F.,(4,1,4),(4,1,4),(0.0722222113208929,0.602380947708954,1.),
(-14.031877985925,-13.0830747458413,-11.818003759063),.UNSPECIFIED.);
#1823=B_SPLINE_SURFACE_WITH_KNOTS('',3,3,((#4521,#4522,#4523,#4524,#4525,
#4526,#4527),(#4528,#4529,#4530,#4531,#4532,#4533,#4534),(#4535,#4536,#4537,
#4538,#4539,#4540,#4541),(#4542,#4543,#4544,#4545,#4546,#4547,#4548),(#4549,
#4550,#4551,#4552,#4553,#4554,#4555),(#4556,#4557,#4558,#4559,#4560,#4561,
#4562)),.UNSPECIFIED.,.F.,.F.,.F.,(4,1,1,4),(4,1,1,1,4),(0.069776766140933,
0.335554832957809,0.601332899774686,1.),(-28.8322625909209,-28.309840499397,
-27.2649963163491,-26.2201521333013,-25.1753079502535),.UNSPECIFIED.);
#1824=ADVANCED_FACE('',(#404),#1796,.F.);
#1825=ADVANCED_FACE('',(#405),#1797,.F.);
#1826=ADVANCED_FACE('',(#406),#1798,.F.);
#1827=ADVANCED_FACE('',(#407),#1799,.F.);
#1828=ADVANCED_FACE('',(#408),#1800,.F.);
#1829=ADVANCED_FACE('',(#409),#342,.F.);
#1830=ADVANCED_FACE('',(#410),#39,.F.);
#1831=ADVANCED_FACE('',(#411),#343,.F.);
#1832=ADVANCED_FACE('',(#412),#1801,.F.);
#1833=ADVANCED_FACE('',(#413),#1802,.F.);
#1834=ADVANCED_FACE('',(#414),#1803,.F.);
#1835=ADVANCED_FACE('',(#415),#1804,.F.);
#1836=ADVANCED_FACE('',(#416),#1805,.F.);
#1837=ADVANCED_FACE('',(#417),#344,.F.);
#1838=ADVANCED_FACE('',(#418),#40,.F.);
#1839=ADVANCED_FACE('',(#419),#345,.F.);
#1840=ADVANCED_FACE('',(#420),#1806,.F.);
#1841=ADVANCED_FACE('',(#421),#1807,.F.);
#1842=ADVANCED_FACE('',(#422),#1808,.F.);
#1843=ADVANCED_FACE('',(#423),#1809,.F.);
#1844=ADVANCED_FACE('',(#424),#1810,.F.);
#1845=ADVANCED_FACE('',(#425),#346,.T.);
#1846=ADVANCED_FACE('',(#426),#347,.F.);
#1847=ADVANCED_FACE('',(#427),#41,.T.);
#1848=ADVANCED_FACE('',(#428),#348,.F.);
#1849=ADVANCED_FACE('',(#429),#1811,.F.);
#1850=ADVANCED_FACE('',(#430),#1812,.F.);
#1851=ADVANCED_FACE('',(#431),#1813,.F.);
#1852=ADVANCED_FACE('',(#432),#1814,.F.);
#1853=ADVANCED_FACE('',(#433),#1815,.F.);
#1854=ADVANCED_FACE('',(#434),#42,.T.);
#1855=ADVANCED_FACE('',(#435),#349,.F.);
#1856=ADVANCED_FACE('',(#436),#43,.F.);
#1857=ADVANCED_FACE('',(#437),#350,.F.);
#1858=ADVANCED_FACE('',(#438),#44,.F.);
#1859=ADVANCED_FACE('',(#439,#17,#18,#19,#20),#351,.T.);
#1860=ADVANCED_FACE('',(#440),#352,.T.);
#1861=ADVANCED_FACE('',(#441,#21),#1816,.T.);
#1862=ADVANCED_FACE('',(#442,#22),#353,.F.);
#1863=ADVANCED_FACE('',(#443),#354,.F.);
#1864=ADVANCED_FACE('',(#444),#355,.F.);
#1865=ADVANCED_FACE('',(#445),#356,.F.);
#1866=ADVANCED_FACE('',(#446),#357,.F.);
#1867=ADVANCED_FACE('',(#447),#358,.F.);
#1868=ADVANCED_FACE('',(#448),#359,.F.);
#1869=ADVANCED_FACE('',(#449,#23),#360,.F.);
#1870=ADVANCED_FACE('',(#450),#361,.F.);
#1871=ADVANCED_FACE('',(#451),#362,.F.);
#1872=ADVANCED_FACE('',(#452),#363,.F.);
#1873=ADVANCED_FACE('',(#453),#364,.F.);
#1874=ADVANCED_FACE('',(#454),#365,.F.);
#1875=ADVANCED_FACE('',(#455),#366,.F.);
#1876=ADVANCED_FACE('',(#456,#24),#367,.F.);
#1877=ADVANCED_FACE('',(#457),#368,.F.);
#1878=ADVANCED_FACE('',(#458),#369,.F.);
#1879=ADVANCED_FACE('',(#459),#370,.F.);
#1880=ADVANCED_FACE('',(#460),#371,.F.);
#1881=ADVANCED_FACE('',(#461),#372,.F.);
#1882=ADVANCED_FACE('',(#462),#373,.F.);
#1883=ADVANCED_FACE('',(#463,#25),#374,.F.);
#1884=ADVANCED_FACE('',(#464),#375,.F.);
#1885=ADVANCED_FACE('',(#465),#376,.F.);
#1886=ADVANCED_FACE('',(#466),#377,.F.);
#1887=ADVANCED_FACE('',(#467),#378,.F.);
#1888=ADVANCED_FACE('',(#468),#379,.F.);
#1889=ADVANCED_FACE('',(#469),#380,.F.);
#1890=ADVANCED_FACE('',(#470,#26),#381,.F.);
#1891=ADVANCED_FACE('',(#471),#45,.F.);
#1892=ADVANCED_FACE('',(#472),#46,.F.);
#1893=ADVANCED_FACE('',(#473,#27),#382,.F.);
#1894=ADVANCED_FACE('',(#474),#47,.F.);
#1895=ADVANCED_FACE('',(#475),#48,.F.);
#1896=ADVANCED_FACE('',(#476,#28),#383,.F.);
#1897=ADVANCED_FACE('',(#477),#49,.F.);
#1898=ADVANCED_FACE('',(#478),#50,.F.);
#1899=ADVANCED_FACE('',(#479,#29),#384,.F.);
#1900=ADVANCED_FACE('',(#480),#51,.F.);
#1901=ADVANCED_FACE('',(#481),#52,.F.);
#1902=ADVANCED_FACE('',(#482),#385,.F.);
#1903=ADVANCED_FACE('',(#483),#386,.F.);
#1904=ADVANCED_FACE('',(#484),#387,.F.);
#1905=ADVANCED_FACE('',(#485),#388,.F.);
#1906=ADVANCED_FACE('',(#486),#389,.F.);
#1907=ADVANCED_FACE('',(#487),#390,.F.);
#1908=ADVANCED_FACE('',(#488,#30),#391,.F.);
#1909=ADVANCED_FACE('',(#489),#53,.F.);
#1910=ADVANCED_FACE('',(#490,#31),#392,.F.);
#1911=ADVANCED_FACE('',(#491),#54,.F.);
#1912=ADVANCED_FACE('',(#492),#55,.F.);
#1913=ADVANCED_FACE('',(#493),#1817,.T.);
#1914=ADVANCED_FACE('',(#494,#32),#1818,.T.);
#1915=ADVANCED_FACE('',(#495),#1819,.T.);
#1916=ADVANCED_FACE('',(#496),#1820,.T.);
#1917=ADVANCED_FACE('',(#497),#1821,.T.);
#1918=ADVANCED_FACE('',(#498),#1822,.T.);
#1919=ADVANCED_FACE('',(#499),#1823,.T.);
#1920=ADVANCED_FACE('',(#500),#393,.T.);
#1921=ADVANCED_FACE('',(#501),#394,.T.);
#1922=ADVANCED_FACE('',(#502),#56,.T.);
#1923=ADVANCED_FACE('',(#503),#395,.T.);
#1924=ADVANCED_FACE('',(#504),#396,.T.);
#1925=ADVANCED_FACE('',(#505),#57,.T.);
#1926=ADVANCED_FACE('',(#506,#33,#34),#397,.F.);
#1927=ADVANCED_FACE('',(#507),#58,.T.);
#1928=ADVANCED_FACE('',(#508,#35,#36),#398,.F.);
#1929=ADVANCED_FACE('',(#509),#399,.T.);
#1930=ADVANCED_FACE('',(#510),#59,.T.);
#1931=ADVANCED_FACE('',(#511,#37),#400,.F.);
#1932=ADVANCED_FACE('',(#512),#401,.F.);
#1933=ADVANCED_FACE('',(#513,#38),#402,.F.);
#1934=ADVANCED_FACE('',(#514),#403,.T.);
#1935=CLOSED_SHELL('',(#1824,#1825,#1826,#1827,#1828,#1829,#1830,#1831,
#1832,#1833,#1834,#1835,#1836,#1837,#1838,#1839,#1840,#1841,#1842,#1843,
#1844,#1845,#1846,#1847,#1848,#1849,#1850,#1851,#1852,#1853,#1854,#1855,
#1856,#1857,#1858,#1859,#1860,#1861,#1862,#1863,#1864,#1865,#1866,#1867,
#1868,#1869,#1870,#1871,#1872,#1873,#1874,#1875,#1876,#1877,#1878,#1879,
#1880,#1881,#1882,#1883,#1884,#1885,#1886,#1887,#1888,#1889,#1890,#1891,
#1892,#1893,#1894,#1895,#1896,#1897,#1898,#1899,#1900,#1901,#1902,#1903,
#1904,#1905,#1906,#1907,#1908,#1909,#1910,#1911,#1912,#1913,#1914,#1915,
#1916,#1917,#1918,#1919,#1920,#1921,#1922,#1923,#1924,#1925,#1926,#1927,
#1928,#1929,#1930,#1931,#1932,#1933,#1934));
#1936=DERIVED_UNIT_ELEMENT(#1938,1.);
#1937=DERIVED_UNIT_ELEMENT(#4628,-3.);
#1938=(
MASS_UNIT()
NAMED_UNIT(*)
SI_UNIT(.KILO.,.GRAM.)
);
#1939=DERIVED_UNIT((#1936,#1937));
#1940=MEASURE_REPRESENTATION_ITEM('density measure',
POSITIVE_RATIO_MEASURE(1060.),#1939);
#1941=PROPERTY_DEFINITION_REPRESENTATION(#1946,#1943);
#1942=PROPERTY_DEFINITION_REPRESENTATION(#1947,#1944);
#1943=REPRESENTATION('material name',(#1945),#4625);
#1944=REPRESENTATION('density',(#1940),#4625);
#1945=DESCRIPTIVE_REPRESENTATION_ITEM('ABS Plastic','ABS Plastic');
#1946=PROPERTY_DEFINITION('material property','material name',#4635);
#1947=PROPERTY_DEFINITION('material property','density of part',#4635);
#1948=AXIS2_PLACEMENT_3D('',#2512,#2089,#2090);
#1949=AXIS2_PLACEMENT_3D('',#2557,#2091,#2092);
#1950=AXIS2_PLACEMENT_3D('',#2584,#2093,#2094);
#1951=AXIS2_PLACEMENT_3D('',#2675,#2095,#2096);
#1952=AXIS2_PLACEMENT_3D('',#2730,#2097,#2098);
#1953=AXIS2_PLACEMENT_3D('',#2785,#2099,#2100);
#1954=AXIS2_PLACEMENT_3D('',#2789,#2103,#2104);
#1955=AXIS2_PLACEMENT_3D('',#2792,#2106,#2107);
#1956=AXIS2_PLACEMENT_3D('',#2793,#2108,#2109);
#1957=AXIS2_PLACEMENT_3D('',#2839,#2111,#2112);
#1958=AXIS2_PLACEMENT_3D('',#2866,#2113,#2114);
#1959=AXIS2_PLACEMENT_3D('',#2957,#2115,#2116);
#1960=AXIS2_PLACEMENT_3D('',#3012,#2117,#2118);
#1961=AXIS2_PLACEMENT_3D('',#3067,#2119,#2120);
#1962=AXIS2_PLACEMENT_3D('',#3071,#2123,#2124);
#1963=AXIS2_PLACEMENT_3D('',#3074,#2126,#2127);
#1964=AXIS2_PLACEMENT_3D('',#3075,#2128,#2129);
#1965=AXIS2_PLACEMENT_3D('',#3103,#2131,#2132);
#1966=AXIS2_PLACEMENT_3D('',#3177,#2133,#2134);
#1967=AXIS2_PLACEMENT_3D('',#3210,#2135,#2136);
#1968=AXIS2_PLACEMENT_3D('',#3248,#2137,#2138);
#1969=AXIS2_PLACEMENT_3D('',#3335,#2139,#2140);
#1970=AXIS2_PLACEMENT_3D('',#3339,#2142,#2143);
#1971=AXIS2_PLACEMENT_3D('',#3351,#2145,#2146);
#1972=AXIS2_PLACEMENT_3D('',#3357,#2150,#2151);
#1973=AXIS2_PLACEMENT_3D('',#3360,#2153,#2154);
#1974=AXIS2_PLACEMENT_3D('',#3361,#2155,#2156);
#1975=AXIS2_PLACEMENT_3D('',#3393,#2160,#2161);
#1976=AXIS2_PLACEMENT_3D('',#3467,#2162,#2163);
#1977=AXIS2_PLACEMENT_3D('',#3500,#2164,#2165);
#1978=AXIS2_PLACEMENT_3D('',#3538,#2166,#2167);
#1979=AXIS2_PLACEMENT_3D('',#3615,#2168,#2169);
#1980=AXIS2_PLACEMENT_3D('',#3619,#2171,#2172);
#1981=AXIS2_PLACEMENT_3D('',#3621,#2174,#2175);
#1982=AXIS2_PLACEMENT_3D('',#3625,#2178,#2179);
#1983=AXIS2_PLACEMENT_3D('',#3626,#2180,#2181);
#1984=AXIS2_PLACEMENT_3D('',#3627,#2182,#2183);
#1985=AXIS2_PLACEMENT_3D('',#3633,#2187,#2188);
#1986=AXIS2_PLACEMENT_3D('',#3634,#2189,#2190);
#1987=AXIS2_PLACEMENT_3D('',#3635,#2191,#2192);
#1988=AXIS2_PLACEMENT_3D('',#3636,#2193,#2194);
#1989=AXIS2_PLACEMENT_3D('',#3685,#2219,#2220);
#1990=AXIS2_PLACEMENT_3D('',#3741,#2221,#2222);
#1991=AXIS2_PLACEMENT_3D('',#3752,#2223,#2224);
#1992=AXIS2_PLACEMENT_3D('',#3801,#2225,#2226);
#1993=AXIS2_PLACEMENT_3D('',#3815,#2233,#2234);
#1994=AXIS2_PLACEMENT_3D('',#3816,#2235,#2236);
#1995=AXIS2_PLACEMENT_3D('',#3819,#2239,#2240);
#1996=AXIS2_PLACEMENT_3D('',#3821,#2242,#2243);
#1997=AXIS2_PLACEMENT_3D('',#3823,#2245,#2246);
#1998=AXIS2_PLACEMENT_3D('',#3825,#2248,#2249);
#1999=AXIS2_PLACEMENT_3D('',#3827,#2251,#2252);
#2000=AXIS2_PLACEMENT_3D('',#3828,#2253,#2254);
#2001=AXIS2_PLACEMENT_3D('',#3842,#2261,#2262);
#2002=AXIS2_PLACEMENT_3D('',#3843,#2263,#2264);
#2003=AXIS2_PLACEMENT_3D('',#3846,#2267,#2268);
#2004=AXIS2_PLACEMENT_3D('',#3848,#2270,#2271);
#2005=AXIS2_PLACEMENT_3D('',#3850,#2273,#2274);
#2006=AXIS2_PLACEMENT_3D('',#3852,#2276,#2277);
#2007=AXIS2_PLACEMENT_3D('',#3854,#2279,#2280);
#2008=AXIS2_PLACEMENT_3D('',#3855,#2281,#2282);
#2009=AXIS2_PLACEMENT_3D('',#3869,#2289,#2290);
#2010=AXIS2_PLACEMENT_3D('',#3870,#2291,#2292);
#2011=AXIS2_PLACEMENT_3D('',#3873,#2295,#2296);
#2012=AXIS2_PLACEMENT_3D('',#3875,#2298,#2299);
#2013=AXIS2_PLACEMENT_3D('',#3877,#2301,#2302);
#2014=AXIS2_PLACEMENT_3D('',#3879,#2304,#2305);
#2015=AXIS2_PLACEMENT_3D('',#3881,#2307,#2308);
#2016=AXIS2_PLACEMENT_3D('',#3882,#2309,#2310);
#2017=AXIS2_PLACEMENT_3D('',#3896,#2317,#2318);
#2018=AXIS2_PLACEMENT_3D('',#3897,#2319,#2320);
#2019=AXIS2_PLACEMENT_3D('',#3900,#2323,#2324);
#2020=AXIS2_PLACEMENT_3D('',#3902,#2326,#2327);
#2021=AXIS2_PLACEMENT_3D('',#3904,#2329,#2330);
#2022=AXIS2_PLACEMENT_3D('',#3906,#2332,#2333);
#2023=AXIS2_PLACEMENT_3D('',#3908,#2335,#2336);
#2024=AXIS2_PLACEMENT_3D('',#3909,#2337,#2338);
#2025=AXIS2_PLACEMENT_3D('',#3911,#2339,#2340);
#2026=AXIS2_PLACEMENT_3D('',#3913,#2341,#2342);
#2027=AXIS2_PLACEMENT_3D('',#3914,#2343,#2344);
#2028=AXIS2_PLACEMENT_3D('',#3916,#2345,#2346);
#2029=AXIS2_PLACEMENT_3D('',#3918,#2348,#2349);
#2030=AXIS2_PLACEMENT_3D('',#3920,#2351,#2352);
#2031=AXIS2_PLACEMENT_3D('',#3922,#2353,#2354);
#2032=AXIS2_PLACEMENT_3D('',#3924,#2355,#2356);
#2033=AXIS2_PLACEMENT_3D('',#3925,#2357,#2358);
#2034=AXIS2_PLACEMENT_3D('',#3927,#2359,#2360);
#2035=AXIS2_PLACEMENT_3D('',#3929,#2362,#2363);
#2036=AXIS2_PLACEMENT_3D('',#3931,#2365,#2366);
#2037=AXIS2_PLACEMENT_3D('',#3933,#2367,#2368);
#2038=AXIS2_PLACEMENT_3D('',#3935,#2369,#2370);
#2039=AXIS2_PLACEMENT_3D('',#3936,#2371,#2372);
#2040=AXIS2_PLACEMENT_3D('',#3938,#2373,#2374);
#2041=AXIS2_PLACEMENT_3D('',#3940,#2376,#2377);
#2042=AXIS2_PLACEMENT_3D('',#3942,#2379,#2380);
#2043=AXIS2_PLACEMENT_3D('',#3944,#2381,#2382);
#2044=AXIS2_PLACEMENT_3D('',#3946,#2383,#2384);
#2045=AXIS2_PLACEMENT_3D('',#3947,#2385,#2386);
#2046=AXIS2_PLACEMENT_3D('',#3949,#2387,#2388);
#2047=AXIS2_PLACEMENT_3D('',#3951,#2390,#2391);
#2048=AXIS2_PLACEMENT_3D('',#3953,#2393,#2394);
#2049=AXIS2_PLACEMENT_3D('',#3959,#2398,#2399);
#2050=AXIS2_PLACEMENT_3D('',#3963,#2402,#2403);
#2051=AXIS2_PLACEMENT_3D('',#3967,#2406,#2407);
#2052=AXIS2_PLACEMENT_3D('',#3971,#2410,#2411);
#2053=AXIS2_PLACEMENT_3D('',#3975,#2414,#2415);
#2054=AXIS2_PLACEMENT_3D('',#3977,#2417,#2418);
#2055=AXIS2_PLACEMENT_3D('',#3979,#2419,#2420);
#2056=AXIS2_PLACEMENT_3D('',#3980,#2421,#2422);
#2057=AXIS2_PLACEMENT_3D('',#4158,#2424,#2425);
#2058=AXIS2_PLACEMENT_3D('',#4159,#2426,#2427);
#2059=AXIS2_PLACEMENT_3D('',#4161,#2428,#2429);
#2060=AXIS2_PLACEMENT_3D('',#4162,#2430,#2431);
#2061=AXIS2_PLACEMENT_3D('',#4165,#2433,#2434);
#2062=AXIS2_PLACEMENT_3D('',#4166,#2435,#2436);
#2063=AXIS2_PLACEMENT_3D('',#4168,#2437,#2438);
#2064=AXIS2_PLACEMENT_3D('',#4213,#2440,#2441);
#2065=AXIS2_PLACEMENT_3D('',#4222,#2442,#2443);
#2066=AXIS2_PLACEMENT_3D('',#4287,#2444,#2445);
#2067=AXIS2_PLACEMENT_3D('',#4314,#2446,#2447);
#2068=AXIS2_PLACEMENT_3D('',#4414,#2448,#2449);
#2069=AXIS2_PLACEMENT_3D('',#4520,#2450,#2451);
#2070=AXIS2_PLACEMENT_3D('',#4570,#2452,#2453);
#2071=AXIS2_PLACEMENT_3D('',#4576,#2457,#2458);
#2072=AXIS2_PLACEMENT_3D('',#4582,#2462,#2463);
#2073=AXIS2_PLACEMENT_3D('',#4585,#2465,#2466);
#2074=AXIS2_PLACEMENT_3D('',#4586,#2467,#2468);
#2075=AXIS2_PLACEMENT_3D('',#4590,#2471,#2472);
#2076=AXIS2_PLACEMENT_3D('',#4596,#2476,#2477);
#2077=AXIS2_PLACEMENT_3D('',#4597,#2478,#2479);
#2078=AXIS2_PLACEMENT_3D('',#4598,#2480,#2481);
#2079=AXIS2_PLACEMENT_3D('',#4600,#2483,#2484);
#2080=AXIS2_PLACEMENT_3D('',#4604,#2486,#2487);
#2081=AXIS2_PLACEMENT_3D('',#4606,#2489,#2490);
#2082=AXIS2_PLACEMENT_3D('',#4609,#2492,#2493);
#2083=AXIS2_PLACEMENT_3D('',#4613,#2496,#2497);
#2084=AXIS2_PLACEMENT_3D('',#4615,#2499,#2500);
#2085=AXIS2_PLACEMENT_3D('',#4616,#2501,#2502);
#2086=AXIS2_PLACEMENT_3D('',#4619,#2505,#2506);
#2087=AXIS2_PLACEMENT_3D('',#4621,#2508,#2509);
#2088=AXIS2_PLACEMENT_3D('',#4622,#2510,#2511);
#2089=DIRECTION('axis',(0.,0.,1.));
#2090=DIRECTION('refdir',(1.,0.,0.));
#2091=DIRECTION('center_axis',(0.,-0.26454007941879,-0.964374691902012));
#2092=DIRECTION('ref_axis',(-1.,0.,0.));
#2093=DIRECTION('center_axis',(5.0400681133637E-14,-0.585518715788322,-0.810658888473811));
#2094=DIRECTION('ref_axis',(-1.,0.,-6.21724893790087E-14));
#2095=DIRECTION('center_axis',(4.68006324812345E-14,0.585518715788324,0.810658888473809));
#2096=DIRECTION('ref_axis',(1.,0.,-5.77315972805083E-14));
#2097=DIRECTION('center_axis',(1.32645436922337E-14,0.26454007941879,0.964374691902012));
#2098=DIRECTION('ref_axis',(1.,-1.77635683940024E-14,-8.8817841970012E-15));
#2099=DIRECTION('center_axis',(-1.,0.,0.));
#2100=DIRECTION('ref_axis',(0.,0.,-1.));
#2101=DIRECTION('',(0.,-1.,0.));
#2102=DIRECTION('',(0.,0.,-1.));
#2103=DIRECTION('center_axis',(0.,-1.,0.));
#2104=DIRECTION('ref_axis',(-1.,0.,0.));
#2105=DIRECTION('',(0.,-1.,0.));
#2106=DIRECTION('center_axis',(0.,-1.,0.));
#2107=DIRECTION('ref_axis',(-1.,0.,0.));
#2108=DIRECTION('center_axis',(1.,0.,-3.70074341541719E-16));
#2109=DIRECTION('ref_axis',(3.70074341541719E-16,0.,1.));
#2110=DIRECTION('',(3.70074341541719E-16,0.,1.));
#2111=DIRECTION('center_axis',(0.,-0.264540079418773,0.964374691902016));
#2112=DIRECTION('ref_axis',(1.,0.,0.));
#2113=DIRECTION('center_axis',(-4.32005838288326E-14,-0.585518715788313,
0.810658888473818));
#2114=DIRECTION('ref_axis',(1.,0.,5.32907051820082E-14));
#2115=DIRECTION('center_axis',(-4.32005838288319E-14,0.585518715788313,
-0.810658888473817));
#2116=DIRECTION('ref_axis',(-1.,0.,5.32907051820072E-14));
#2117=DIRECTION('center_axis',(4.69917579371036E-15,0.264540079418782,-0.964374691902014));
#2118=DIRECTION('ref_axis',(-1.,1.77635683940024E-14,0.));
#2119=DIRECTION('center_axis',(1.,0.,0.));
#2120=DIRECTION('ref_axis',(0.,0.,1.));
#2121=DIRECTION('',(0.,-1.,0.));
#2122=DIRECTION('',(0.,0.,1.));
#2123=DIRECTION('center_axis',(0.,-1.,0.));
#2124=DIRECTION('ref_axis',(-1.,0.,0.));
#2125=DIRECTION('',(0.,-1.,0.));
#2126=DIRECTION('center_axis',(0.,-1.,0.));
#2127=DIRECTION('ref_axis',(-1.,0.,0.));
#2128=DIRECTION('center_axis',(-1.,0.,4.93432455388958E-16));
#2129=DIRECTION('ref_axis',(-4.93432455388958E-16,0.,-1.));
#2130=DIRECTION('',(-4.93432455388958E-16,0.,-1.));
#2131=DIRECTION('center_axis',(0.827963399022472,-0.0928906534989582,0.553035203555517));
#2132=DIRECTION('ref_axis',(-0.201407113624788,0.871128351984732,0.447851056658011));
#2133=DIRECTION('center_axis',(0.261089290418438,0.0457907547367822,0.964227975745068));
#2134=DIRECTION('ref_axis',(-0.693606845469497,0.703612795326614,0.154397468148031));
#2135=DIRECTION('center_axis',(-0.261089290418396,-0.0457907547363963,0.964227975745098));
#2136=DIRECTION('ref_axis',(-0.693606845469486,0.70361279532657,-0.154397468148277));
#2137=DIRECTION('center_axis',(-0.8279633990255,0.0928906534852768,0.55303520355328));
#2138=DIRECTION('ref_axis',(-0.201407113635626,0.871128351983565,-0.447851056655406));
#2139=DIRECTION('center_axis',(0.,1.,0.));
#2140=DIRECTION('ref_axis',(-1.,0.,0.));
#2141=DIRECTION('',(-1.15849359091321E-15,0.,-1.));
#2142=DIRECTION('center_axis',(0.,-1.,0.));
#2143=DIRECTION('ref_axis',(-1.,0.,0.));
#2144=DIRECTION('',(4.82705662880503E-16,0.,1.));
#2145=DIRECTION('center_axis',(-1.,0.,1.15849359091321E-15));
#2146=DIRECTION('ref_axis',(-1.15849359091321E-15,0.,-1.));
#2147=DIRECTION('',(0.,1.,0.));
#2148=DIRECTION('',(1.15849359091321E-15,0.,1.));
#2149=DIRECTION('',(0.,-1.,0.));
#2150=DIRECTION('center_axis',(0.,-1.,0.));
#2151=DIRECTION('ref_axis',(-1.,0.,-7.65621895811004E-11));
#2152=DIRECTION('',(0.,-1.,0.));
#2153=DIRECTION('center_axis',(0.,-1.,0.));
#2154=DIRECTION('ref_axis',(1.,0.,0.));
#2155=DIRECTION('center_axis',(-1.,0.,0.));
#2156=DIRECTION('ref_axis',(0.,0.,-1.));
#2157=DIRECTION('',(0.,0.,-1.));
#2158=DIRECTION('',(0.,-1.,0.));
#2159=DIRECTION('',(0.,0.,1.));
#2160=DIRECTION('center_axis',(-0.82796339902068,-0.0928906535071315,-0.553035203556827));
#2161=DIRECTION('ref_axis',(0.201407113618091,0.871128351985619,-0.447851056659296));
#2162=DIRECTION('center_axis',(-0.261089290418444,0.0457907547367653,-0.964227975745068));
#2163=DIRECTION('ref_axis',(0.693606845469501,0.703612795326606,-0.154397468148049));
#2164=DIRECTION('center_axis',(0.261089290418268,-0.045790754736371,-0.964227975745134));
#2165=DIRECTION('ref_axis',(0.693606845469441,0.703612795326636,0.154397468148182));
#2166=DIRECTION('center_axis',(0.827963399025496,0.0928906534852613,-0.55303520355329));
#2167=DIRECTION('ref_axis',(0.201407113635655,0.871128351983555,0.447851056655413));
#2168=DIRECTION('center_axis',(0.,-1.,0.));
#2169=DIRECTION('ref_axis',(1.,0.,0.));
#2170=DIRECTION('',(0.,-1.,0.));
#2171=DIRECTION('center_axis',(0.,-1.,0.));
#2172=DIRECTION('ref_axis',(1.,0.,0.));
#2173=DIRECTION('',(0.,1.,0.));
#2174=DIRECTION('center_axis',(1.,0.,-4.82705662880503E-16));
#2175=DIRECTION('ref_axis',(4.82705662880503E-16,0.,1.));
#2176=DIRECTION('',(0.,-1.,0.));
#2177=DIRECTION('',(-4.82705662880503E-16,0.,-1.));
#2178=DIRECTION('center_axis',(0.,-1.,0.));
#2179=DIRECTION('ref_axis',(-1.,0.,0.));
#2180=DIRECTION('center_axis',(0.,1.,0.));
#2181=DIRECTION('ref_axis',(-1.,0.,0.));
#2182=DIRECTION('center_axis',(1.,0.,-5.79246795456603E-16));
#2183=DIRECTION('ref_axis',(5.79246795456603E-16,0.,1.));
#2184=DIRECTION('',(-5.79246795456603E-16,0.,-1.));
#2185=DIRECTION('',(0.,-1.,0.));
#2186=DIRECTION('',(5.79246795456603E-16,0.,1.));
#2187=DIRECTION('center_axis',(0.,-1.,0.));
#2188=DIRECTION('ref_axis',(-1.,0.,0.));
#2189=DIRECTION('center_axis',(0.,1.,0.));
#2190=DIRECTION('ref_axis',(-1.,0.,0.));
#2191=DIRECTION('center_axis',(0.,-1.,0.));
#2192=DIRECTION('ref_axis',(-1.,0.,0.));
#2193=DIRECTION('center_axis',(0.,-1.,0.));
#2194=DIRECTION('ref_axis',(1.,0.,0.));
#2195=DIRECTION('',(0.5,0.,-0.866025403784439));
#2196=DIRECTION('',(-0.5,0.,-0.866025403784439));
#2197=DIRECTION('',(-1.,0.,-3.43386193997065E-16));
#2198=DIRECTION('',(-0.500000000000001,0.,0.866025403784438));
#2199=DIRECTION('',(0.5,0.,0.866025403784439));
#2200=DIRECTION('',(1.,0.,1.71693096998532E-16));
#2201=DIRECTION('',(-0.499999999999999,0.,0.866025403784439));
#2202=DIRECTION('',(0.5,0.,0.866025403784438));
#2203=DIRECTION('',(1.,0.,-6.8677238799413E-16));
#2204=DIRECTION('',(0.499999999999999,0.,-0.866025403784439));
#2205=DIRECTION('',(-0.499999999999999,0.,-0.866025403784439));
#2206=DIRECTION('',(-1.,0.,0.));
#2207=DIRECTION('',(0.5,0.,-0.866025403784439));
#2208=DIRECTION('',(-0.5,0.,-0.866025403784439));
#2209=DIRECTION('',(-1.,0.,-6.8677238799413E-16));
#2210=DIRECTION('',(-0.5,0.,0.866025403784439));
#2211=DIRECTION('',(0.5,0.,0.866025403784439));
#2212=DIRECTION('',(1.,0.,6.8677238799413E-16));
#2213=DIRECTION('',(0.499999999999999,0.,-0.866025403784439));
#2214=DIRECTION('',(-0.5,0.,-0.866025403784438));
#2215=DIRECTION('',(-1.,0.,3.43386193997065E-16));
#2216=DIRECTION('',(-0.5,0.,0.866025403784439));
#2217=DIRECTION('',(0.499999999999999,0.,0.866025403784439));
#2218=DIRECTION('',(1.,0.,3.43386193997065E-16));
#2219=DIRECTION('center_axis',(0.,1.,0.));
#2220=DIRECTION('ref_axis',(-1.,0.,0.));
#2221=DIRECTION('center_axis',(0.974298608387781,-0.225260342034796,3.5175406181758E-17));
#2222=DIRECTION('ref_axis',(-0.210966989487324,-0.912476836430927,-0.350540942435633));
#2223=DIRECTION('center_axis',(0.974298608387781,0.225260342034796,1.29802649747084E-15));
#2224=DIRECTION('ref_axis',(0.210966989487324,-0.912476836430927,-0.350540942435635));
#2225=DIRECTION('center_axis',(0.,1.,0.));
#2226=DIRECTION('ref_axis',(0.,0.,1.));
#2227=DIRECTION('',(1.,0.,3.43386193997065E-16));
#2228=DIRECTION('',(0.499999999999999,0.,0.866025403784439));
#2229=DIRECTION('',(-0.5,0.,0.866025403784439));
#2230=DIRECTION('',(-1.,0.,3.43386193997065E-16));
#2231=DIRECTION('',(-0.5,0.,-0.866025403784438));
#2232=DIRECTION('',(0.499999999999999,0.,-0.866025403784439));
#2233=DIRECTION('center_axis',(0.,-1.,0.));
#2234=DIRECTION('ref_axis',(0.,0.,1.));
#2235=DIRECTION('center_axis',(0.866025403784439,0.,0.499999999999999));
#2236=DIRECTION('ref_axis',(-0.499999999999999,0.,0.866025403784439));
#2237=DIRECTION('',(0.,1.,0.));
#2238=DIRECTION('',(0.,1.,0.));
#2239=DIRECTION('center_axis',(0.866025403784438,0.,-0.5));
#2240=DIRECTION('ref_axis',(0.5,0.,0.866025403784438));
#2241=DIRECTION('',(0.,1.,0.));
#2242=DIRECTION('center_axis',(-3.43386193997065E-16,0.,-1.));
#2243=DIRECTION('ref_axis',(1.,0.,-3.43386193997065E-16));
#2244=DIRECTION('',(0.,1.,0.));
#2245=DIRECTION('center_axis',(-0.866025403784439,0.,-0.5));
#2246=DIRECTION('ref_axis',(0.5,0.,-0.866025403784439));
#2247=DIRECTION('',(0.,1.,0.));
#2248=DIRECTION('center_axis',(-0.866025403784439,0.,0.499999999999999));
#2249=DIRECTION('ref_axis',(-0.499999999999999,0.,-0.866025403784439));
#2250=DIRECTION('',(0.,-1.,0.));
#2251=DIRECTION('center_axis',(-3.43386193997065E-16,0.,1.));
#2252=DIRECTION('ref_axis',(-1.,0.,-3.43386193997065E-16));
#2253=DIRECTION('center_axis',(0.,1.,0.));
#2254=DIRECTION('ref_axis',(0.,0.,1.));
#2255=DIRECTION('',(1.,0.,6.8677238799413E-16));
#2256=DIRECTION('',(0.5,0.,0.866025403784439));
#2257=DIRECTION('',(-0.5,0.,0.866025403784439));
#2258=DIRECTION('',(-1.,0.,-6.8677238799413E-16));
#2259=DIRECTION('',(-0.5,0.,-0.866025403784439));
#2260=DIRECTION('',(0.5,0.,-0.866025403784439));
#2261=DIRECTION('center_axis',(0.,-1.,0.));
#2262=DIRECTION('ref_axis',(0.,0.,1.));
#2263=DIRECTION('center_axis',(0.866025403784439,0.,0.5));
#2264=DIRECTION('ref_axis',(-0.5,0.,0.866025403784439));
#2265=DIRECTION('',(0.,1.,0.));
#2266=DIRECTION('',(0.,1.,0.));
#2267=DIRECTION('center_axis',(0.866025403784439,0.,-0.5));
#2268=DIRECTION('ref_axis',(0.5,0.,0.866025403784439));
#2269=DIRECTION('',(0.,1.,0.));
#2270=DIRECTION('center_axis',(6.8677238799413E-16,0.,-1.));
#2271=DIRECTION('ref_axis',(1.,0.,6.8677238799413E-16));
#2272=DIRECTION('',(0.,1.,0.));
#2273=DIRECTION('center_axis',(-0.866025403784439,0.,-0.5));
#2274=DIRECTION('ref_axis',(0.5,0.,-0.866025403784439));
#2275=DIRECTION('',(0.,1.,0.));
#2276=DIRECTION('center_axis',(-0.866025403784439,0.,0.5));
#2277=DIRECTION('ref_axis',(-0.5,0.,-0.866025403784439));
#2278=DIRECTION('',(0.,-1.,0.));
#2279=DIRECTION('center_axis',(-6.8677238799413E-16,0.,1.));
#2280=DIRECTION('ref_axis',(-1.,0.,-6.8677238799413E-16));
#2281=DIRECTION('center_axis',(0.,1.,0.));
#2282=DIRECTION('ref_axis',(0.,0.,1.));
#2283=DIRECTION('',(-1.,0.,0.));
#2284=DIRECTION('',(-0.499999999999999,0.,-0.866025403784439));
#2285=DIRECTION('',(0.499999999999999,0.,-0.866025403784439));
#2286=DIRECTION('',(1.,0.,-6.8677238799413E-16));
#2287=DIRECTION('',(0.5,0.,0.866025403784438));
#2288=DIRECTION('',(-0.499999999999999,0.,0.866025403784439));
#2289=DIRECTION('center_axis',(0.,-1.,0.));
#2290=DIRECTION('ref_axis',(0.,0.,1.));
#2291=DIRECTION('center_axis',(-0.866025403784439,0.,-0.499999999999999));
#2292=DIRECTION('ref_axis',(0.499999999999999,0.,-0.866025403784439));
#2293=DIRECTION('',(0.,1.,0.));
#2294=DIRECTION('',(0.,1.,0.));
#2295=DIRECTION('center_axis',(-0.866025403784438,0.,0.5));
#2296=DIRECTION('ref_axis',(-0.5,0.,-0.866025403784438));
#2297=DIRECTION('',(0.,1.,0.));
#2298=DIRECTION('center_axis',(6.8677238799413E-16,0.,1.));
#2299=DIRECTION('ref_axis',(-1.,0.,6.8677238799413E-16));
#2300=DIRECTION('',(0.,1.,0.));
#2301=DIRECTION('center_axis',(0.866025403784439,0.,0.499999999999999));
#2302=DIRECTION('ref_axis',(-0.499999999999999,0.,0.866025403784439));
#2303=DIRECTION('',(0.,1.,0.));
#2304=DIRECTION('center_axis',(0.866025403784439,0.,-0.499999999999999));
#2305=DIRECTION('ref_axis',(0.499999999999999,0.,0.866025403784439));
#2306=DIRECTION('',(0.,-1.,0.));
#2307=DIRECTION('center_axis',(0.,0.,-1.));
#2308=DIRECTION('ref_axis',(1.,0.,0.));
#2309=DIRECTION('center_axis',(0.,1.,0.));
#2310=DIRECTION('ref_axis',(0.,0.,1.));
#2311=DIRECTION('',(1.,0.,1.71693096998532E-16));
#2312=DIRECTION('',(0.5,0.,0.866025403784439));
#2313=DIRECTION('',(-0.500000000000001,0.,0.866025403784438));
#2314=DIRECTION('',(-1.,0.,-3.43386193997065E-16));
#2315=DIRECTION('',(-0.5,0.,-0.866025403784439));
#2316=DIRECTION('',(0.5,0.,-0.866025403784439));
#2317=DIRECTION('center_axis',(0.,-1.,0.));
#2318=DIRECTION('ref_axis',(0.,0.,1.));
#2319=DIRECTION('center_axis',(0.866025403784439,0.,0.5));
#2320=DIRECTION('ref_axis',(-0.5,0.,0.866025403784439));
#2321=DIRECTION('',(0.,1.,0.));
#2322=DIRECTION('',(0.,1.,0.));
#2323=DIRECTION('center_axis',(0.866025403784439,0.,-0.5));
#2324=DIRECTION('ref_axis',(0.5,0.,0.866025403784439));
#2325=DIRECTION('',(0.,1.,0.));
#2326=DIRECTION('center_axis',(3.43386193997065E-16,0.,-1.));
#2327=DIRECTION('ref_axis',(1.,0.,3.43386193997065E-16));
#2328=DIRECTION('',(0.,1.,0.));
#2329=DIRECTION('center_axis',(-0.866025403784438,0.,-0.500000000000001));
#2330=DIRECTION('ref_axis',(0.500000000000001,0.,-0.866025403784438));
#2331=DIRECTION('',(0.,1.,0.));
#2332=DIRECTION('center_axis',(-0.866025403784439,0.,0.5));
#2333=DIRECTION('ref_axis',(-0.5,0.,-0.866025403784439));
#2334=DIRECTION('',(0.,-1.,0.));
#2335=DIRECTION('center_axis',(-1.71693096998532E-16,0.,1.));
#2336=DIRECTION('ref_axis',(-1.,0.,-1.71693096998532E-16));
#2337=DIRECTION('center_axis',(0.,-1.,0.));
#2338=DIRECTION('ref_axis',(0.,0.,1.));
#2339=DIRECTION('center_axis',(0.,-1.,0.));
#2340=DIRECTION('ref_axis',(0.,0.,1.));
#2341=DIRECTION('center_axis',(0.,-1.,0.));
#2342=DIRECTION('ref_axis',(0.,0.,1.));
#2343=DIRECTION('center_axis',(0.,-1.,0.));
#2344=DIRECTION('ref_axis',(0.,0.,1.));
#2345=DIRECTION('center_axis',(3.30707435303202E-31,-1.,7.91628933034463E-31));
#2346=DIRECTION('ref_axis',(0.,0.,1.));
#2347=DIRECTION('',(0.,-1.,0.));
#2348=DIRECTION('center_axis',(0.,-1.,0.));
#2349=DIRECTION('ref_axis',(0.,0.,1.));
#2350=DIRECTION('',(0.,-1.,0.));
#2351=DIRECTION('center_axis',(0.,-1.,0.));
#2352=DIRECTION('ref_axis',(0.,0.,1.));
#2353=DIRECTION('center_axis',(0.,-1.,0.));
#2354=DIRECTION('ref_axis',(0.,0.,1.));
#2355=DIRECTION('center_axis',(0.,-1.,0.));
#2356=DIRECTION('ref_axis',(0.,0.,1.));
#2357=DIRECTION('center_axis',(0.,-1.,0.));
#2358=DIRECTION('ref_axis',(0.,0.,1.));
#2359=DIRECTION('center_axis',(3.30707435303202E-31,-1.,7.91628933034463E-31));
#2360=DIRECTION('ref_axis',(0.,0.,1.));
#2361=DIRECTION('',(0.,-1.,0.));
#2362=DIRECTION('center_axis',(0.,-1.,0.));
#2363=DIRECTION('ref_axis',(0.,0.,1.));
#2364=DIRECTION('',(0.,-1.,0.));
#2365=DIRECTION('center_axis',(0.,-1.,0.));
#2366=DIRECTION('ref_axis',(0.,0.,1.));
#2367=DIRECTION('center_axis',(0.,-1.,0.));
#2368=DIRECTION('ref_axis',(0.,0.,1.));
#2369=DIRECTION('center_axis',(0.,-1.,0.));
#2370=DIRECTION('ref_axis',(0.,0.,1.));
#2371=DIRECTION('center_axis',(0.,-1.,0.));
#2372=DIRECTION('ref_axis',(0.,0.,1.));
#2373=DIRECTION('center_axis',(3.30707435303202E-31,-1.,7.91628933034463E-31));
#2374=DIRECTION('ref_axis',(0.,0.,1.));
#2375=DIRECTION('',(0.,-1.,0.));
#2376=DIRECTION('center_axis',(0.,-1.,0.));
#2377=DIRECTION('ref_axis',(0.,0.,1.));
#2378=DIRECTION('',(0.,-1.,0.));
#2379=DIRECTION('center_axis',(0.,-1.,0.));
#2380=DIRECTION('ref_axis',(0.,0.,1.));
#2381=DIRECTION('center_axis',(0.,-1.,0.));
#2382=DIRECTION('ref_axis',(0.,0.,1.));
#2383=DIRECTION('center_axis',(0.,-1.,0.));
#2384=DIRECTION('ref_axis',(0.,0.,1.));
#2385=DIRECTION('center_axis',(0.,-1.,0.));
#2386=DIRECTION('ref_axis',(0.,0.,1.));
#2387=DIRECTION('center_axis',(3.30707435303202E-31,-1.,7.91628933034463E-31));
#2388=DIRECTION('ref_axis',(0.,0.,1.));
#2389=DIRECTION('',(0.,-1.,0.));
#2390=DIRECTION('center_axis',(0.,-1.,0.));
#2391=DIRECTION('ref_axis',(0.,0.,1.));
#2392=DIRECTION('',(0.,-1.,0.));
#2393=DIRECTION('center_axis',(-0.5,-0.866025403784439,0.));
#2394=DIRECTION('ref_axis',(-0.866025403784439,0.5,0.));
#2395=DIRECTION('',(0.,0.,-1.));
#2396=DIRECTION('',(-0.866025403784439,0.5,0.));
#2397=DIRECTION('',(0.,0.,-1.));
#2398=DIRECTION('center_axis',(-1.,0.,0.));
#2399=DIRECTION('ref_axis',(0.,1.,0.));
#2400=DIRECTION('',(0.,1.,0.));
#2401=DIRECTION('',(0.,0.,-1.));
#2402=DIRECTION('center_axis',(-0.5,0.866025403784439,0.));
#2403=DIRECTION('ref_axis',(0.866025403784439,0.5,0.));
#2404=DIRECTION('',(0.866025403784439,0.5,0.));
#2405=DIRECTION('',(0.,0.,-1.));
#2406=DIRECTION('center_axis',(0.500000000000001,0.866025403784438,0.));
#2407=DIRECTION('ref_axis',(0.866025403784438,-0.500000000000001,0.));
#2408=DIRECTION('',(0.866025403784438,-0.500000000000001,0.));
#2409=DIRECTION('',(0.,0.,-1.));
#2410=DIRECTION('center_axis',(0.5,-0.866025403784439,0.));
#2411=DIRECTION('ref_axis',(-0.866025403784439,-0.5,0.));
#2412=DIRECTION('',(0.,0.,-1.));
#2413=DIRECTION('',(-0.866025403784439,-0.5,0.));
#2414=DIRECTION('center_axis',(1.,1.37354477598826E-15,0.));
#2415=DIRECTION('ref_axis',(1.37354477598826E-15,-1.,0.));
#2416=DIRECTION('',(1.37354477598826E-15,-1.,0.));
#2417=DIRECTION('center_axis',(0.,0.,-1.));
#2418=DIRECTION('ref_axis',(-1.,0.,0.));
#2419=DIRECTION('center_axis',(0.,0.,1.));
#2420=DIRECTION('ref_axis',(1.,0.,0.));
#2421=DIRECTION('center_axis',(0.,0.,1.));
#2422=DIRECTION('ref_axis',(1.,0.,0.));
#2423=DIRECTION('',(0.,0.,1.));
#2424=DIRECTION('center_axis',(0.,0.,1.));
#2425=DIRECTION('ref_axis',(1.,0.,0.));
#2426=DIRECTION('center_axis',(0.,0.,1.));
#2427=DIRECTION('ref_axis',(1.,0.,0.));
#2428=DIRECTION('center_axis',(0.,0.,-1.));
#2429=DIRECTION('ref_axis',(1.,0.,0.));
#2430=DIRECTION('center_axis',(0.,0.,1.));
#2431=DIRECTION('ref_axis',(1.,0.,0.));
#2432=DIRECTION('',(0.,0.,1.));
#2433=DIRECTION('center_axis',(0.,0.164398987305357,-0.986393923832144));
#2434=DIRECTION('ref_axis',(0.,0.986393923832144,0.164398987305357));
#2435=DIRECTION('center_axis',(0.,0.,1.));
#2436=DIRECTION('ref_axis',(1.,0.,0.));
#2437=DIRECTION('center_axis',(0.,0.164398987305357,0.986393923832144));
#2438=DIRECTION('ref_axis',(0.,0.986393923832144,-0.164398987305357));
#2439=DIRECTION('',(0.,0.,1.));
#2440=DIRECTION('center_axis',(-2.23113783611335E-14,0.214335616847254,
0.97676007460927));
#2441=DIRECTION('ref_axis',(0.646258694625894,-0.745383589928756,0.163563454002892));
#2442=DIRECTION('center_axis',(0.974298608387783,0.225260342034789,3.94060031732199E-14));
#2443=DIRECTION('ref_axis',(-4.08562073062058E-14,1.77635683940025E-15,
1.));
#2444=DIRECTION('center_axis',(0.974298608387781,-0.225260342034795,-9.19435435708509E-16));
#2445=DIRECTION('ref_axis',(9.43689570931383E-16,0.,1.));
#2446=DIRECTION('center_axis',(8.27763166368171E-16,-0.214335616847257,
0.97676007460927));
#2447=DIRECTION('ref_axis',(0.64625869462589,-0.745383589928762,-0.163563454002882));
#2448=DIRECTION('center_axis',(1.34058638436258E-14,0.214335616847257,0.97676007460927));
#2449=DIRECTION('ref_axis',(-1.,-4.44089209850063E-16,1.38222766565832E-14));
#2450=DIRECTION('center_axis',(-4.56180753601057E-16,-0.21433561684713,
0.976760074609297));
#2451=DIRECTION('ref_axis',(-1.,5.37347943918576E-14,1.13242748511766E-14));
#2452=DIRECTION('center_axis',(1.,0.,2.36658271566304E-30));
#2453=DIRECTION('ref_axis',(-2.36658271566304E-30,7.67558579441779E-31,
1.));
#2454=DIRECTION('',(0.,-1.,0.));
#2455=DIRECTION('',(-2.36658271566304E-30,7.91628933034463E-31,1.));
#2456=DIRECTION('',(3.89063801829365E-31,-0.986393923832144,-0.164398987305357));
#2457=DIRECTION('center_axis',(1.,0.,2.36658271566304E-30));
#2458=DIRECTION('ref_axis',(-2.36658271566304E-30,7.67558579441779E-31,
1.));
#2459=DIRECTION('',(3.89063801829365E-31,0.986393923832144,-0.164398987305357));
#2460=DIRECTION('',(-2.36658271566304E-30,7.91628933034463E-31,1.));
#2461=DIRECTION('',(0.,1.,0.));
#2462=DIRECTION('center_axis',(0.,-1.,0.));
#2463=DIRECTION('ref_axis',(0.707106781186548,0.,-0.707106781186547));
#2464=DIRECTION('',(0.,1.,0.));
#2465=DIRECTION('center_axis',(3.30707435303202E-31,-1.,7.91628933034463E-31));
#2466=DIRECTION('ref_axis',(0.707106781186548,0.,-0.707106781186547));
#2467=DIRECTION('center_axis',(2.36658271566304E-30,0.,-1.));
#2468=DIRECTION('ref_axis',(1.,2.89462930475912E-31,2.36658271566304E-30));
#2469=DIRECTION('',(0.,-1.,0.));
#2470=DIRECTION('',(1.,3.30707435303202E-31,2.36658271566304E-30));
#2471=DIRECTION('center_axis',(-1.,0.,-2.36658271566304E-30));
#2472=DIRECTION('ref_axis',(2.36658271566304E-30,-5.91645678915759E-31,
-1.));
#2473=DIRECTION('',(-3.89063801829365E-31,0.986393923832144,0.164398987305357));
#2474=DIRECTION('',(2.36658271566304E-30,-7.91628933034463E-31,-1.));
#2475=DIRECTION('',(0.,1.,0.));
#2476=DIRECTION('center_axis',(0.,-1.,0.));
#2477=DIRECTION('ref_axis',(-0.707106781186548,0.,-0.707106781186547));
#2478=DIRECTION('center_axis',(3.30707435303202E-31,-1.,7.91628933034463E-31));
#2479=DIRECTION('ref_axis',(-0.707106781186548,0.,-0.707106781186547));
#2480=DIRECTION('center_axis',(3.30707435303202E-31,-1.,7.91628933034463E-31));
#2481=DIRECTION('ref_axis',(-1.,-3.30707435303202E-31,-2.36658271566304E-30));
#2482=DIRECTION('',(1.,3.30707435303202E-31,5.51179058838671E-32));
#2483=DIRECTION('center_axis',(0.,-1.,0.));
#2484=DIRECTION('ref_axis',(-0.707106781186547,0.,0.707106781186548));
#2485=DIRECTION('',(0.,1.,0.));
#2486=DIRECTION('center_axis',(3.30707435303202E-31,-1.,7.91628933034463E-31));
#2487=DIRECTION('ref_axis',(-0.707106781186547,0.,0.707106781186548));
#2488=DIRECTION('',(0.,-1.,0.));
#2489=DIRECTION('center_axis',(3.30707435303202E-31,-1.,7.91628933034463E-31));
#2490=DIRECTION('ref_axis',(-1.,-3.30707435303202E-31,-2.36658271566304E-30));
#2491=DIRECTION('',(-1.,-3.30707435303202E-31,-2.36658271566304E-30));
#2492=DIRECTION('center_axis',(3.30707435303202E-31,-1.,7.91628933034463E-31));
#2493=DIRECTION('ref_axis',(0.707106781186548,0.,0.707106781186547));
#2494=DIRECTION('',(-1.,-3.30707435303202E-31,5.51179058838671E-32));
#2495=DIRECTION('',(2.36658271566304E-30,-7.91628933034463E-31,-1.));
#2496=DIRECTION('center_axis',(-2.36658271566304E-30,0.,1.));
#2497=DIRECTION('ref_axis',(-1.,-3.94430452610506E-31,-2.36658271566304E-30));
#2498=DIRECTION('',(0.,-1.,0.));
#2499=DIRECTION('center_axis',(0.,-1.,0.));
#2500=DIRECTION('ref_axis',(0.707106781186548,0.,0.707106781186547));
#2501=DIRECTION('center_axis',(0.,0.164398987305357,0.986393923832144));
#2502=DIRECTION('ref_axis',(0.,0.986393923832144,-0.164398987305357));
#2503=DIRECTION('',(-3.89063801829365E-31,-0.986393923832144,0.164398987305357));
#2504=DIRECTION('',(1.,0.,0.));
#2505=DIRECTION('center_axis',(0.,-1.,0.));
#2506=DIRECTION('ref_axis',(0.,0.,1.));
#2507=DIRECTION('',(1.,0.,0.));
#2508=DIRECTION('center_axis',(0.,0.164398987305357,-0.986393923832144));
#2509=DIRECTION('ref_axis',(0.,-0.986393923832144,-0.164398987305357));
#2510=DIRECTION('center_axis',(-1.,0.,-2.36658271566304E-30));
#2511=DIRECTION('ref_axis',(2.36658271566304E-30,-5.91645678915759E-31,
-1.));
#2512=CARTESIAN_POINT('',(0.,0.,0.));
#2513=CARTESIAN_POINT('Ctrl Pts',(-16.5013113805619,-76.1572401086559,-24.2949921757771));
#2514=CARTESIAN_POINT('Ctrl Pts',(-16.5013113805619,-75.9318880361143,-24.0179209376366));
#2515=CARTESIAN_POINT('Ctrl Pts',(-16.5013113805619,-75.765563192454,-23.6931912484384));
#2516=CARTESIAN_POINT('Ctrl Pts',(-16.5013113805619,-75.6710843778926,-23.3487709326808));
#2517=CARTESIAN_POINT('Ctrl Pts',(-16.5013113805619,-76.0953649374676,-24.3453174934093));
#2518=CARTESIAN_POINT('Ctrl Pts',(-16.5013069981775,-75.8638064539047,-24.0589141188565));
#2519=CARTESIAN_POINT('Ctrl Pts',(-16.5013163370723,-75.6936379552815,-23.7237566857172));
#2520=CARTESIAN_POINT('Ctrl Pts',(-16.5013113805619,-75.5976738629649,-23.3689083581153));
#2521=CARTESIAN_POINT('Ctrl Pts',(-16.4623221561529,-75.9719090284379,-24.4457286553691));
#2522=CARTESIAN_POINT('Ctrl Pts',(-16.4633858296059,-75.7279503161269,-24.140701254232));
#2523=CARTESIAN_POINT('Ctrl Pts',(-16.4645948494193,-75.5500932726784,-23.7847709023787));
#2524=CARTESIAN_POINT('Ctrl Pts',(-16.4658456897116,-75.4511506017353,-23.4091015273138));
#2525=CARTESIAN_POINT('Ctrl Pts',(-16.273492625794,-75.8036583799942,-24.5825730012049));
#2526=CARTESIAN_POINT('Ctrl Pts',(-16.2793269805948,-75.5415711024408,-24.2532487416964));
#2527=CARTESIAN_POINT('Ctrl Pts',(-16.2859854724417,-75.351411402651,-23.8694329323801));
#2528=CARTESIAN_POINT('Ctrl Pts',(-16.2929253588336,-75.2465391341337,-23.4652290204385));
#2529=CARTESIAN_POINT('Ctrl Pts',(-16.0683431156504,-75.7617974288274,-24.6166200288478));
#2530=CARTESIAN_POINT('Ctrl Pts',(-16.0782200639543,-75.4927492057538,-24.2831026707363));
#2531=CARTESIAN_POINT('Ctrl Pts',(-16.0895633513433,-75.2959973429063,-23.8936461703285));
#2532=CARTESIAN_POINT('Ctrl Pts',(-16.1015657020813,-75.1860250314598,-23.4818287981615));
#2533=CARTESIAN_POINT('Ctrl Pts',(-15.9493553082618,-75.7714418014309,-24.6087759113235));
#2534=CARTESIAN_POINT('Ctrl Pts',(-15.9605436373054,-75.5013159236718,-24.2785076628308));
#2535=CARTESIAN_POINT('Ctrl Pts',(-15.9735312075971,-75.3020754755301,-23.8914421940823));
#2536=CARTESIAN_POINT('Ctrl Pts',(-15.9874261414786,-75.1890829991128,-23.4809899592615));
#2537=CARTESIAN_POINT('',(-15.9494707778408,-75.7686579485491,-24.6053672225975));
#2538=CARTESIAN_POINT('',(-16.5013113805619,-75.7686579391954,-23.6371090501693));
#2539=CARTESIAN_POINT('Ctrl Pts',(-16.5013113805619,-75.768657938047,-23.6371090445007));
#2540=CARTESIAN_POINT('Ctrl Pts',(-16.5013113805619,-75.768657938047,-23.8309132041546));
#2541=CARTESIAN_POINT('Ctrl Pts',(-16.4854768284286,-75.768657938047,-24.0589116489521));
#2542=CARTESIAN_POINT('Ctrl Pts',(-16.3714922172471,-75.768657938047,-24.3506826908814));
#2543=CARTESIAN_POINT('Ctrl Pts',(-16.3241149495596,-75.768657938047,-24.4248310830124));
#2544=CARTESIAN_POINT('Ctrl Pts',(-16.2314652472805,-75.768657938047,-24.5242594880662));
#2545=CARTESIAN_POINT('Ctrl Pts',(-16.1860744817914,-75.768657938047,-24.5572663091035));
#2546=CARTESIAN_POINT('Ctrl Pts',(-16.1089565341578,-75.768657938047,-24.5926123916392));
#2547=CARTESIAN_POINT('Ctrl Pts',(-16.0774430847964,-75.768657938047,-24.6021121957687));
#2548=CARTESIAN_POINT('Ctrl Pts',(-16.0130616219778,-75.768657938047,-24.6110361008463));
#2549=CARTESIAN_POINT('Ctrl Pts',(-15.9810993359106,-75.768657938047,-24.6106017623884));
#2550=CARTESIAN_POINT('Ctrl Pts',(-15.9494707782771,-75.768657938047,-24.6053672097192));
#2551=CARTESIAN_POINT('',(-16.5013113805619,-75.6710843778926,-23.3487709326808));
#2552=CARTESIAN_POINT('Ctrl Pts',(-16.5013113805619,-75.768772801226,-23.6370625012153));
#2553=CARTESIAN_POINT('Ctrl Pts',(-16.5013113805619,-75.7306011525642,-23.542984535568));
#2554=CARTESIAN_POINT('Ctrl Pts',(-16.5013113805619,-75.6979402064962,-23.4466732297249));
#2555=CARTESIAN_POINT('Ctrl Pts',(-16.5013113805619,-75.6710843778926,-23.3487709326808));
#2556=CARTESIAN_POINT('',(-15.9874261414786,-75.1890829991128,-23.4809899592615));
#2557=CARTESIAN_POINT('Origin',(-16.0013113805619,-75.6710843778926,-23.3487709326808));
#2558=CARTESIAN_POINT('Ctrl Pts',(-15.9874261414786,-75.1890829991128,-23.4809899592615));
#2559=CARTESIAN_POINT('Ctrl Pts',(-15.9735789827941,-75.3016869714997,-23.8900309289029));
#2560=CARTESIAN_POINT('Ctrl Pts',(-15.9606329588176,-75.4999468393834,-24.2758456782558));
#2561=CARTESIAN_POINT('Ctrl Pts',(-15.9494707791265,-75.7686579803328,-24.6053671968238));
#2562=CARTESIAN_POINT('Ctrl Pts',(-16.5013113805619,-75.6710843778926,-23.3487709326808));
#2563=CARTESIAN_POINT('Ctrl Pts',(-16.5013113805619,-75.0244267640586,-20.9913956779466));
#2564=CARTESIAN_POINT('Ctrl Pts',(-16.5013113805619,-73.9515980975551,-18.7513741610546));
#2565=CARTESIAN_POINT('Ctrl Pts',(-16.5013113805619,-72.5203210810868,-16.7697510224907));
#2566=CARTESIAN_POINT('Ctrl Pts',(-16.5013113805619,-75.5426159767691,-23.3840114271912));
#2567=CARTESIAN_POINT('Ctrl Pts',(-16.5013084184939,-74.9002541376591,-21.0419673549483));
#2568=CARTESIAN_POINT('Ctrl Pts',(-16.5013175911846,-73.8345001360844,-18.8163790920729));
#2569=CARTESIAN_POINT('Ctrl Pts',(-16.5013113805619,-72.4126623878101,-16.8475102140903));
#2570=CARTESIAN_POINT('Ctrl Pts',(-16.388743319083,-75.2869307920226,-23.4541490818259));
#2571=CARTESIAN_POINT('Ctrl Pts',(-16.3888976622501,-74.6530729220231,-21.1424799434363));
#2572=CARTESIAN_POINT('Ctrl Pts',(-16.389148019344,-73.6015266575666,-18.9458705278231));
#2573=CARTESIAN_POINT('Ctrl Pts',(-16.3894734842216,-72.1983801607153,-17.002280927406));
#2574=CARTESIAN_POINT('Ctrl Pts',(-16.1205889621818,-75.1855153701843,-23.4819686046449));
#2575=CARTESIAN_POINT('Ctrl Pts',(-16.1210235152116,-74.5549057167214,-21.1826086611554));
#2576=CARTESIAN_POINT('Ctrl Pts',(-16.1217377839022,-73.5085018450369,-18.9972763047917));
#2577=CARTESIAN_POINT('Ctrl Pts',(-16.1226561738057,-72.1126375688287,-17.0642106650596));
#2578=CARTESIAN_POINT('Ctrl Pts',(-15.9874261414786,-75.1890829991128,-23.4809899592615));
#2579=CARTESIAN_POINT('Ctrl Pts',(-15.9879426061304,-74.5581826441629,-21.1811116619599));
#2580=CARTESIAN_POINT('Ctrl Pts',(-15.9887936263395,-73.5114961005365,-18.9957248162116));
#2581=CARTESIAN_POINT('Ctrl Pts',(-15.9898869064697,-72.115097456733,-17.0624339493199));
#2582=CARTESIAN_POINT('',(-16.5013113805619,-72.5203210810868,-16.7697510224907));
#2583=CARTESIAN_POINT('',(-15.9898869064697,-72.115097456733,-17.0624339493199));
#2584=CARTESIAN_POINT('Origin',(-16.0013113805619,-72.5203210810868,-16.7697510224907));
#2585=CARTESIAN_POINT('Ctrl Pts',(-15.9898869064697,-72.115097456733,-17.0624339493199));
#2586=CARTESIAN_POINT('Ctrl Pts',(-15.9887936263395,-73.5114961005365,-18.9957248162116));
#2587=CARTESIAN_POINT('Ctrl Pts',(-15.9879426061304,-74.5581826441629,-21.1811116619599));
#2588=CARTESIAN_POINT('Ctrl Pts',(-15.9874261414786,-75.1890829991128,-23.4809899592615));
#2589=CARTESIAN_POINT('Ctrl Pts',(-16.5013113805619,-75.6710843778926,-23.3487709326808));
#2590=CARTESIAN_POINT('Ctrl Pts',(-16.5013113805619,-75.0244267640586,-20.9913956779466));
#2591=CARTESIAN_POINT('Ctrl Pts',(-16.5013113805619,-73.9515980975551,-18.7513741610546));
#2592=CARTESIAN_POINT('Ctrl Pts',(-16.5013113805619,-72.5203210810868,-16.7697510224907));
#2593=CARTESIAN_POINT('Ctrl Pts',(-16.5013113805619,-72.5203210810868,-16.7697510224907));
#2594=CARTESIAN_POINT('Ctrl Pts',(-16.5013113805619,-71.8852206329814,-15.9662477267209));
#2595=CARTESIAN_POINT('Ctrl Pts',(-16.8643866265382,-70.4722417965602,-14.468467487026));
#2596=CARTESIAN_POINT('Ctrl Pts',(-17.8343809584292,-68.7727909342826,-13.1544041491938));
#2597=CARTESIAN_POINT('Ctrl Pts',(-18.7116947423513,-67.7051594355237,-12.4503591665312));
#2598=CARTESIAN_POINT('Ctrl Pts',(-19.2032068566205,-67.1989898505458,-12.1375092086232));
#2599=CARTESIAN_POINT('Ctrl Pts',(-19.6608765179942,-66.8122348430992,-11.9127715289638));
#2600=CARTESIAN_POINT('Ctrl Pts',(-20.0613672243865,-66.5388001668073,-11.7598896436968));
#2601=CARTESIAN_POINT('Ctrl Pts',(-20.6943523758915,-66.1728236736192,-11.5604944439496));
#2602=CARTESIAN_POINT('Ctrl Pts',(-21.5513827510591,-65.9244126185509,-11.4340026895533));
#2603=CARTESIAN_POINT('Ctrl Pts',(-22.5447136286619,-66.062017730605,-11.5045544787519));
#2604=CARTESIAN_POINT('Ctrl Pts',(-23.920742504148,-66.6310005682241,-11.8023649468016));
#2605=CARTESIAN_POINT('Ctrl Pts',(-25.4426302102809,-68.22526559956,-12.7238117977788));
#2606=CARTESIAN_POINT('Ctrl Pts',(-26.7396763678855,-70.4634487692444,-14.4650445731741));
#2607=CARTESIAN_POINT('Ctrl Pts',(-27.1013113805619,-71.8852206329814,-15.9662477267209));
#2608=CARTESIAN_POINT('Ctrl Pts',(-27.1013113805619,-72.5203210810867,-16.7697510224907));
#2609=CARTESIAN_POINT('Ctrl Pts',(-16.5013113805619,-72.4126623878101,-16.8475102140903));
#2610=CARTESIAN_POINT('Ctrl Pts',(-16.4892447847998,-71.7880286872595,-16.0457618586642));
#2611=CARTESIAN_POINT('Ctrl Pts',(-16.8298999763741,-70.3942867960775,-14.5372280981379));
#2612=CARTESIAN_POINT('Ctrl Pts',(-17.7930783533461,-68.7102130749831,-13.1972829182982));
#2613=CARTESIAN_POINT('Ctrl Pts',(-18.6744295521145,-67.6506914315905,-12.4766346917638));
#2614=CARTESIAN_POINT('Ctrl Pts',(-19.1697421411796,-67.1481024866061,-12.1558606875312));
#2615=CARTESIAN_POINT('Ctrl Pts',(-19.632131655456,-66.7639168357237,-11.9251386417737));
#2616=CARTESIAN_POINT('Ctrl Pts',(-20.0373536697631,-66.4922335495963,-11.7680581125009));
#2617=CARTESIAN_POINT('Ctrl Pts',(-20.6783326765599,-66.1285455488614,-11.5630875725263));
#2618=CARTESIAN_POINT('Ctrl Pts',(-21.5477683883577,-65.8815941577008,-11.4329039088744));
#2619=CARTESIAN_POINT('Ctrl Pts',(-22.5554852595695,-66.0183867402303,-11.5055068711589));
#2620=CARTESIAN_POINT('Ctrl Pts',(-23.9503755005928,-66.5839318467827,-11.811855267804));
#2621=CARTESIAN_POINT('Ctrl Pts',(-25.4865180530108,-68.1677618275535,-12.7582037928333));
#2622=CARTESIAN_POINT('Ctrl Pts',(-26.7741566171638,-70.3855410346149,-14.5337107294112));
#2623=CARTESIAN_POINT('Ctrl Pts',(-27.1133779763241,-71.7880286872595,-16.0457618586642));
#2624=CARTESIAN_POINT('Ctrl Pts',(-27.1013113805619,-72.4126623878101,-16.8475102140903));
#2625=CARTESIAN_POINT('Ctrl Pts',(-16.389472783374,-72.198380741997,-17.0022805075608));
#2626=CARTESIAN_POINT('Ctrl Pts',(-16.3676112260677,-71.5940143623926,-16.1868284103851));
#2627=CARTESIAN_POINT('Ctrl Pts',(-16.6982886674892,-70.2384431706885,-14.6385571018433));
#2628=CARTESIAN_POINT('Ctrl Pts',(-17.6788903772344,-68.5850217213693,-13.2514574853704));
#2629=CARTESIAN_POINT('Ctrl Pts',(-18.5825593782134,-67.5416736874829,-12.5041714866118));
#2630=CARTESIAN_POINT('Ctrl Pts',(-19.0913539984621,-67.0462217173384,-12.1712619425409));
#2631=CARTESIAN_POINT('Ctrl Pts',(-19.5669111289693,-66.6671752611256,-11.9316779279486));
#2632=CARTESIAN_POINT('Ctrl Pts',(-19.9840214120994,-66.3989880178717,-11.7685162593657));
#2633=CARTESIAN_POINT('Ctrl Pts',(-20.6440589705635,-66.0398694661812,-11.5555718405868));
#2634=CARTESIAN_POINT('Ctrl Pts',(-21.539987412068,-65.7958450528641,-11.4202493171463));
#2635=CARTESIAN_POINT('Ctrl Pts',(-22.5785546474733,-65.931004430176,-11.4957109470046));
#2636=CARTESIAN_POINT('Ctrl Pts',(-24.0156537100455,-66.4896977841039,-11.8140567372721));
#2637=CARTESIAN_POINT('Ctrl Pts',(-25.594473393424,-68.0524603620606,-12.7970116185767));
#2638=CARTESIAN_POINT('Ctrl Pts',(-26.9057557446929,-70.2297761031932,-14.634981889644));
#2639=CARTESIAN_POINT('Ctrl Pts',(-27.2350115350561,-71.5940143623926,-16.1868284103851));
#2640=CARTESIAN_POINT('Ctrl Pts',(-27.2131499777499,-72.198380741997,-17.0022805075608));
#2641=CARTESIAN_POINT('Ctrl Pts',(-16.1226561738057,-72.1126375688287,-17.0642106650597));
#2642=CARTESIAN_POINT('Ctrl Pts',(-16.1155967182314,-71.5031713709771,-16.2194646640359));
#2643=CARTESIAN_POINT('Ctrl Pts',(-16.4923317062494,-70.1411796832911,-14.6336500783687));
#2644=CARTESIAN_POINT('Ctrl Pts',(-17.5290054906373,-68.4912699051187,-13.2304382096054));
#2645=CARTESIAN_POINT('Ctrl Pts',(-18.4715396192124,-67.4521459356412,-12.4768697874776));
#2646=CARTESIAN_POINT('Ctrl Pts',(-19.0003231944847,-66.9590532433972,-12.1416515947444));
#2647=CARTESIAN_POINT('Ctrl Pts',(-19.4932211547002,-66.5819892214896,-11.9006743781982));
#2648=CARTESIAN_POINT('Ctrl Pts',(-19.9248078674172,-66.3152971304915,-11.7366608869177));
#2649=CARTESIAN_POINT('Ctrl Pts',(-20.6071634727493,-65.9582459030748,-11.5226873787642));
#2650=CARTESIAN_POINT('Ctrl Pts',(-21.5316934828642,-65.7157184846105,-11.3868606377459));
#2651=CARTESIAN_POINT('Ctrl Pts',(-22.6032778096772,-65.850059429693,-11.4626115559366));
#2652=CARTESIAN_POINT('Ctrl Pts',(-24.0872637122261,-66.405373583094,-11.7823324708122));
#2653=CARTESIAN_POINT('Ctrl Pts',(-25.7256782509867,-67.9600498547463,-12.7704874230763));
#2654=CARTESIAN_POINT('Ctrl Pts',(-27.1118292602753,-70.1325942731345,-14.6299780257216));
#2655=CARTESIAN_POINT('Ctrl Pts',(-27.4870260428924,-71.5031713709771,-16.2194646640359));
#2656=CARTESIAN_POINT('Ctrl Pts',(-27.4799665873181,-72.1126375688287,-17.0642106650597));
#2657=CARTESIAN_POINT('Ctrl Pts',(-15.9898869064697,-72.115097456733,-17.0624339493199));
#2658=CARTESIAN_POINT('Ctrl Pts',(-15.9903720275836,-71.4954735864346,-16.2045749312868));
#2659=CARTESIAN_POINT('Ctrl Pts',(-16.3898497357616,-70.1166122711767,-14.6054722363526));
#2660=CARTESIAN_POINT('Ctrl Pts',(-17.4543040482536,-68.4579717942113,-13.2025146000108));
#2661=CARTESIAN_POINT('Ctrl Pts',(-18.4161732298171,-67.4159948769906,-12.4508420920599));
#2662=CARTESIAN_POINT('Ctrl Pts',(-18.9549177572641,-66.921991097735,-12.116828331201));
#2663=CARTESIAN_POINT('Ctrl Pts',(-19.4564526289467,-66.5445360791012,-11.8768875043211));
#2664=CARTESIAN_POINT('Ctrl Pts',(-19.8952630941998,-66.2776784099426,-11.7136634022413));
#2665=CARTESIAN_POINT('Ctrl Pts',(-20.5887581367527,-65.9205068558207,-11.5007794338044));
#2666=CARTESIAN_POINT('Ctrl Pts',(-21.5275443509001,-65.6780758254251,-11.3657307130499));
#2667=CARTESIAN_POINT('Ctrl Pts',(-22.6156227417925,-65.8123685415368,-11.4410552187751));
#2668=CARTESIAN_POINT('Ctrl Pts',(-24.1230253983698,-66.3676571639014,-11.7590120921645));
#2669=CARTESIAN_POINT('Ctrl Pts',(-25.7909914526236,-67.9235907094737,-12.7427933596597));
#2670=CARTESIAN_POINT('Ctrl Pts',(-27.2143574432764,-70.1080325939436,-14.6018177678131));
#2671=CARTESIAN_POINT('Ctrl Pts',(-27.6122507335402,-71.4954735864346,-16.2045749312868));
#2672=CARTESIAN_POINT('Ctrl Pts',(-27.6127358546541,-72.115097456733,-17.0624339493199));
#2673=CARTESIAN_POINT('',(-27.1013113805619,-72.5203210810867,-16.7697510224907));
#2674=CARTESIAN_POINT('',(-27.6127358546541,-72.115097456733,-17.0624339493199));
#2675=CARTESIAN_POINT('Origin',(-27.6013113805619,-72.5203210810867,-16.7697510224907));
#2676=CARTESIAN_POINT('Ctrl Pts',(-27.6127358546541,-72.115097456733,-17.0624339493199));
#2677=CARTESIAN_POINT('Ctrl Pts',(-27.6122507335402,-71.4954735864346,-16.2045749312868));
#2678=CARTESIAN_POINT('Ctrl Pts',(-27.2143574432764,-70.1080325939436,-14.6018177678131));
#2679=CARTESIAN_POINT('Ctrl Pts',(-25.7909914526236,-67.9235907094737,-12.7427933596597));
#2680=CARTESIAN_POINT('Ctrl Pts',(-24.1230253983698,-66.3676571639014,-11.7590120921645));
#2681=CARTESIAN_POINT('Ctrl Pts',(-22.6156227417925,-65.8123685415368,-11.4410552187751));
#2682=CARTESIAN_POINT('Ctrl Pts',(-21.5275443509001,-65.6780758254251,-11.3657307130499));
#2683=CARTESIAN_POINT('Ctrl Pts',(-20.5887581367527,-65.9205068558207,-11.5007794338044));
#2684=CARTESIAN_POINT('Ctrl Pts',(-19.8952630941998,-66.2776784099426,-11.7136634022413));
#2685=CARTESIAN_POINT('Ctrl Pts',(-19.4564526289467,-66.5445360791012,-11.8768875043211));
#2686=CARTESIAN_POINT('Ctrl Pts',(-18.9549177572641,-66.921991097735,-12.116828331201));
#2687=CARTESIAN_POINT('Ctrl Pts',(-18.4161732298171,-67.4159948769906,-12.4508420920599));
#2688=CARTESIAN_POINT('Ctrl Pts',(-17.4543040482536,-68.4579717942113,-13.2025146000108));
#2689=CARTESIAN_POINT('Ctrl Pts',(-16.3898497357616,-70.1166122711767,-14.6054722363526));
#2690=CARTESIAN_POINT('Ctrl Pts',(-15.9903720275836,-71.4954735864346,-16.2045749312868));
#2691=CARTESIAN_POINT('Ctrl Pts',(-15.9898869064697,-72.115097456733,-17.0624339493199));
#2692=CARTESIAN_POINT('Ctrl Pts',(-16.5013113805619,-72.5203210810868,-16.7697510224907));
#2693=CARTESIAN_POINT('Ctrl Pts',(-16.5013113805619,-71.8852206329814,-15.9662477267209));
#2694=CARTESIAN_POINT('Ctrl Pts',(-16.8643866265382,-70.4722417965602,-14.468467487026));
#2695=CARTESIAN_POINT('Ctrl Pts',(-17.8343809584292,-68.7727909342826,-13.1544041491938));
#2696=CARTESIAN_POINT('Ctrl Pts',(-18.7116947423513,-67.7051594355237,-12.4503591665312));
#2697=CARTESIAN_POINT('Ctrl Pts',(-19.2032068566205,-67.1989898505458,-12.1375092086232));
#2698=CARTESIAN_POINT('Ctrl Pts',(-19.6608765179942,-66.8122348430992,-11.9127715289638));
#2699=CARTESIAN_POINT('Ctrl Pts',(-20.0613672243865,-66.5388001668073,-11.7598896436968));
#2700=CARTESIAN_POINT('Ctrl Pts',(-20.6943523758915,-66.1728236736192,-11.5604944439496));
#2701=CARTESIAN_POINT('Ctrl Pts',(-21.5513827510591,-65.9244126185509,-11.4340026895533));
#2702=CARTESIAN_POINT('Ctrl Pts',(-22.5447136286619,-66.062017730605,-11.5045544787519));
#2703=CARTESIAN_POINT('Ctrl Pts',(-23.920742504148,-66.6310005682241,-11.8023649468016));
#2704=CARTESIAN_POINT('Ctrl Pts',(-25.4426302102809,-68.22526559956,-12.7238117977788));
#2705=CARTESIAN_POINT('Ctrl Pts',(-26.7396763678855,-70.4634487692444,-14.4650445731741));
#2706=CARTESIAN_POINT('Ctrl Pts',(-27.1013113805619,-71.8852206329814,-15.9662477267209));
#2707=CARTESIAN_POINT('Ctrl Pts',(-27.1013113805619,-72.5203210810867,-16.7697510224907));
#2708=CARTESIAN_POINT('Ctrl Pts',(-27.1013113805619,-72.5203210810868,-16.7697510224907));
#2709=CARTESIAN_POINT('Ctrl Pts',(-27.1013113805619,-73.9515980975551,-18.7513741610546));
#2710=CARTESIAN_POINT('Ctrl Pts',(-27.1013113805619,-75.0244267640586,-20.9913956779466));
#2711=CARTESIAN_POINT('Ctrl Pts',(-27.1013113805619,-75.6710843778926,-23.3487709326808));
#2712=CARTESIAN_POINT('Ctrl Pts',(-27.1013113805619,-72.4126623878101,-16.8475102140903));
#2713=CARTESIAN_POINT('Ctrl Pts',(-27.1013051699392,-73.8345001360844,-18.8163790920729));
#2714=CARTESIAN_POINT('Ctrl Pts',(-27.1013143426299,-74.9002541376591,-21.0419673549483));
#2715=CARTESIAN_POINT('Ctrl Pts',(-27.1013113805619,-75.5426159767691,-23.3840114271913));
#2716=CARTESIAN_POINT('Ctrl Pts',(-27.2131548265112,-72.1983847635505,-17.0022776028928));
#2717=CARTESIAN_POINT('Ctrl Pts',(-27.2134802913887,-73.6015312604018,-18.9458672033099));
#2718=CARTESIAN_POINT('Ctrl Pts',(-27.2137306993844,-74.6530784751436,-21.1424784201456));
#2719=CARTESIAN_POINT('Ctrl Pts',(-27.2138850425515,-75.2869363451431,-23.4541475585353));
#2720=CARTESIAN_POINT('Ctrl Pts',(-27.4799665873181,-72.1126375688287,-17.0642106650597));
#2721=CARTESIAN_POINT('Ctrl Pts',(-27.4808849772216,-73.5085018450369,-18.9972763047917));
#2722=CARTESIAN_POINT('Ctrl Pts',(-27.4815992459122,-74.5549057167214,-21.1826086611554));
#2723=CARTESIAN_POINT('Ctrl Pts',(-27.4820337989421,-75.1855153701843,-23.4819686046449));
#2724=CARTESIAN_POINT('Ctrl Pts',(-27.6127358546541,-72.115097456733,-17.0624339493199));
#2725=CARTESIAN_POINT('Ctrl Pts',(-27.6138291347843,-73.5114961005365,-18.9957248162116));
#2726=CARTESIAN_POINT('Ctrl Pts',(-27.6146801549934,-74.5581826441628,-21.1811116619598));
#2727=CARTESIAN_POINT('Ctrl Pts',(-27.6151966196452,-75.1890829991128,-23.4809899592615));
#2728=CARTESIAN_POINT('',(-27.1013113805619,-75.6710843778926,-23.3487709326808));
#2729=CARTESIAN_POINT('',(-27.6151966196452,-75.1890829991128,-23.4809899592615));
#2730=CARTESIAN_POINT('Origin',(-27.6013113805619,-75.6710843778926,-23.3487709326808));
#2731=CARTESIAN_POINT('Ctrl Pts',(-27.6151966196452,-75.1890829991128,-23.4809899592615));
#2732=CARTESIAN_POINT('Ctrl Pts',(-27.6146801549934,-74.5581826441628,-21.1811116619598));
#2733=CARTESIAN_POINT('Ctrl Pts',(-27.6138291347843,-73.5114961005365,-18.9957248162116));
#2734=CARTESIAN_POINT('Ctrl Pts',(-27.6127358546541,-72.115097456733,-17.0624339493199));
#2735=CARTESIAN_POINT('Ctrl Pts',(-27.1013113805619,-72.5203210810868,-16.7697510224907));
#2736=CARTESIAN_POINT('Ctrl Pts',(-27.1013113805619,-73.9515980975551,-18.7513741610546));
#2737=CARTESIAN_POINT('Ctrl Pts',(-27.1013113805619,-75.0244267640586,-20.9913956779466));
#2738=CARTESIAN_POINT('Ctrl Pts',(-27.1013113805619,-75.6710843778926,-23.3487709326808));
#2739=CARTESIAN_POINT('Ctrl Pts',(-27.1013113805619,-75.6710843778926,-23.3487709326808));
#2740=CARTESIAN_POINT('Ctrl Pts',(-27.1013113805619,-75.7656326670907,-23.6934445166066));
#2741=CARTESIAN_POINT('Ctrl Pts',(-27.1013113805619,-75.9321340315689,-24.0183978878383));
#2742=CARTESIAN_POINT('Ctrl Pts',(-27.1013113805619,-76.1577373382895,-24.2956033289754));
#2743=CARTESIAN_POINT('Ctrl Pts',(-27.1013113805619,-75.5976738629649,-23.3689083581153));
#2744=CARTESIAN_POINT('Ctrl Pts',(-27.1013064204068,-75.6937085221115,-23.7240176220843));
#2745=CARTESIAN_POINT('Ctrl Pts',(-27.1013157654118,-75.864058174408,-24.0594064406071));
#2746=CARTESIAN_POINT('Ctrl Pts',(-27.1013113805619,-76.0958758578257,-24.3459492186303));
#2747=CARTESIAN_POINT('Ctrl Pts',(-27.1367776973752,-75.4511516425562,-23.4091012418036));
#2748=CARTESIAN_POINT('Ctrl Pts',(-27.1380294574682,-75.5501670706157,-23.7850468639135));
#2749=CARTESIAN_POINT('Ctrl Pts',(-27.1392393786606,-75.7282145021481,-24.1412233922219));
#2750=CARTESIAN_POINT('Ctrl Pts',(-27.1403036255508,-75.972448318703,-24.4464005692685));
#2751=CARTESIAN_POINT('Ctrl Pts',(-27.3096982661908,-75.2465412141563,-23.4652284498622));
#2752=CARTESIAN_POINT('Ctrl Pts',(-27.3166432558017,-75.351490600097,-23.8697295916118));
#2753=CARTESIAN_POINT('Ctrl Pts',(-27.3233064317532,-75.5418545885503,-24.2538110002758));
#2754=CARTESIAN_POINT('Ctrl Pts',(-27.3291438875086,-75.8042387145215,-24.5832977483782));
#2755=CARTESIAN_POINT('Ctrl Pts',(-27.5010570590425,-75.1860250314598,-23.4818287981616));
#2756=CARTESIAN_POINT('Ctrl Pts',(-27.5130682356634,-75.2960782106269,-23.8939489986654));
#2757=CARTESIAN_POINT('Ctrl Pts',(-27.524419360279,-75.4930402540917,-24.2836750006341));
#2758=CARTESIAN_POINT('Ctrl Pts',(-27.534301416008,-75.7623910040482,-24.6173554559857));
#2759=CARTESIAN_POINT('Ctrl Pts',(-27.6151966196452,-75.1890829991128,-23.4809899592615));
#2760=CARTESIAN_POINT('Ctrl Pts',(-27.6291017711134,-75.3021585641175,-23.8917440185707));
#2761=CARTESIAN_POINT('Ctrl Pts',(-27.6420981820999,-75.5016106058343,-24.2790761749224));
#2762=CARTESIAN_POINT('Ctrl Pts',(-27.6532921318747,-75.7720378227437,-24.6095044044764));
#2763=CARTESIAN_POINT('',(-27.1013113805619,-75.7686579380815,-23.6371090446709));
#2764=CARTESIAN_POINT('',(-27.6531519828701,-75.7686579386099,-24.6053672104095));
#2765=CARTESIAN_POINT('Ctrl Pts',(-27.6531519828468,-75.768657938047,-24.6053672097192));
#2766=CARTESIAN_POINT('Ctrl Pts',(-27.611592864743,-75.768657938047,-24.6122452784291));
#2767=CARTESIAN_POINT('Ctrl Pts',(-27.569697501449,-75.768657938047,-24.6107978648375));
#2768=CARTESIAN_POINT('Ctrl Pts',(-27.4852357023856,-75.768657938047,-24.5910811659222));
#2769=CARTESIAN_POINT('Ctrl Pts',(-27.4446735352523,-75.7686579380472,-24.5722976649602));
#2770=CARTESIAN_POINT('Ctrl Pts',(-27.3598194476404,-75.7686579380472,-24.5146500142929));
#2771=CARTESIAN_POINT('Ctrl Pts',(-27.319016221349,-75.7686579380505,-24.4722687510716));
#2772=CARTESIAN_POINT('Ctrl Pts',(-27.241229779714,-75.7686579380505,-24.3649367302144));
#2773=CARTESIAN_POINT('Ctrl Pts',(-27.2003268293901,-75.768657938047,-24.2857701619666));
#2774=CARTESIAN_POINT('Ctrl Pts',(-27.114503366388,-75.768657938047,-24.0079783840087));
#2775=CARTESIAN_POINT('Ctrl Pts',(-27.1013113805619,-75.768657938047,-23.8137489106958));
#2776=CARTESIAN_POINT('Ctrl Pts',(-27.1013113805619,-75.768657938047,-23.6371090445008));
#2777=CARTESIAN_POINT('Ctrl Pts',(-27.6531519809759,-75.7686579854446,-24.6053671724309));
#2778=CARTESIAN_POINT('Ctrl Pts',(-27.6419897602841,-75.4999484335905,-24.2758449422325));
#2779=CARTESIAN_POINT('Ctrl Pts',(-27.6290437781037,-75.3016869696616,-23.8900309222261));
#2780=CARTESIAN_POINT('Ctrl Pts',(-27.6151966196452,-75.1890829991128,-23.4809899592615));
#2781=CARTESIAN_POINT('Ctrl Pts',(-27.1013113805619,-75.6710843778926,-23.3487709326808));
#2782=CARTESIAN_POINT('Ctrl Pts',(-27.1013113805619,-75.6979402070279,-23.4466732316635));
#2783=CARTESIAN_POINT('Ctrl Pts',(-27.1013113805619,-75.7306012622864,-23.5429844896317));
#2784=CARTESIAN_POINT('Ctrl Pts',(-27.1013113805619,-75.7687730363503,-23.6370623999619));
#2785=CARTESIAN_POINT('Origin',(-27.1013113805619,-55.768657938047,-16.7697510224907));
#2786=CARTESIAN_POINT('',(-27.1013113805619,-75.768657938047,-16.7697510224907));
#2787=CARTESIAN_POINT('',(-27.1013113805619,-55.768657938047,-16.7697510224907));
#2788=CARTESIAN_POINT('',(-27.1013113805619,-75.768657938047,-34.7697510224907));
#2789=CARTESIAN_POINT('Origin',(-21.8013113805619,-55.768657938047,-16.7697510224907));
#2790=CARTESIAN_POINT('',(-16.5013113805619,-75.768657938047,-16.7697510224907));
#2791=CARTESIAN_POINT('',(-16.5013113805619,-55.768657938047,-16.7697510224907));
#2792=CARTESIAN_POINT('Origin',(-21.8013113805619,-75.768657938047,-16.7697510224907));
#2793=CARTESIAN_POINT('Origin',(-16.5013113805619,-55.768657938047,-34.7697510224907));
#2794=CARTESIAN_POINT('',(-16.5013113805619,-75.768657938047,-16.7697510224907));
#2795=CARTESIAN_POINT('Ctrl Pts',(-27.1013113805619,-76.1572401086552,34.7554901307948));
#2796=CARTESIAN_POINT('Ctrl Pts',(-27.1013113805619,-75.9318880361139,34.4784188926545));
#2797=CARTESIAN_POINT('Ctrl Pts',(-27.1013113805619,-75.7655631924539,34.1536892034566));
#2798=CARTESIAN_POINT('Ctrl Pts',(-27.1013113805619,-75.6710843778926,33.8092688876993));
#2799=CARTESIAN_POINT('Ctrl Pts',(-27.1013113805619,-76.0953649374669,34.8058154484269));
#2800=CARTESIAN_POINT('Ctrl Pts',(-27.1013157629463,-75.8638064539044,34.5194120738743));
#2801=CARTESIAN_POINT('Ctrl Pts',(-27.1013064240515,-75.6936379552813,34.1842546407353));
#2802=CARTESIAN_POINT('Ctrl Pts',(-27.1013113805619,-75.5976738629649,33.8294063131339));
#2803=CARTESIAN_POINT('Ctrl Pts',(-27.1403018230423,-75.9719108826623,34.9062251022782));
#2804=CARTESIAN_POINT('Ctrl Pts',(-27.1392381495892,-75.7279521703517,34.6011977011412));
#2805=CARTESIAN_POINT('Ctrl Pts',(-27.1380290436323,-75.5500951571228,34.2452683404699));
#2806=CARTESIAN_POINT('Ctrl Pts',(-27.13677820334,-75.4511524861799,33.8695989654056));
#2807=CARTESIAN_POINT('Ctrl Pts',(-27.329131722708,-75.8036620789399,35.0430679477353));
#2808=CARTESIAN_POINT('Ctrl Pts',(-27.3232973679071,-75.5415748013868,34.713743688227));
#2809=CARTESIAN_POINT('Ctrl Pts',(-27.3166388514423,-75.3514151628326,34.3299298559329));
#2810=CARTESIAN_POINT('Ctrl Pts',(-27.3096989650504,-75.2465428943156,33.925725943992));
#2811=CARTESIAN_POINT('Ctrl Pts',(-27.5342796454734,-75.7617974288265,35.0771179838653));
#2812=CARTESIAN_POINT('Ctrl Pts',(-27.5244026971695,-75.4927492057534,34.743600625754));
#2813=CARTESIAN_POINT('Ctrl Pts',(-27.5130594097805,-75.295997342906,34.3541441253462));
#2814=CARTESIAN_POINT('Ctrl Pts',(-27.5010570590425,-75.1860250314598,33.9423267531801));
#2815=CARTESIAN_POINT('Ctrl Pts',(-27.653267452862,-75.77144180143,35.069273866341));
#2816=CARTESIAN_POINT('Ctrl Pts',(-27.6420791238184,-75.5013159236713,34.7390056178485));
#2817=CARTESIAN_POINT('Ctrl Pts',(-27.6290915535267,-75.3020754755298,34.3519401491));
#2818=CARTESIAN_POINT('Ctrl Pts',(-27.6151966196452,-75.1890829991128,33.9414879142801));
#2819=CARTESIAN_POINT('',(-27.653151983283,-75.7686579485491,35.0658651776161));
#2820=CARTESIAN_POINT('',(-27.1013113805619,-75.7686579391954,34.0976070051878));
#2821=CARTESIAN_POINT('Ctrl Pts',(-27.1013113805619,-75.768657938047,34.0976069995193));
#2822=CARTESIAN_POINT('Ctrl Pts',(-27.1013113805619,-75.768657938047,34.2914111593884));
#2823=CARTESIAN_POINT('Ctrl Pts',(-27.117145932729,-75.768657938047,34.5194096047341));
#2824=CARTESIAN_POINT('Ctrl Pts',(-27.2311305443121,-75.768657938047,34.8111806466752));
#2825=CARTESIAN_POINT('Ctrl Pts',(-27.2785078119921,-75.768657938047,34.8853290386199));
#2826=CARTESIAN_POINT('Ctrl Pts',(-27.3711575142666,-75.768657938047,34.9847574434323));
#2827=CARTESIAN_POINT('Ctrl Pts',(-27.416548279745,-75.768657938047,35.0177642643797));
#2828=CARTESIAN_POINT('Ctrl Pts',(-27.4936662273075,-75.768657938047,35.0531103467708));
#2829=CARTESIAN_POINT('Ctrl Pts',(-27.525179676604,-75.768657938047,35.0626101508469));
#2830=CARTESIAN_POINT('Ctrl Pts',(-27.5895611392831,-75.768657938047,35.0715340558631));
#2831=CARTESIAN_POINT('Ctrl Pts',(-27.6215234252816,-75.768657938047,35.0710997173956));
#2832=CARTESIAN_POINT('Ctrl Pts',(-27.6531519828468,-75.768657938047,35.0658651647378));
#2833=CARTESIAN_POINT('',(-27.1013113805619,-75.6710843778926,33.8092688876993));
#2834=CARTESIAN_POINT('Ctrl Pts',(-27.1013113805619,-75.768772801226,34.0975604562338));
#2835=CARTESIAN_POINT('Ctrl Pts',(-27.1013113805619,-75.7306011525642,34.0034824905866));
#2836=CARTESIAN_POINT('Ctrl Pts',(-27.1013113805619,-75.6979402064962,33.9071711847435));
#2837=CARTESIAN_POINT('Ctrl Pts',(-27.1013113805619,-75.6710843778926,33.8092688876993));
#2838=CARTESIAN_POINT('',(-27.6151966196452,-75.1890829991128,33.9414879142801));
#2839=CARTESIAN_POINT('Origin',(-27.6013113805619,-75.6710843778926,33.8092688876993));
#2840=CARTESIAN_POINT('Ctrl Pts',(-27.6151966196452,-75.1890829991128,33.9414879142801));
#2841=CARTESIAN_POINT('Ctrl Pts',(-27.6290437783298,-75.3016869714996,34.350528883921));
#2842=CARTESIAN_POINT('Ctrl Pts',(-27.6419898023062,-75.4999468393833,34.7363436332743));
#2843=CARTESIAN_POINT('Ctrl Pts',(-27.6531519819973,-75.7686579803328,35.0658651518424));
#2844=CARTESIAN_POINT('Ctrl Pts',(-27.1013113805619,-75.6710843778926,33.8092688876993));
#2845=CARTESIAN_POINT('Ctrl Pts',(-27.1013113805619,-75.0244267640586,31.4518936329651));
#2846=CARTESIAN_POINT('Ctrl Pts',(-27.1013113805619,-73.9515980975551,29.2118721160732));
#2847=CARTESIAN_POINT('Ctrl Pts',(-27.1013113805619,-72.5203210810868,27.2302489775092));
#2848=CARTESIAN_POINT('Ctrl Pts',(-27.1013113805619,-75.5426159767691,33.8445093822098));
#2849=CARTESIAN_POINT('Ctrl Pts',(-27.1013143426299,-74.9002541376591,31.5024653099668));
#2850=CARTESIAN_POINT('Ctrl Pts',(-27.1013051699392,-73.8345001360844,29.2768770470915));
#2851=CARTESIAN_POINT('Ctrl Pts',(-27.1013113805619,-72.4126623878101,27.3080081691089));
#2852=CARTESIAN_POINT('Ctrl Pts',(-27.2138897322558,-75.2869409951643,33.9146442379947));
#2853=CARTESIAN_POINT('Ctrl Pts',(-27.2137353890887,-74.6530831251648,31.6029750996049));
#2854=CARTESIAN_POINT('Ctrl Pts',(-27.2134849384694,-73.6015351146818,29.4063623744781));
#2855=CARTESIAN_POINT('Ctrl Pts',(-27.2131594735918,-72.1983886178305,27.462772774061));
#2856=CARTESIAN_POINT('Ctrl Pts',(-27.4820337989421,-75.1855153701843,33.9424665596634));
#2857=CARTESIAN_POINT('Ctrl Pts',(-27.4815992459122,-74.5549057167214,31.6431066161739));
#2858=CARTESIAN_POINT('Ctrl Pts',(-27.4808849772216,-73.5085018450369,29.4577742598103));
#2859=CARTESIAN_POINT('Ctrl Pts',(-27.4799665873181,-72.1126375688288,27.5247086200782));
#2860=CARTESIAN_POINT('Ctrl Pts',(-27.6151966196452,-75.1890829991128,33.9414879142801));
#2861=CARTESIAN_POINT('Ctrl Pts',(-27.6146801549934,-74.5581826441629,31.6416096169784));
#2862=CARTESIAN_POINT('Ctrl Pts',(-27.6138291347843,-73.5114961005365,29.4562227712302));
#2863=CARTESIAN_POINT('Ctrl Pts',(-27.6127358546541,-72.1150974567331,27.5229319043385));
#2864=CARTESIAN_POINT('',(-27.1013113805619,-72.5203210810868,27.2302489775093));
#2865=CARTESIAN_POINT('',(-27.6127358546541,-72.115097456733,27.5229319043385));
#2866=CARTESIAN_POINT('Origin',(-27.6013113805619,-72.5203210810868,27.2302489775092));
#2867=CARTESIAN_POINT('Ctrl Pts',(-27.6127358546541,-72.1150974567331,27.5229319043385));
#2868=CARTESIAN_POINT('Ctrl Pts',(-27.6138291347843,-73.5114961005365,29.4562227712302));
#2869=CARTESIAN_POINT('Ctrl Pts',(-27.6146801549934,-74.5581826441629,31.6416096169784));
#2870=CARTESIAN_POINT('Ctrl Pts',(-27.6151966196452,-75.1890829991128,33.9414879142801));
#2871=CARTESIAN_POINT('Ctrl Pts',(-27.1013113805619,-75.6710843778926,33.8092688876993));
#2872=CARTESIAN_POINT('Ctrl Pts',(-27.1013113805619,-75.0244267640586,31.4518936329651));
#2873=CARTESIAN_POINT('Ctrl Pts',(-27.1013113805619,-73.9515980975551,29.2118721160732));
#2874=CARTESIAN_POINT('Ctrl Pts',(-27.1013113805619,-72.5203210810868,27.2302489775092));
#2875=CARTESIAN_POINT('Ctrl Pts',(-27.1013113805619,-72.5203210810868,27.2302489775092));
#2876=CARTESIAN_POINT('Ctrl Pts',(-27.1013113805619,-71.8852206060117,26.4267456476185));
#2877=CARTESIAN_POINT('Ctrl Pts',(-26.785458703615,-70.6483055175028,25.1157377804882));
#2878=CARTESIAN_POINT('Ctrl Pts',(-25.9832635783648,-69.1524742531511,23.907895411136));
#2879=CARTESIAN_POINT('Ctrl Pts',(-25.2004670408636,-68.0571689305045,23.1341356613155));
#2880=CARTESIAN_POINT('Ctrl Pts',(-24.5835670376379,-67.3548195135152,22.6883412940708));
#2881=CARTESIAN_POINT('Ctrl Pts',(-23.9432821309117,-66.8135655335814,22.3738182105477));
#2882=CARTESIAN_POINT('Ctrl Pts',(-23.5425085335768,-66.5399885541625,22.2208753438374));
#2883=CARTESIAN_POINT('Ctrl Pts',(-22.9110406179045,-66.1751872953637,22.0219526555679));
#2884=CARTESIAN_POINT('Ctrl Pts',(-21.7997536391236,-65.849170196679,21.8566755965798));
#2885=CARTESIAN_POINT('Ctrl Pts',(-20.3263790000959,-66.2845810406574,22.0773459198146));
#2886=CARTESIAN_POINT('Ctrl Pts',(-19.1744785803399,-67.1791282748756,22.5767379512683));
#2887=CARTESIAN_POINT('Ctrl Pts',(-17.9409644530367,-68.5820759475448,23.4679436390972));
#2888=CARTESIAN_POINT('Ctrl Pts',(-16.8626349928367,-70.4715774409004,24.9288102845944));
#2889=CARTESIAN_POINT('Ctrl Pts',(-16.5013113805619,-71.8852206060117,26.4267456476185));
#2890=CARTESIAN_POINT('Ctrl Pts',(-16.5013113805619,-72.5203210810868,27.2302489775092));
#2891=CARTESIAN_POINT('Ctrl Pts',(-27.1013113805619,-72.4126623878101,27.3080081691089));
#2892=CARTESIAN_POINT('Ctrl Pts',(-27.1133779768365,-71.7880286607343,26.5062597796364));
#2893=CARTESIAN_POINT('Ctrl Pts',(-26.8171094843526,-70.5679523293864,25.1858892656474));
#2894=CARTESIAN_POINT('Ctrl Pts',(-26.0230357752574,-69.0864577798742,23.9564967139838));
#2895=CARTESIAN_POINT('Ctrl Pts',(-25.2397287508808,-68.0001568073018,23.1659215279944));
#2896=CARTESIAN_POINT('Ctrl Pts',(-24.618921571297,-67.3029007542158,22.7090977481241));
#2897=CARTESIAN_POINT('Ctrl Pts',(-23.972061487272,-66.7652466092556,22.3861921970674));
#2898=CARTESIAN_POINT('Ctrl Pts',(-23.5665464159476,-66.4934209825213,22.2290496932842));
#2899=CARTESIAN_POINT('Ctrl Pts',(-22.9271110258278,-66.1309027688522,22.0245650642167));
#2900=CARTESIAN_POINT('Ctrl Pts',(-21.7997073595325,-65.8067948996547,21.8544558612683));
#2901=CARTESIAN_POINT('Ctrl Pts',(-20.305034791054,-66.2396573687893,22.0815643845036));
#2902=CARTESIAN_POINT('Ctrl Pts',(-19.1400946040274,-67.1284931726179,22.5947481419997));
#2903=CARTESIAN_POINT('Ctrl Pts',(-17.8986810641256,-68.5212492619412,23.5078639045165));
#2904=CARTESIAN_POINT('Ctrl Pts',(-16.8281685149785,-70.3936262234157,24.9975979788411));
#2905=CARTESIAN_POINT('Ctrl Pts',(-16.4892447842873,-71.7880286607343,26.5062597796364));
#2906=CARTESIAN_POINT('Ctrl Pts',(-16.5013113805619,-72.4126623878101,27.3080081691089));
#2907=CARTESIAN_POINT('Ctrl Pts',(-27.2131552837259,-72.1983851427636,27.4627752840153));
#2908=CARTESIAN_POINT('Ctrl Pts',(-27.2350168419605,-71.5940187374947,26.6473231522113));
#2909=CARTESIAN_POINT('Ctrl Pts',(-26.9476451838371,-70.4073914955852,25.2922091075592));
#2910=CARTESIAN_POINT('Ctrl Pts',(-26.1410852156688,-68.9544154008316,24.0211406604778));
#2911=CARTESIAN_POINT('Ctrl Pts',(-25.339756074275,-67.8860125580833,23.2020907251554));
#2912=CARTESIAN_POINT('Ctrl Pts',(-24.7026389122727,-67.1989480761108,22.7280700103648));
#2913=CARTESIAN_POINT('Ctrl Pts',(-24.0373254954583,-66.6684758616278,22.3927711409474));
#2914=CARTESIAN_POINT('Ctrl Pts',(-23.6199188824006,-66.4001494485178,22.2295433215419));
#2915=CARTESIAN_POINT('Ctrl Pts',(-22.9614810944137,-66.0421873539486,22.0171044484817));
#2916=CARTESIAN_POINT('Ctrl Pts',(-21.7996686880393,-65.7219085584162,21.840284163675));
#2917=CARTESIAN_POINT('Ctrl Pts',(-20.2593460995064,-66.1496451314492,22.0763383312577));
#2918=CARTESIAN_POINT('Ctrl Pts',(-19.0605136979827,-67.0270859851898,22.6094451436783));
#2919=CARTESIAN_POINT('Ctrl Pts',(-17.7866148379683,-68.3993915011988,23.5567974351579));
#2920=CARTESIAN_POINT('Ctrl Pts',(-16.6964991596056,-70.2377965349067,25.0990064283475));
#2921=CARTESIAN_POINT('Ctrl Pts',(-16.3676059191633,-71.5940187374947,26.6473231522113));
#2922=CARTESIAN_POINT('Ctrl Pts',(-16.3894674773979,-72.1983851427636,27.4627752840153));
#2923=CARTESIAN_POINT('Ctrl Pts',(-27.4799665873181,-72.1126375688288,27.5247086200782));
#2924=CARTESIAN_POINT('Ctrl Pts',(-27.4870260431922,-71.5031713450961,26.6799625831822));
#2925=CARTESIAN_POINT('Ctrl Pts',(-27.1593655665487,-70.3108576704762,25.2919620469055));
#2926=CARTESIAN_POINT('Ctrl Pts',(-26.3034048789557,-68.8598884288336,24.0037664269759));
#2927=CARTESIAN_POINT('Ctrl Pts',(-25.463901665877,-67.795001852473,23.1764841731928));
#2928=CARTESIAN_POINT('Ctrl Pts',(-24.8006262796616,-67.1109908754593,22.6990054710199));
#2929=CARTESIAN_POINT('Ctrl Pts',(-24.1110630128642,-66.5833173131378,22.3617388470291));
#2930=CARTESIAN_POINT('Ctrl Pts',(-23.67916956273,-66.316482864419,22.1976623750872));
#2931=CARTESIAN_POINT('Ctrl Pts',(-22.9984533902918,-65.9605832925373,21.9841942090012));
#2932=CARTESIAN_POINT('Ctrl Pts',(-21.7996239145588,-65.6422754858999,21.8067162172578));
#2933=CARTESIAN_POINT('Ctrl Pts',(-20.2102062247478,-66.0674031160606,22.0436566725344));
#2934=CARTESIAN_POINT('Ctrl Pts',(-18.9690989139488,-66.9399132865168,22.5794695872636));
#2935=CARTESIAN_POINT('Ctrl Pts',(-17.6428572515053,-68.3062528500059,23.5338685416835));
#2936=CARTESIAN_POINT('Ctrl Pts',(-16.4904559494072,-70.1405240129608,25.0940170154639));
#2937=CARTESIAN_POINT('Ctrl Pts',(-16.1155967179316,-71.5031713450961,26.6799625831822));
#2938=CARTESIAN_POINT('Ctrl Pts',(-16.1226561738057,-72.1126375688288,27.5247086200782));
#2939=CARTESIAN_POINT('Ctrl Pts',(-27.6127358546541,-72.1150974567331,27.5229319043385));
#2940=CARTESIAN_POINT('Ctrl Pts',(-27.6122507335196,-71.4954735601222,26.6650728498763));
#2941=CARTESIAN_POINT('Ctrl Pts',(-27.2647246186922,-70.2884260136042,25.2653773819782));
#2942=CARTESIAN_POINT('Ctrl Pts',(-26.384276812266,-68.8285359545047,23.9758263939907));
#2943=CARTESIAN_POINT('Ctrl Pts',(-25.5257789051149,-67.7595453154133,23.1497230255675));
#2944=CARTESIAN_POINT('Ctrl Pts',(-24.8495053394732,-67.074073558202,22.6737713771516));
#2945=CARTESIAN_POINT('Ctrl Pts',(-24.1478521444036,-66.5458346314986,22.337971306386));
#2946=CARTESIAN_POINT('Ctrl Pts',(-23.7087319656764,-66.2788380927111,22.1746820975651));
#2947=CARTESIAN_POINT('Ctrl Pts',(-23.0168979144119,-65.9228133768621,21.9623026052571));
#2948=CARTESIAN_POINT('Ctrl Pts',(-21.7996068963632,-65.6046450079119,21.7858448156333));
#2949=CARTESIAN_POINT('Ctrl Pts',(-20.1856859996986,-66.0295730966343,22.0214431358841));
#2950=CARTESIAN_POINT('Ctrl Pts',(-18.9234971892401,-66.9026046510312,22.5546182453974));
#2951=CARTESIAN_POINT('Ctrl Pts',(-17.5712745252367,-68.2718360441609,23.5061125830702));
#2952=CARTESIAN_POINT('Ctrl Pts',(-16.3879257313502,-70.1159653433271,25.0658045377659));
#2953=CARTESIAN_POINT('Ctrl Pts',(-15.9903720276042,-71.4954735601222,26.6650728498763));
#2954=CARTESIAN_POINT('Ctrl Pts',(-15.9898869064697,-72.115097456733,27.5229319043385));
#2955=CARTESIAN_POINT('',(-16.5013113805619,-72.5203210810868,27.2302489775093));
#2956=CARTESIAN_POINT('',(-15.9898869064697,-72.115097456733,27.5229319043385));
#2957=CARTESIAN_POINT('Origin',(-16.0013113805619,-72.5203210810868,27.2302489775092));
#2958=CARTESIAN_POINT('Ctrl Pts',(-15.9898869064697,-72.115097456733,27.5229319043385));
#2959=CARTESIAN_POINT('Ctrl Pts',(-15.9903720276042,-71.4954735601222,26.6650728498763));
#2960=CARTESIAN_POINT('Ctrl Pts',(-16.3879257313502,-70.1159653433271,25.0658045377659));
#2961=CARTESIAN_POINT('Ctrl Pts',(-17.5712745252367,-68.2718360441609,23.5061125830702));
#2962=CARTESIAN_POINT('Ctrl Pts',(-18.9234971892401,-66.9026046510312,22.5546182453974));
#2963=CARTESIAN_POINT('Ctrl Pts',(-20.1856859996986,-66.0295730966343,22.0214431358841));
#2964=CARTESIAN_POINT('Ctrl Pts',(-21.7996068963632,-65.6046450079119,21.7858448156333));
#2965=CARTESIAN_POINT('Ctrl Pts',(-23.0168979144119,-65.9228133768621,21.9623026052571));
#2966=CARTESIAN_POINT('Ctrl Pts',(-23.7087319656764,-66.2788380927111,22.1746820975651));
#2967=CARTESIAN_POINT('Ctrl Pts',(-24.1478521444036,-66.5458346314986,22.337971306386));
#2968=CARTESIAN_POINT('Ctrl Pts',(-24.8495053394732,-67.074073558202,22.6737713771516));
#2969=CARTESIAN_POINT('Ctrl Pts',(-25.5257789051149,-67.7595453154133,23.1497230255675));
#2970=CARTESIAN_POINT('Ctrl Pts',(-26.384276812266,-68.8285359545047,23.9758263939907));
#2971=CARTESIAN_POINT('Ctrl Pts',(-27.2647246186922,-70.2884260136042,25.2653773819782));
#2972=CARTESIAN_POINT('Ctrl Pts',(-27.6122507335196,-71.4954735601222,26.6650728498763));
#2973=CARTESIAN_POINT('Ctrl Pts',(-27.6127358546541,-72.1150974567331,27.5229319043385));
#2974=CARTESIAN_POINT('Ctrl Pts',(-27.1013113805619,-72.5203210810868,27.2302489775092));
#2975=CARTESIAN_POINT('Ctrl Pts',(-27.1013113805619,-71.8852206060117,26.4267456476185));
#2976=CARTESIAN_POINT('Ctrl Pts',(-26.785458703615,-70.6483055175028,25.1157377804882));
#2977=CARTESIAN_POINT('Ctrl Pts',(-25.9832635783648,-69.1524742531511,23.907895411136));
#2978=CARTESIAN_POINT('Ctrl Pts',(-25.2004670408636,-68.0571689305045,23.1341356613155));
#2979=CARTESIAN_POINT('Ctrl Pts',(-24.5835670376379,-67.3548195135152,22.6883412940708));
#2980=CARTESIAN_POINT('Ctrl Pts',(-23.9432821309117,-66.8135655335814,22.3738182105477));
#2981=CARTESIAN_POINT('Ctrl Pts',(-23.5425085335768,-66.5399885541625,22.2208753438374));
#2982=CARTESIAN_POINT('Ctrl Pts',(-22.9110406179045,-66.1751872953637,22.0219526555679));
#2983=CARTESIAN_POINT('Ctrl Pts',(-21.7997536391236,-65.849170196679,21.8566755965798));
#2984=CARTESIAN_POINT('Ctrl Pts',(-20.3263790000959,-66.2845810406574,22.0773459198146));
#2985=CARTESIAN_POINT('Ctrl Pts',(-19.1744785803399,-67.1791282748756,22.5767379512683));
#2986=CARTESIAN_POINT('Ctrl Pts',(-17.9409644530367,-68.5820759475448,23.4679436390972));
#2987=CARTESIAN_POINT('Ctrl Pts',(-16.8626349928367,-70.4715774409004,24.9288102845944));
#2988=CARTESIAN_POINT('Ctrl Pts',(-16.5013113805619,-71.8852206060117,26.4267456476185));
#2989=CARTESIAN_POINT('Ctrl Pts',(-16.5013113805619,-72.5203210810868,27.2302489775092));
#2990=CARTESIAN_POINT('Ctrl Pts',(-16.5013113805619,-72.5203210810868,27.2302489775092));
#2991=CARTESIAN_POINT('Ctrl Pts',(-16.5013113805619,-73.9515980975551,29.2118721160732));
#2992=CARTESIAN_POINT('Ctrl Pts',(-16.5013113805619,-75.0244267640586,31.4518936329651));
#2993=CARTESIAN_POINT('Ctrl Pts',(-16.5013113805619,-75.6710843778926,33.8092688876993));
#2994=CARTESIAN_POINT('Ctrl Pts',(-16.5013113805619,-72.4126623878101,27.3080081691089));
#2995=CARTESIAN_POINT('Ctrl Pts',(-16.5013175911846,-73.8345001360844,29.2768770470915));
#2996=CARTESIAN_POINT('Ctrl Pts',(-16.5013084184939,-74.9002541376591,31.5024653099668));
#2997=CARTESIAN_POINT('Ctrl Pts',(-16.5013113805619,-75.5426159767691,33.8445093822098));
#2998=CARTESIAN_POINT('Ctrl Pts',(-16.389468079665,-72.1983846432444,27.4627756448055));
#2999=CARTESIAN_POINT('Ctrl Pts',(-16.3891426147874,-73.6015311400957,29.4063652452226));
#3000=CARTESIAN_POINT('Ctrl Pts',(-16.3888922081222,-74.6530783299995,31.602976414979));
#3001=CARTESIAN_POINT('Ctrl Pts',(-16.3887378649551,-75.286936199999,33.9146455533687));
#3002=CARTESIAN_POINT('Ctrl Pts',(-16.1226561738057,-72.1126375688288,27.5247086200782));
#3003=CARTESIAN_POINT('Ctrl Pts',(-16.1217377839022,-73.5085018450369,29.4577742598103));
#3004=CARTESIAN_POINT('Ctrl Pts',(-16.1210235152116,-74.5549057167214,31.6431066161739));
#3005=CARTESIAN_POINT('Ctrl Pts',(-16.1205889621817,-75.1855153701843,33.9424665596634));
#3006=CARTESIAN_POINT('Ctrl Pts',(-15.9898869064697,-72.1150974567331,27.5229319043385));
#3007=CARTESIAN_POINT('Ctrl Pts',(-15.9887936263395,-73.5114961005365,29.4562227712302));
#3008=CARTESIAN_POINT('Ctrl Pts',(-15.9879426061304,-74.5581826441628,31.6416096169784));
#3009=CARTESIAN_POINT('Ctrl Pts',(-15.9874261414786,-75.1890829991128,33.9414879142801));
#3010=CARTESIAN_POINT('',(-16.5013113805619,-75.6710843778926,33.8092688876993));
#3011=CARTESIAN_POINT('',(-15.9874261414786,-75.1890829991128,33.9414879142801));
#3012=CARTESIAN_POINT('Origin',(-16.0013113805619,-75.6710843778926,33.8092688876993));
#3013=CARTESIAN_POINT('Ctrl Pts',(-15.9874261414786,-75.1890829991128,33.9414879142801));
#3014=CARTESIAN_POINT('Ctrl Pts',(-15.9879426061304,-74.5581826441628,31.6416096169784));
#3015=CARTESIAN_POINT('Ctrl Pts',(-15.9887936263395,-73.5114961005365,29.4562227712302));
#3016=CARTESIAN_POINT('Ctrl Pts',(-15.9898869064697,-72.1150974567331,27.5229319043385));
#3017=CARTESIAN_POINT('Ctrl Pts',(-16.5013113805619,-72.5203210810868,27.2302489775092));
#3018=CARTESIAN_POINT('Ctrl Pts',(-16.5013113805619,-73.9515980975551,29.2118721160732));
#3019=CARTESIAN_POINT('Ctrl Pts',(-16.5013113805619,-75.0244267640586,31.4518936329651));
#3020=CARTESIAN_POINT('Ctrl Pts',(-16.5013113805619,-75.6710843778926,33.8092688876993));
#3021=CARTESIAN_POINT('Ctrl Pts',(-16.5013113805619,-75.6710843778926,33.8092688876993));
#3022=CARTESIAN_POINT('Ctrl Pts',(-16.5013113805619,-75.7656326670907,34.1539424716253));
#3023=CARTESIAN_POINT('Ctrl Pts',(-16.5013113805619,-75.9321340315689,34.4788958428569));
#3024=CARTESIAN_POINT('Ctrl Pts',(-16.5013113805619,-76.1577373382896,34.756101283994));
#3025=CARTESIAN_POINT('Ctrl Pts',(-16.5013113805619,-75.5976738629649,33.8294063131339));
#3026=CARTESIAN_POINT('Ctrl Pts',(-16.501316340717,-75.6937085221115,34.1845155771029));
#3027=CARTESIAN_POINT('Ctrl Pts',(-16.501306995712,-75.8640581744081,34.5199043956257));
#3028=CARTESIAN_POINT('Ctrl Pts',(-16.5013113805619,-76.0958758578258,34.806447173649));
#3029=CARTESIAN_POINT('Ctrl Pts',(-16.465845096117,-75.451151588657,33.8695992116074));
#3030=CARTESIAN_POINT('Ctrl Pts',(-16.4645933360241,-75.5501670167165,34.2455448337172));
#3031=CARTESIAN_POINT('Ctrl Pts',(-16.4633834172954,-75.7282144491199,34.6017213903975));
#3032=CARTESIAN_POINT('Ctrl Pts',(-16.4623191704051,-75.9724482656749,34.9068985674441));
#3033=CARTESIAN_POINT('Ctrl Pts',(-16.2929245396244,-75.2465411066365,33.9257264343748));
#3034=CARTESIAN_POINT('Ctrl Pts',(-16.2859795500134,-75.3514904925772,34.3302275761243));
#3035=CARTESIAN_POINT('Ctrl Pts',(-16.2793163747669,-75.5418544827947,34.7143090413636));
#3036=CARTESIAN_POINT('Ctrl Pts',(-16.2734789190114,-75.8042386087659,35.043795789466));
#3037=CARTESIAN_POINT('Ctrl Pts',(-16.1015657020813,-75.1860250314598,33.9423267531801));
#3038=CARTESIAN_POINT('Ctrl Pts',(-16.0895545254604,-75.2960782106268,34.3544469536838));
#3039=CARTESIAN_POINT('Ctrl Pts',(-16.0782034008449,-75.4930402540917,34.7441729556527));
#3040=CARTESIAN_POINT('Ctrl Pts',(-16.0683213451158,-75.7623910040483,35.0778534110044));
#3041=CARTESIAN_POINT('Ctrl Pts',(-15.9874261414786,-75.1890829991128,33.9414879142801));
#3042=CARTESIAN_POINT('Ctrl Pts',(-15.9735209900104,-75.3021585641174,34.3522419735891));
#3043=CARTESIAN_POINT('Ctrl Pts',(-15.9605245790239,-75.5016106058344,34.7395741299411));
#3044=CARTESIAN_POINT('Ctrl Pts',(-15.9493306292491,-75.7720378227438,35.0700023594951));
#3045=CARTESIAN_POINT('',(-16.5013113805619,-75.7686579380815,34.0976069996895));
#3046=CARTESIAN_POINT('',(-15.9494707782537,-75.7686579386099,35.065865165428));
#3047=CARTESIAN_POINT('Ctrl Pts',(-15.9494707782771,-75.768657938047,35.0658651647378));
#3048=CARTESIAN_POINT('Ctrl Pts',(-15.9910298963822,-75.768657938047,35.0727432334479));
#3049=CARTESIAN_POINT('Ctrl Pts',(-16.0329252596777,-75.768657938047,35.0712958198559));
#3050=CARTESIAN_POINT('Ctrl Pts',(-16.1173870587339,-75.768657938047,35.0515791209412));
#3051=CARTESIAN_POINT('Ctrl Pts',(-16.1579492258597,-75.7686579380472,35.0327956199839));
#3052=CARTESIAN_POINT('Ctrl Pts',(-16.2428033134375,-75.7686579380472,34.9751479693463));
#3053=CARTESIAN_POINT('Ctrl Pts',(-16.2836065397098,-75.7686579380505,34.932766706159));
#3054=CARTESIAN_POINT('Ctrl Pts',(-16.361392981299,-75.7686579380505,34.8254346854125));
#3055=CARTESIAN_POINT('Ctrl Pts',(-16.4022959315723,-75.768657938047,34.7462681173081));
#3056=CARTESIAN_POINT('Ctrl Pts',(-16.4881193947125,-75.768657938047,34.4684763394389));
#3057=CARTESIAN_POINT('Ctrl Pts',(-16.5013113805619,-75.768657938047,34.2742468658713));
#3058=CARTESIAN_POINT('Ctrl Pts',(-16.5013113805619,-75.768657938047,34.0976069995193));
#3059=CARTESIAN_POINT('Ctrl Pts',(-15.9494707801479,-75.7686579854446,35.0658651274495));
#3060=CARTESIAN_POINT('Ctrl Pts',(-15.9606330008397,-75.4999484335905,34.736342897251));
#3061=CARTESIAN_POINT('Ctrl Pts',(-15.9735789830201,-75.3016869696616,34.3505288772444));
#3062=CARTESIAN_POINT('Ctrl Pts',(-15.9874261414786,-75.1890829991128,33.9414879142801));
#3063=CARTESIAN_POINT('Ctrl Pts',(-16.5013113805619,-75.6710843778926,33.8092688876993));
#3064=CARTESIAN_POINT('Ctrl Pts',(-16.5013113805619,-75.6979402070279,33.907171186682));
#3065=CARTESIAN_POINT('Ctrl Pts',(-16.5013113805619,-75.7306012622864,34.0034824446503));
#3066=CARTESIAN_POINT('Ctrl Pts',(-16.5013113805619,-75.7687730363503,34.0975603549805));
#3067=CARTESIAN_POINT('Origin',(-16.5013113805619,-55.768657938047,27.2302489775093));
#3068=CARTESIAN_POINT('',(-16.5013113805619,-75.768657938047,27.2302489775093));
#3069=CARTESIAN_POINT('',(-16.5013113805619,-55.768657938047,27.2302489775093));
#3070=CARTESIAN_POINT('',(-16.5013113805619,-75.768657938047,45.2302489775093));
#3071=CARTESIAN_POINT('Origin',(-21.8013113805619,-55.768657938047,27.2302489775093));
#3072=CARTESIAN_POINT('',(-27.1013113805619,-75.768657938047,27.2302489775093));
#3073=CARTESIAN_POINT('',(-27.1013113805619,-55.768657938047,27.2302489775093));
#3074=CARTESIAN_POINT('Origin',(-21.8013113805619,-75.768657938047,27.2302489775093));
#3075=CARTESIAN_POINT('Origin',(-27.1013113805619,-55.768657938047,45.2302489775093));
#3076=CARTESIAN_POINT('',(-27.1013113805619,-75.768657938047,27.2302489775093));
#3077=CARTESIAN_POINT('Ctrl Pts',(-24.6408999539863,-75.2317966726926,34.3273377726297));
#3078=CARTESIAN_POINT('Ctrl Pts',(-29.3464570794287,-75.1872044248388,33.9281677200842));
#3079=CARTESIAN_POINT('Ctrl Pts',(-33.9627694830496,-75.0070697356875,32.516435091337));
#3080=CARTESIAN_POINT('Ctrl Pts',(-38.2354797093006,-74.8416882491237,30.2732278443522));
#3081=CARTESIAN_POINT('Ctrl Pts',(-24.7154318301351,-75.4170997694167,35.056580832715));
#3082=CARTESIAN_POINT('Ctrl Pts',(-29.5433697020553,-75.3849441939873,34.6295665959105));
#3083=CARTESIAN_POINT('Ctrl Pts',(-34.2771255110759,-75.254988055496,33.1236933439937));
#3084=CARTESIAN_POINT('Ctrl Pts',(-38.5540606814327,-75.1352045531504,30.7008831938423));
#3085=CARTESIAN_POINT('Ctrl Pts',(-24.8390652758228,-76.2485011474242,36.1971896176957));
#3086=CARTESIAN_POINT('Ctrl Pts',(-29.8679764870558,-76.2178561454113,35.7162615974386));
#3087=CARTESIAN_POINT('Ctrl Pts',(-34.7796940596308,-76.1130653995524,34.0161838390423));
#3088=CARTESIAN_POINT('Ctrl Pts',(-39.0428918494338,-75.939298395546,31.2976652988334));
#3089=CARTESIAN_POINT('Ctrl Pts',(-24.8939929873248,-77.5730194594553,36.5780618926373));
#3090=CARTESIAN_POINT('Ctrl Pts',(-30.0126267758863,-77.5214204721687,36.0729982090511));
#3091=CARTESIAN_POINT('Ctrl Pts',(-34.9993918569506,-77.3562037256936,34.2873168234978));
#3092=CARTESIAN_POINT('Ctrl Pts',(-39.2623038350853,-77.0005104807924,31.4479060227384));
#3093=CARTESIAN_POINT('Ctrl Pts',(-24.9013113805619,-78.1400470043841,36.5773381565702));
#3094=CARTESIAN_POINT('Ctrl Pts',(-30.0317797085637,-78.0795505988895,36.0699720108348));
#3095=CARTESIAN_POINT('Ctrl Pts',(-35.0289112269297,-77.8883711017279,34.275585537975));
#3096=CARTESIAN_POINT('Ctrl Pts',(-39.2975685776741,-77.4550733050779,31.4243510635228));
#3097=CARTESIAN_POINT('',(-38.2354797092997,-74.8416882491237,30.2732278443527));
#3098=CARTESIAN_POINT('Ctrl Pts',(-27.6147078348943,-75.186684039412,33.9394524162951));
#3099=CARTESIAN_POINT('Ctrl Pts',(-31.2854229714921,-75.1116036649486,33.2932394780201));
#3100=CARTESIAN_POINT('Ctrl Pts',(-34.8672168516229,-74.9720617799842,32.0415929456574));
#3101=CARTESIAN_POINT('Ctrl Pts',(-38.2354797093006,-74.8416882491237,30.2732278443522));
#3102=CARTESIAN_POINT('',(-39.2975685776742,-77.4550733050779,31.4243510635228));
#3103=CARTESIAN_POINT('Origin',(-37.6312583684254,-77.4550733050779,28.9296746743787));
#3104=CARTESIAN_POINT('',(-24.9013113805619,-78.1400470043841,36.5773381565702));
#3105=CARTESIAN_POINT('Ctrl Pts',(-39.2975685776741,-77.4550733050779,31.4243510635228));
#3106=CARTESIAN_POINT('Ctrl Pts',(-35.0289112269297,-77.8883711017279,34.275585537975));
#3107=CARTESIAN_POINT('Ctrl Pts',(-30.0317797085637,-78.0795505988895,36.0699720108348));
#3108=CARTESIAN_POINT('Ctrl Pts',(-24.9013113805619,-78.1400470043841,36.5773381565702));
#3109=CARTESIAN_POINT('',(-24.9013113805619,-75.768657938047,35.4110898970718));
#3110=CARTESIAN_POINT('Ctrl Pts',(-24.9013113805619,-78.1400470043841,36.5773381565702));
#3111=CARTESIAN_POINT('Ctrl Pts',(-24.9013113805619,-78.0398094900969,36.5773381565702));
#3112=CARTESIAN_POINT('Ctrl Pts',(-24.9012964192565,-77.9398021551586,36.5721720641988));
#3113=CARTESIAN_POINT('Ctrl Pts',(-24.9012811114931,-77.8403988965479,36.5620266429608));
#3114=CARTESIAN_POINT('Ctrl Pts',(-24.9012656179236,-77.7397890776077,36.5517580762349));
#3115=CARTESIAN_POINT('Ctrl Pts',(-24.9012497361666,-77.6397972308446,36.5363884236817));
#3116=CARTESIAN_POINT('Ctrl Pts',(-24.901240630873,-77.5408079078618,36.5160578037117));
#3117=CARTESIAN_POINT('Ctrl Pts',(-24.9012315400461,-77.4419758602177,36.495759485257));
#3118=CARTESIAN_POINT('Ctrl Pts',(-24.9012291591723,-77.344142285172,36.4705157048644));
#3119=CARTESIAN_POINT('Ctrl Pts',(-24.9012333189682,-77.2476998001127,36.4404160009399));
#3120=CARTESIAN_POINT('Ctrl Pts',(-24.9012368496137,-77.1658438064961,36.4148687416508));
#3121=CARTESIAN_POINT('Ctrl Pts',(-24.9012449578359,-77.0849898080472,36.3858224460611));
#3122=CARTESIAN_POINT('Ctrl Pts',(-24.9012537440416,-77.0053905172814,36.3533054820106));
#3123=CARTESIAN_POINT('Ctrl Pts',(-24.9012641352185,-76.9112508698366,36.3148486628325));
#3124=CARTESIAN_POINT('Ctrl Pts',(-24.9012767856328,-76.819337557999,36.2717309697758));
#3125=CARTESIAN_POINT('Ctrl Pts',(-24.9012864928708,-76.7300263731898,36.2240964739884));
#3126=CARTESIAN_POINT('Ctrl Pts',(-24.9012939956907,-76.6609968781561,36.1872793026854));
#3127=CARTESIAN_POINT('Ctrl Pts',(-24.9012995957787,-76.5935218167594,36.1477627432086));
#3128=CARTESIAN_POINT('Ctrl Pts',(-24.9012983249876,-76.5277811272555,36.1055931357579));
#3129=CARTESIAN_POINT('Ctrl Pts',(-24.9012966270367,-76.4399425717235,36.0492487707417));
#3130=CARTESIAN_POINT('Ctrl Pts',(-24.9012827957559,-76.3551985802222,35.988169606757));
#3131=CARTESIAN_POINT('Ctrl Pts',(-24.9012665366015,-76.2737760607106,35.9227172415931));
#3132=CARTESIAN_POINT('Ctrl Pts',(-24.9012502774472,-76.1923535411991,35.8572648764291));
#3133=CARTESIAN_POINT('Ctrl Pts',(-24.901231482601,-76.1142518627212,35.7874385066167));
#3134=CARTESIAN_POINT('Ctrl Pts',(-24.90121546629,-76.0397389422641,35.7135578532561));
#3135=CARTESIAN_POINT('Ctrl Pts',(-24.9011999737445,-75.9676627438628,35.6420932455482));
#3136=CARTESIAN_POINT('Ctrl Pts',(-24.9011881664548,-75.8992359276109,35.567123973561));
#3137=CARTESIAN_POINT('Ctrl Pts',(-24.901182399438,-75.8346530166333,35.488990539758));
#3138=CARTESIAN_POINT('Ctrl Pts',(-24.9011804685837,-75.8130300182935,35.4628306921477));
#3139=CARTESIAN_POINT('Ctrl Pts',(-24.9011791889319,-75.7918381903316,35.4363158144715));
#3140=CARTESIAN_POINT('Ctrl Pts',(-24.9011785800113,-75.7710857236297,35.409457745681));
#3141=CARTESIAN_POINT('',(-27.1013113805619,-75.768657938047,35.1526944175867));
#3142=CARTESIAN_POINT('Ctrl Pts',(-24.9013113805619,-75.768657938047,35.4110898970718));
#3143=CARTESIAN_POINT('Ctrl Pts',(-25.6372063579498,-75.768657938047,35.3477300788524));
#3144=CARTESIAN_POINT('Ctrl Pts',(-26.3711785989698,-75.768657938047,35.2616473701256));
#3145=CARTESIAN_POINT('Ctrl Pts',(-27.1013113805619,-75.768657938047,35.1526944175867));
#3146=CARTESIAN_POINT('Ctrl Pts',(-27.6523684408669,-75.7701449248549,35.0626454113603));
#3147=CARTESIAN_POINT('Ctrl Pts',(-27.4687146005599,-75.7702394941109,35.0932081033561));
#3148=CARTESIAN_POINT('Ctrl Pts',(-27.2848217528502,-75.7703273210111,35.1222991476504));
#3149=CARTESIAN_POINT('Ctrl Pts',(-27.100709012125,-75.770412870026,35.1499272876514));
#3150=CARTESIAN_POINT('Ctrl Pts',(-38.2354797093002,-74.8416882491237,30.2732278443525));
#3151=CARTESIAN_POINT('Ctrl Pts',(-42.0112999202679,-74.7506827990431,28.3981524916773));
#3152=CARTESIAN_POINT('Ctrl Pts',(-47.7541914164478,-74.924188243044,23.2821479195899));
#3153=CARTESIAN_POINT('Ctrl Pts',(-50.7275642810712,-74.8637277964821,16.2637897245511));
#3154=CARTESIAN_POINT('Ctrl Pts',(-51.3914850724109,-74.8332420460035,13.1422996145461));
#3155=CARTESIAN_POINT('Ctrl Pts',(-38.5540606814323,-75.1352045531505,30.7008831938425));
#3156=CARTESIAN_POINT('Ctrl Pts',(-42.2998625098148,-75.0953217628699,28.6565567876475));
#3157=CARTESIAN_POINT('Ctrl Pts',(-47.9375704276562,-75.214331986882,23.3910504886));
#3158=CARTESIAN_POINT('Ctrl Pts',(-50.9646955943135,-75.1737315890507,16.3700547404244));
#3159=CARTESIAN_POINT('Ctrl Pts',(-51.6913047260564,-75.1499125972775,13.2385219670429));
#3160=CARTESIAN_POINT('Ctrl Pts',(-39.0428120301657,-75.9394045712319,31.2975279655128));
#3161=CARTESIAN_POINT('Ctrl Pts',(-42.7016103314897,-75.8467376323152,28.9861519907122));
#3162=CARTESIAN_POINT('Ctrl Pts',(-48.1815849715866,-75.79300211069,23.5331083381865));
#3163=CARTESIAN_POINT('Ctrl Pts',(-51.2760832771989,-75.8053390207132,16.5161699297543));
#3164=CARTESIAN_POINT('Ctrl Pts',(-52.0924182686758,-75.8286981032017,13.3793688977029));
#3165=CARTESIAN_POINT('Ctrl Pts',(-39.2623038350849,-77.0005104807925,31.4479060227387));
#3166=CARTESIAN_POINT('Ctrl Pts',(-42.8507303106352,-76.7189645490287,29.0575941798231));
#3167=CARTESIAN_POINT('Ctrl Pts',(-48.261097807,-76.4311043214761,23.5659305421074));
#3168=CARTESIAN_POINT('Ctrl Pts',(-51.3659616123572,-76.5087269889914,16.5728269433113));
#3169=CARTESIAN_POINT('Ctrl Pts',(-52.2103944036729,-76.6094991873214,13.4483938357754));
#3170=CARTESIAN_POINT('Ctrl Pts',(-39.2975685776737,-77.4550733050779,31.4243510635231));
#3171=CARTESIAN_POINT('Ctrl Pts',(-42.8656981823583,-77.0928838462304,29.0410316020965));
#3172=CARTESIAN_POINT('Ctrl Pts',(-48.2635831497292,-76.7045551421044,23.559023883506));
#3173=CARTESIAN_POINT('Ctrl Pts',(-51.3625076517934,-76.8101735636366,16.5797215325782));
#3174=CARTESIAN_POINT('Ctrl Pts',(-52.2063859207857,-76.9440804319832,13.4631975503741));
#3175=CARTESIAN_POINT('',(-51.3914850724109,-74.8332420460033,13.1422996145454));
#3176=CARTESIAN_POINT('',(-52.2063859207857,-76.9440804319832,13.4631975503741));
#3177=CARTESIAN_POINT('Origin',(-49.3106645360024,-76.9440804319832,12.6791072101013));
#3178=CARTESIAN_POINT('Ctrl Pts',(-52.2063859207857,-76.9440804319832,13.4631975503741));
#3179=CARTESIAN_POINT('Ctrl Pts',(-51.3625076517934,-76.8101735636366,16.5797215325782));
#3180=CARTESIAN_POINT('Ctrl Pts',(-48.2635831497292,-76.7045551421044,23.559023883506));
#3181=CARTESIAN_POINT('Ctrl Pts',(-42.8656981823583,-77.0928838462304,29.0410316020965));
#3182=CARTESIAN_POINT('Ctrl Pts',(-39.2975685776737,-77.4550733050779,31.4243510635231));
#3183=CARTESIAN_POINT('Ctrl Pts',(-38.2354797093002,-74.8416882491237,30.2732278443525));
#3184=CARTESIAN_POINT('Ctrl Pts',(-42.0112999202679,-74.7506827990431,28.3981524916773));
#3185=CARTESIAN_POINT('Ctrl Pts',(-47.7541914164478,-74.924188243044,23.2821479195899));
#3186=CARTESIAN_POINT('Ctrl Pts',(-50.7275642810712,-74.8637277964821,16.2637897245511));
#3187=CARTESIAN_POINT('Ctrl Pts',(-51.3914850724109,-74.8332420460035,13.1422996145461));
#3188=CARTESIAN_POINT('Ctrl Pts',(-51.3914850724111,-74.8332420460035,13.1422996145453));
#3189=CARTESIAN_POINT('Ctrl Pts',(-51.8805004860507,-74.8252075800122,10.9088589004498));
#3190=CARTESIAN_POINT('Ctrl Pts',(-52.5436448877209,-74.8356516723416,5.61610055332412));
#3191=CARTESIAN_POINT('Ctrl Pts',(-52.0435056239306,-74.8225294246818,0.296119292601281));
#3192=CARTESIAN_POINT('Ctrl Pts',(-51.3914850724113,-74.8332420460035,-2.68180165952611));
#3193=CARTESIAN_POINT('Ctrl Pts',(-51.9161694662906,-75.387415510733,13.3106887314148));
#3194=CARTESIAN_POINT('Ctrl Pts',(-52.4809362421882,-75.3871829600038,11.045687553343));
#3195=CARTESIAN_POINT('Ctrl Pts',(-53.2430071333855,-75.3934172636247,5.62948602513608));
#3196=CARTESIAN_POINT('Ctrl Pts',(-52.6691918341542,-75.3871054430941,0.169810794366845));
#3197=CARTESIAN_POINT('Ctrl Pts',(-51.9161694662908,-75.387415510733,-2.85019077639552));
#3198=CARTESIAN_POINT('Ctrl Pts',(-52.2157390475227,-76.1633908611057,13.428655549643));
#3199=CARTESIAN_POINT('Ctrl Pts',(-52.8328674885401,-76.2117394258866,11.14225093358));
#3200=CARTESIAN_POINT('Ctrl Pts',(-53.6691798001274,-76.2710546927492,5.63920832516913));
#3201=CARTESIAN_POINT('Ctrl Pts',(-53.0385769688793,-76.2278556141469,0.0803818934602196));
#3202=CARTESIAN_POINT('Ctrl Pts',(-52.2157390475229,-76.1633908611057,-2.96815759462373));
#3203=CARTESIAN_POINT('Ctrl Pts',(-52.2063859207859,-76.9440804319832,13.4631975503734));
#3204=CARTESIAN_POINT('Ctrl Pts',(-52.8279502491752,-77.0427104545218,11.1677004306038));
#3205=CARTESIAN_POINT('Ctrl Pts',(-53.6708416860348,-77.1580423876356,5.64121592255067));
#3206=CARTESIAN_POINT('Ctrl Pts',(-53.0351383586384,-77.0755871287014,0.0579632310052608));
#3207=CARTESIAN_POINT('Ctrl Pts',(-52.2063859207861,-76.9440804319832,-3.00269959535412));
#3208=CARTESIAN_POINT('',(-51.3914850724113,-74.8332420460035,-2.68180165952625));
#3209=CARTESIAN_POINT('',(-52.2063859207861,-76.9440804319832,-3.00269959535412));
#3210=CARTESIAN_POINT('Origin',(-49.3106645360028,-76.9440804319832,-2.21860925508142));
#3211=CARTESIAN_POINT('Ctrl Pts',(-52.2063859207861,-76.9440804319832,-3.00269959535412));
#3212=CARTESIAN_POINT('Ctrl Pts',(-53.0351383586384,-77.0755871287014,0.0579632310052608));
#3213=CARTESIAN_POINT('Ctrl Pts',(-53.6708416860348,-77.1580423876356,5.64121592255067));
#3214=CARTESIAN_POINT('Ctrl Pts',(-52.8279502491752,-77.0427104545218,11.1677004306038));
#3215=CARTESIAN_POINT('Ctrl Pts',(-52.2063859207859,-76.9440804319832,13.4631975503734));
#3216=CARTESIAN_POINT('Ctrl Pts',(-51.3914850724111,-74.8332420460035,13.1422996145453));
#3217=CARTESIAN_POINT('Ctrl Pts',(-51.8805004860507,-74.8252075800122,10.9088589004498));
#3218=CARTESIAN_POINT('Ctrl Pts',(-52.5436448877209,-74.8356516723416,5.61610055332412));
#3219=CARTESIAN_POINT('Ctrl Pts',(-52.0435056239306,-74.8225294246818,0.296119292601281));
#3220=CARTESIAN_POINT('Ctrl Pts',(-51.3914850724113,-74.8332420460035,-2.68180165952611));
#3221=CARTESIAN_POINT('Ctrl Pts',(-51.3914850724112,-74.8332420460035,-2.68180165952626));
#3222=CARTESIAN_POINT('Ctrl Pts',(-50.7275630006009,-74.8637278552784,-5.80329778979282));
#3223=CARTESIAN_POINT('Ctrl Pts',(-47.7543638949988,-74.9242902811212,-12.8214811154848));
#3224=CARTESIAN_POINT('Ctrl Pts',(-42.0113072024138,-74.7506826235241,-17.9376509203618));
#3225=CARTESIAN_POINT('Ctrl Pts',(-38.2354797092021,-74.8416882491261,-19.8127298893826));
#3226=CARTESIAN_POINT('Ctrl Pts',(-51.6913047260567,-75.1499125972775,-2.77802401202306));
#3227=CARTESIAN_POINT('Ctrl Pts',(-50.9646941929393,-75.1737316349892,-5.90956282503491));
#3228=CARTESIAN_POINT('Ctrl Pts',(-47.9377366164879,-75.2143687179491,-12.9303873450599));
#3229=CARTESIAN_POINT('Ctrl Pts',(-42.2998697340671,-75.095321685949,-18.196054889909));
#3230=CARTESIAN_POINT('Ctrl Pts',(-38.554060681335,-75.1352045531515,-20.240385238877));
#3231=CARTESIAN_POINT('Ctrl Pts',(-52.0924195694323,-75.8286976175827,-2.91887127183407));
#3232=CARTESIAN_POINT('Ctrl Pts',(-51.2760830035311,-75.8053384900426,-6.0556783536765));
#3233=CARTESIAN_POINT('Ctrl Pts',(-48.1817327996324,-75.7930227683039,-13.0724299796532));
#3234=CARTESIAN_POINT('Ctrl Pts',(-42.7016196029844,-75.8467352651487,-18.5256532617084));
#3235=CARTESIAN_POINT('Ctrl Pts',(-39.0428142451101,-75.9394023827887,-20.8370336943302));
#3236=CARTESIAN_POINT('Ctrl Pts',(-52.2103944036732,-76.6094991873214,-2.98789588075553));
#3237=CARTESIAN_POINT('Ctrl Pts',(-51.3659599837424,-76.5087267946371,-6.11233501422912));
#3238=CARTESIAN_POINT('Ctrl Pts',(-48.2612627131113,-76.4311128523547,-13.1052656111792));
#3239=CARTESIAN_POINT('Ctrl Pts',(-42.8507372313687,-76.7189640060301,-18.5970916148047));
#3240=CARTESIAN_POINT('Ctrl Pts',(-39.2623038349916,-77.0005104807998,-20.9874080677822));
#3241=CARTESIAN_POINT('Ctrl Pts',(-52.206385920786,-76.9440804319832,-3.00269959535427));
#3242=CARTESIAN_POINT('Ctrl Pts',(-51.3625060242481,-76.8101733053771,-6.11922958824201));
#3243=CARTESIAN_POINT('Ctrl Pts',(-48.2637496244735,-76.7045554289263,-13.0983551173234));
#3244=CARTESIAN_POINT('Ctrl Pts',(-42.8657050639465,-77.0928831477003,-18.5805290505639));
#3245=CARTESIAN_POINT('Ctrl Pts',(-39.297568577581,-77.4550733050874,-20.9638531085665));
#3246=CARTESIAN_POINT('',(-38.235479709248,-74.8416882491367,-19.8127298893826));
#3247=CARTESIAN_POINT('',(-39.297568577581,-77.4550733050874,-20.9638531085665));
#3248=CARTESIAN_POINT('Origin',(-37.6312583683411,-77.4550733050874,-18.4691767194164));
#3249=CARTESIAN_POINT('Ctrl Pts',(-39.297568577581,-77.4550733050874,-20.9638531085665));
#3250=CARTESIAN_POINT('Ctrl Pts',(-42.8657050639465,-77.0928831477003,-18.5805290505639));
#3251=CARTESIAN_POINT('Ctrl Pts',(-48.2637496244735,-76.7045554289263,-13.0983551173234));
#3252=CARTESIAN_POINT('Ctrl Pts',(-51.3625060242481,-76.8101733053771,-6.11922958824201));
#3253=CARTESIAN_POINT('Ctrl Pts',(-52.206385920786,-76.9440804319832,-3.00269959535427));
#3254=CARTESIAN_POINT('Ctrl Pts',(-51.3914850724112,-74.8332420460035,-2.68180165952626));
#3255=CARTESIAN_POINT('Ctrl Pts',(-50.7275630006009,-74.8637278552784,-5.80329778979282));
#3256=CARTESIAN_POINT('Ctrl Pts',(-47.7543638949988,-74.9242902811212,-12.8214811154848));
#3257=CARTESIAN_POINT('Ctrl Pts',(-42.0113072024138,-74.7506826235241,-17.9376509203618));
#3258=CARTESIAN_POINT('Ctrl Pts',(-38.2354797092021,-74.8416882491261,-19.8127298893826));
#3259=CARTESIAN_POINT('Ctrl Pts',(-38.235479709222,-74.8416882491267,-19.812729889375));
#3260=CARTESIAN_POINT('Ctrl Pts',(-33.962770138018,-75.0070697103366,-22.0559367924429));
#3261=CARTESIAN_POINT('Ctrl Pts',(-29.3464641990781,-75.1872043574381,-23.4676691617311));
#3262=CARTESIAN_POINT('Ctrl Pts',(-24.6408999495837,-75.2317966727343,-23.8668398179846));
#3263=CARTESIAN_POINT('Ctrl Pts',(-38.554060681354,-75.1352045531527,-20.2403852388683));
#3264=CARTESIAN_POINT('Ctrl Pts',(-34.2771261666888,-75.2549880371348,-22.663195017568));
#3265=CARTESIAN_POINT('Ctrl Pts',(-29.5433770068778,-75.3849441453847,-24.1690679954718));
#3266=CARTESIAN_POINT('Ctrl Pts',(-24.7154318256184,-75.417099769447,-24.5960828780958));
#3267=CARTESIAN_POINT('Ctrl Pts',(-39.0428943425439,-75.9392950785114,-20.8371716336291));
#3268=CARTESIAN_POINT('Ctrl Pts',(-34.7796972063211,-76.113062055877,-23.5556897570518));
#3269=CARTESIAN_POINT('Ctrl Pts',(-29.8679849858484,-76.2178467899852,-25.2557731407263));
#3270=CARTESIAN_POINT('Ctrl Pts',(-24.8390661609935,-76.2484918383459,-25.7367018883426));
#3271=CARTESIAN_POINT('Ctrl Pts',(-39.2623038350068,-77.000510480799,-20.9874080677721));
#3272=CARTESIAN_POINT('Ctrl Pts',(-34.9993925104057,-77.3562036711668,-23.8268184332122));
#3273=CARTESIAN_POINT('Ctrl Pts',(-30.0126345205637,-77.5214203941788,-25.6124994906426));
#3274=CARTESIAN_POINT('Ctrl Pts',(-24.893992982536,-77.5730194595035,-26.1175639380911));
#3275=CARTESIAN_POINT('Ctrl Pts',(-39.2975685775956,-77.4550733050859,-20.9638531085567));
#3276=CARTESIAN_POINT('Ctrl Pts',(-35.0289118812649,-77.8883710353041,-23.8150871458773));
#3277=CARTESIAN_POINT('Ctrl Pts',(-30.0317874711475,-78.0795505074517,-25.6094732889462));
#3278=CARTESIAN_POINT('Ctrl Pts',(-24.9013113757618,-78.1400470044407,-26.1168402020264));
#3279=CARTESIAN_POINT('',(-27.1013113805619,-75.768657938047,-24.6921964625681));
#3280=CARTESIAN_POINT('Ctrl Pts',(-27.1007101337217,-75.770410001067,-24.6894325386771));
#3281=CARTESIAN_POINT('Ctrl Pts',(-27.284822797395,-75.7703178311774,-24.6617961441427));
#3282=CARTESIAN_POINT('Ctrl Pts',(-27.4687158263473,-75.7702339149141,-24.632709989982));
#3283=CARTESIAN_POINT('Ctrl Pts',(-27.6523699160041,-75.7701420761928,-24.6021506151855));
#3284=CARTESIAN_POINT('',(-24.9013113805619,-75.768657938047,-24.9505919420533));
#3285=CARTESIAN_POINT('Ctrl Pts',(-27.1013113805619,-75.768657938047,-24.6921964625681));
#3286=CARTESIAN_POINT('Ctrl Pts',(-26.3712045516308,-75.768657938047,-24.8011455423607));
#3287=CARTESIAN_POINT('Ctrl Pts',(-25.6372293128514,-75.768657938047,-24.8872301474399));
#3288=CARTESIAN_POINT('Ctrl Pts',(-24.9013113805619,-75.768657938047,-24.9505919420533));
#3289=CARTESIAN_POINT('',(-24.9013113757625,-78.1400470044973,-26.1168402020263));
#3290=CARTESIAN_POINT('Ctrl Pts',(-24.9011788604946,-75.771082829526,-24.9489629702328));
#3291=CARTESIAN_POINT('Ctrl Pts',(-24.9011792608073,-75.7888537297045,-24.9719624956123));
#3292=CARTESIAN_POINT('Ctrl Pts',(-24.9011803726186,-75.8069579337324,-24.9947247084306));
#3293=CARTESIAN_POINT('Ctrl Pts',(-24.9011818690141,-75.8253914330039,-25.0172412092051));
#3294=CARTESIAN_POINT('Ctrl Pts',(-24.9011871239915,-75.8901254034409,-25.096313688826));
#3295=CARTESIAN_POINT('Ctrl Pts',(-24.9011982888112,-75.9585995320436,-25.1719701916321));
#3296=CARTESIAN_POINT('Ctrl Pts',(-24.9012130627479,-76.0305539213507,-25.2439225527082));
#3297=CARTESIAN_POINT('Ctrl Pts',(-24.9012277926472,-76.1022938325209,-25.3156604416931));
#3298=CARTESIAN_POINT('Ctrl Pts',(-24.901246201856,-76.177493853427,-25.3837169155739));
#3299=CARTESIAN_POINT('Ctrl Pts',(-24.9012631396456,-76.2559363638776,-25.4477739280675));
#3300=CARTESIAN_POINT('Ctrl Pts',(-24.9012797611663,-76.3329141651417,-25.5106348430101));
#3301=CARTESIAN_POINT('Ctrl Pts',(-24.9012950413242,-76.4130150846447,-25.5696447939658));
#3302=CARTESIAN_POINT('Ctrl Pts',(-24.9013001251067,-76.4960633490798,-25.6244631461149));
#3303=CARTESIAN_POINT('Ctrl Pts',(-24.9013007693199,-76.5065871637603,-25.6314096871779));
#3304=CARTESIAN_POINT('Ctrl Pts',(-24.9013012435798,-76.517158339561,-25.6382888606091));
#3305=CARTESIAN_POINT('Ctrl Pts',(-24.9013015242303,-76.5277765466467,-25.6450999194833));
#3306=CARTESIAN_POINT('Ctrl Pts',(-24.9013032054542,-76.5913844481829,-25.685901267463));
#3307=CARTESIAN_POINT('Ctrl Pts',(-24.9012980915227,-76.6566797322647,-25.7242595353541));
#3308=CARTESIAN_POINT('Ctrl Pts',(-24.9012902018715,-76.7235072983225,-25.7601175995349));
#3309=CARTESIAN_POINT('Ctrl Pts',(-24.901279728,-76.8122239385712,-25.8077208143098));
#3310=CARTESIAN_POINT('Ctrl Pts',(-24.9012648037293,-76.9032819195409,-25.8507273670545));
#3311=CARTESIAN_POINT('Ctrl Pts',(-24.9012540442966,-76.9962785853144,-25.889072813484));
#3312=CARTESIAN_POINT('Ctrl Pts',(-24.9012432118473,-77.0899063526914,-25.9276784829284));
#3313=CARTESIAN_POINT('Ctrl Pts',(-24.901236648811,-77.1855000603068,-25.9615598549973));
#3314=CARTESIAN_POINT('Ctrl Pts',(-24.9012366357768,-77.2826694560501,-25.9906035087146));
#3315=CARTESIAN_POINT('Ctrl Pts',(-24.9012366301259,-77.3247967972144,-26.0031952501724));
#3316=CARTESIAN_POINT('Ctrl Pts',(-24.9012377688786,-77.3672204923717,-26.0148770572654));
#3317=CARTESIAN_POINT('Ctrl Pts',(-24.9012398250431,-77.4099093095184,-26.0256367178009));
#3318=CARTESIAN_POINT('Ctrl Pts',(-24.9012445680245,-77.5083801556966,-26.0504561658048));
#3319=CARTESIAN_POINT('Ctrl Pts',(-24.9012544354352,-77.6079457477333,-26.0702929248464));
#3320=CARTESIAN_POINT('Ctrl Pts',(-24.9012672670991,-77.7082085826806,-26.0850556546655));
#3321=CARTESIAN_POINT('Ctrl Pts',(-24.9012799666582,-77.8074391893732,-26.0996663988875));
#3322=CARTESIAN_POINT('Ctrl Pts',(-24.9012955993309,-77.9073536269704,-26.1093071921814));
#3323=CARTESIAN_POINT('Ctrl Pts',(-24.9013047143047,-78.007574660023,-26.1138401779759));
#3324=CARTESIAN_POINT('Ctrl Pts',(-24.9013087259434,-78.0516834623389,-26.1158352140299));
#3325=CARTESIAN_POINT('Ctrl Pts',(-24.9013113760501,-78.0958516812959,-26.1168402019979));
#3326=CARTESIAN_POINT('Ctrl Pts',(-24.9013113757618,-78.1400470044407,-26.1168402020264));
#3327=CARTESIAN_POINT('Ctrl Pts',(-24.9013113757618,-78.1400470044407,-26.1168402020264));
#3328=CARTESIAN_POINT('Ctrl Pts',(-30.0317874711475,-78.0795505074517,-25.6094732889462));
#3329=CARTESIAN_POINT('Ctrl Pts',(-35.0289118812649,-77.8883710353041,-23.8150871458773));
#3330=CARTESIAN_POINT('Ctrl Pts',(-39.2975685775956,-77.4550733050859,-20.9638531085567));
#3331=CARTESIAN_POINT('Ctrl Pts',(-38.235479709222,-74.8416882491267,-19.812729889375));
#3332=CARTESIAN_POINT('Ctrl Pts',(-34.8672165023183,-74.972061793505,-21.5810951740173));
#3333=CARTESIAN_POINT('Ctrl Pts',(-31.2854257736001,-75.1116036863239,-22.8327416766193));
#3334=CARTESIAN_POINT('Ctrl Pts',(-27.6147078818532,-75.1866840680316,-23.4789546851291));
#3335=CARTESIAN_POINT('Origin',(-21.8013113805619,-75.768657938047,36.2302489775093));
#3336=CARTESIAN_POINT('',(-24.9013113805619,-75.768657938047,27.2302489775093));
#3337=CARTESIAN_POINT('',(-24.9013113805619,-75.768657938047,43.2302489775093));
#3338=CARTESIAN_POINT('',(-18.7013113805619,-75.768657938047,27.2302489775093));
#3339=CARTESIAN_POINT('Origin',(-21.8013113805619,-75.768657938047,27.2302489775093));
#3340=CARTESIAN_POINT('',(-18.7013113805619,-75.768657938047,35.4110898970718));
#3341=CARTESIAN_POINT('',(-18.7013113805619,-75.768657938047,31.7302489775093));
#3342=CARTESIAN_POINT('',(-16.5013113805619,-75.768657938047,35.1526944175867));
#3343=CARTESIAN_POINT('Ctrl Pts',(-16.5013113805619,-75.768657938047,35.1526944175867));
#3344=CARTESIAN_POINT('Ctrl Pts',(-17.2314182110637,-75.768657938047,35.2616434976137));
#3345=CARTESIAN_POINT('Ctrl Pts',(-17.9653934496753,-75.768657938047,35.3477281025793));
#3346=CARTESIAN_POINT('Ctrl Pts',(-18.7013113805619,-75.768657938047,35.4110898970718));
#3347=CARTESIAN_POINT('Ctrl Pts',(-16.5019122860147,-75.7704086949664,35.1499318543081));
#3348=CARTESIAN_POINT('Ctrl Pts',(-16.3177996010808,-75.7703165285911,35.122295447207));
#3349=CARTESIAN_POINT('Ctrl Pts',(-16.1339065506856,-75.7702326159406,35.0932092785761));
#3350=CARTESIAN_POINT('Ctrl Pts',(-15.9502524394723,-75.7701407818049,35.0626498886487));
#3351=CARTESIAN_POINT('Origin',(-24.9013113805619,-75.768657938047,50.2302489775093));
#3352=CARTESIAN_POINT('',(-24.9013113805619,-85.668657938047,36.5773381565702));
#3353=CARTESIAN_POINT('',(-24.9013113805619,-75.668657938047,36.5773381565702));
#3354=CARTESIAN_POINT('',(-24.9013113805619,-85.668657938047,27.2302489775093));
#3355=CARTESIAN_POINT('',(-24.9013113805619,-85.668657938047,27.7302489775093));
#3356=CARTESIAN_POINT('',(-24.9013113805619,-75.768657938047,27.2302489775093));
#3357=CARTESIAN_POINT('Origin',(-21.8013113805619,-75.668657938047,5.23024897750928));
#3358=CARTESIAN_POINT('',(-24.9013113805619,-85.668657938047,-26.1168402015517));
#3359=CARTESIAN_POINT('',(-24.9013113805619,-75.668657938047,-26.1168402015517));
#3360=CARTESIAN_POINT('Origin',(-21.8013113805619,-85.668657938047,5.23024897750928));
#3361=CARTESIAN_POINT('Origin',(-24.9013113805619,-75.768657938047,-16.7697510224907));
#3362=CARTESIAN_POINT('',(-24.9013113805619,-75.768657938047,-16.7697510224907));
#3363=CARTESIAN_POINT('',(-24.9013113805619,-75.768657938047,-21.2697510224907));
#3364=CARTESIAN_POINT('',(-24.9013113805619,-85.668657938047,-16.7697510224907));
#3365=CARTESIAN_POINT('',(-24.9013113805619,-75.768657938047,-16.7697510224907));
#3366=CARTESIAN_POINT('',(-24.9013113805619,-85.668657938047,-5.76975102249072));
#3367=CARTESIAN_POINT('Ctrl Pts',(-18.9617228071375,-75.2317966726926,-23.8668398176111));
#3368=CARTESIAN_POINT('Ctrl Pts',(-14.2561656942587,-75.1872044249579,-23.4676697661314));
#3369=CARTESIAN_POINT('Ctrl Pts',(-9.63985327765177,-75.0070697356707,-22.0559371361051));
#3370=CARTESIAN_POINT('Ctrl Pts',(-5.36714305176827,-74.8416882491216,-19.8127298893048));
#3371=CARTESIAN_POINT('Ctrl Pts',(-18.8871909309887,-75.4170997694167,-24.5960828776964));
#3372=CARTESIAN_POINT('Ctrl Pts',(-14.0592530719588,-75.3849441940732,-24.169068642032));
#3373=CARTESIAN_POINT('Ctrl Pts',(-9.32549724962549,-75.2549880554842,-22.663195388746));
#3374=CARTESIAN_POINT('Ctrl Pts',(-5.04856207963614,-75.1352045531489,-20.2403852387926));
#3375=CARTESIAN_POINT('Ctrl Pts',(-18.7635551043651,-76.2484762401441,-25.7367190210808));
#3376=CARTESIAN_POINT('Ctrl Pts',(-13.7346439065589,-76.2178312382131,-25.2557910021078));
#3377=CARTESIAN_POINT('Ctrl Pts',(-8.82292203034236,-76.1130565245292,-23.5556973613848));
#3378=CARTESIAN_POINT('Ctrl Pts',(-4.55972424090455,-75.9392895205366,-20.8371788213965));
#3379=CARTESIAN_POINT('Ctrl Pts',(-18.708629773799,-77.5730194594553,-26.1175639376187));
#3380=CARTESIAN_POINT('Ctrl Pts',(-13.5899959989039,-77.5214204723064,-25.6125002553811));
#3381=CARTESIAN_POINT('Ctrl Pts',(-8.60323090375455,-77.3562037256613,-23.8268188682134));
#3382=CARTESIAN_POINT('Ctrl Pts',(-4.34031892598373,-77.0005104807879,-20.9874080676833));
#3383=CARTESIAN_POINT('Ctrl Pts',(-18.7013113805619,-78.1400470043841,-26.1168402015517));
#3384=CARTESIAN_POINT('Ctrl Pts',(-13.5708430662582,-78.079550599051,-25.6094740571709));
#3385=CARTESIAN_POINT('Ctrl Pts',(-8.5737115337754,-77.8883711016885,-23.8150875826899));
#3386=CARTESIAN_POINT('Ctrl Pts',(-4.30505418339481,-77.4550733050723,-20.9638531084676));
#3387=CARTESIAN_POINT('',(-5.36714305179455,-74.8416882491155,-19.8127298893048));
#3388=CARTESIAN_POINT('Ctrl Pts',(-15.9879149263171,-75.1866840393585,-23.4789544608248));
#3389=CARTESIAN_POINT('Ctrl Pts',(-12.3171997941569,-75.1116036648946,-22.8327415224945));
#3390=CARTESIAN_POINT('Ctrl Pts',(-8.73540590768031,-74.9720617799135,-21.5810949896898));
#3391=CARTESIAN_POINT('Ctrl Pts',(-5.36714305176827,-74.8416882491216,-19.8127298893048));
#3392=CARTESIAN_POINT('',(-4.30505418339481,-77.4550733050723,-20.9638531084676));
#3393=CARTESIAN_POINT('Origin',(-5.97136439264882,-77.4550733050723,-18.469176719327));
#3394=CARTESIAN_POINT('',(-18.7013113805619,-78.1400470043841,-26.1168402015517));
#3395=CARTESIAN_POINT('Ctrl Pts',(-4.30505418339481,-77.4550733050723,-20.9638531084676));
#3396=CARTESIAN_POINT('Ctrl Pts',(-8.5737115337754,-77.8883711016885,-23.8150875826899));
#3397=CARTESIAN_POINT('Ctrl Pts',(-13.5708430662582,-78.079550599051,-25.6094740571709));
#3398=CARTESIAN_POINT('Ctrl Pts',(-18.7013113805619,-78.1400470043841,-26.1168402015517));
#3399=CARTESIAN_POINT('',(-18.7013113805619,-75.768657938047,-24.9505919420533));
#3400=CARTESIAN_POINT('Ctrl Pts',(-18.7013113805619,-78.1400470043841,-26.1168402015517));
#3401=CARTESIAN_POINT('Ctrl Pts',(-18.7013113805619,-78.0398075091929,-26.1168402015517));
#3402=CARTESIAN_POINT('Ctrl Pts',(-18.7013263105976,-77.9397978694454,-26.1116742709691));
#3403=CARTESIAN_POINT('Ctrl Pts',(-18.7013415657022,-77.8403921158164,-26.1015290612688));
#3404=CARTESIAN_POINT('Ctrl Pts',(-18.7013570058534,-77.7397805558452,-26.0912607886898));
#3405=CARTESIAN_POINT('Ctrl Pts',(-18.7013728122709,-77.6397867633032,-26.0758915608901));
#3406=CARTESIAN_POINT('Ctrl Pts',(-18.701381830914,-77.5407954153479,-26.0555613773452));
#3407=CARTESIAN_POINT('Ctrl Pts',(-18.7013908350295,-77.4419635259846,-26.0352639423436));
#3408=CARTESIAN_POINT('Ctrl Pts',(-18.701393118223,-77.3441299860553,-26.0100212752258));
#3409=CARTESIAN_POINT('Ctrl Pts',(-18.7013888604631,-77.2476875114098,-25.9799227896748));
#3410=CARTESIAN_POINT('Ctrl Pts',(-18.7013852467251,-77.1658327694414,-25.9543769523508));
#3411=CARTESIAN_POINT('Ctrl Pts',(-18.7013770553396,-77.0849799743905,-25.9253322607569));
#3412=CARTESIAN_POINT('Ctrl Pts',(-18.7013681921524,-77.0053818878669,-25.8928170055107));
#3413=CARTESIAN_POINT('Ctrl Pts',(-18.7013577096634,-76.9112412531601,-25.8543612222097));
#3414=CARTESIAN_POINT('Ctrl Pts',(-18.7013449770001,-76.8193270504758,-25.8112444576143));
#3415=CARTESIAN_POINT('Ctrl Pts',(-18.701335207137,-76.7300151820497,-25.7636106617186));
#3416=CARTESIAN_POINT('Ctrl Pts',(-18.7013276559195,-76.6609852128518,-25.7267940602813));
#3417=CARTESIAN_POINT('Ctrl Pts',(-18.7013220191469,-76.5935097985682,-25.687277938448));
#3418=CARTESIAN_POINT('Ctrl Pts',(-18.7013232698384,-76.5277689282361,-25.6451085803129));
#3419=CARTESIAN_POINT('Ctrl Pts',(-18.7013249409342,-76.4399300921267,-25.5887645234216));
#3420=CARTESIAN_POINT('Ctrl Pts',(-18.7013387749646,-76.3551861298105,-25.5276853273159));
#3421=CARTESIAN_POINT('Ctrl Pts',(-18.7013550588573,-76.2737638695268,-25.4622326773498));
#3422=CARTESIAN_POINT('Ctrl Pts',(-18.7013713427501,-76.1923416092431,-25.3967800273837));
#3423=CARTESIAN_POINT('Ctrl Pts',(-18.7013901843374,-76.1142404201831,-25.3269531199262));
#3424=CARTESIAN_POINT('Ctrl Pts',(-18.7014062619281,-76.0397281411658,-25.2530717619366));
#3425=CARTESIAN_POINT('Ctrl Pts',(-18.7014218135594,-75.9676534427302,-25.1816073446978));
#3426=CARTESIAN_POINT('Ctrl Pts',(-18.7014336933792,-75.8992281770209,-25.1066381953234));
#3427=CARTESIAN_POINT('Ctrl Pts',(-18.7014395394721,-75.8346467868875,-25.0285048841787));
#3428=CARTESIAN_POINT('Ctrl Pts',(-18.7014414968972,-75.8130232459343,-25.0023438051147));
#3429=CARTESIAN_POINT('Ctrl Pts',(-18.7014428037904,-75.7918309139766,-24.97582766145));
#3430=CARTESIAN_POINT('Ctrl Pts',(-18.7014434403623,-75.7710779800819,-24.9489682964059));
#3431=CARTESIAN_POINT('',(-16.5013113805619,-75.768657938047,-24.6921964625681));
#3432=CARTESIAN_POINT('Ctrl Pts',(-18.7013113805619,-75.768657938047,-24.9505919420533));
#3433=CARTESIAN_POINT('Ctrl Pts',(-17.9654164041658,-75.768657938047,-24.8872321239193));
#3434=CARTESIAN_POINT('Ctrl Pts',(-17.231444163276,-75.768657938047,-24.8011494152745));
#3435=CARTESIAN_POINT('Ctrl Pts',(-16.5013113805619,-75.768657938047,-24.6921964625681));
#3436=CARTESIAN_POINT('Ctrl Pts',(-15.9502533996994,-75.7701373212771,-24.6021558652226));
#3437=CARTESIAN_POINT('Ctrl Pts',(-16.1339072605348,-75.7702318589531,-24.6327185849368));
#3438=CARTESIAN_POINT('Ctrl Pts',(-16.317800127221,-75.7703196583701,-24.6618096530263));
#3439=CARTESIAN_POINT('Ctrl Pts',(-16.5019128852703,-75.7704051841658,-24.6894378127525));
#3440=CARTESIAN_POINT('Ctrl Pts',(-5.36714305177583,-74.8416882491226,-19.8127298893102));
#3441=CARTESIAN_POINT('Ctrl Pts',(-1.59134108444678,-74.7506832387549,-17.9376635964298));
#3442=CARTESIAN_POINT('Ctrl Pts',(4.15163960709092,-74.924714010997,-12.8219429550233));
#3443=CARTESIAN_POINT('Ctrl Pts',(7.12494472781409,-74.863727649184,-5.80327668742558));
#3444=CARTESIAN_POINT('Ctrl Pts',(7.78886231128708,-74.8332420460035,-2.68180165952776));
#3445=CARTESIAN_POINT('Ctrl Pts',(-5.04856207964414,-75.1352045531499,-20.2403852387981));
#3446=CARTESIAN_POINT('Ctrl Pts',(-1.30277834986074,-75.0953219555722,-18.196068710169));
#3447=CARTESIAN_POINT('Ctrl Pts',(4.3349901748511,-75.2145175973047,-12.9308787624959));
#3448=CARTESIAN_POINT('Ctrl Pts',(7.36207634394769,-75.1737314739645,-5.90954165477577));
#3449=CARTESIAN_POINT('Ctrl Pts',(8.08868196493249,-75.1499125972775,-2.77802401202457));
#3450=CARTESIAN_POINT('Ctrl Pts',(-4.55979799302861,-75.9393919862794,-20.8370511945151));
#3451=CARTESIAN_POINT('Ctrl Pts',(-0.901017369928693,-75.8467254951022,
-18.5256863875855));
#3452=CARTESIAN_POINT('Ctrl Pts',(4.57891608724651,-75.7931153512638,-13.0728729529893));
#3453=CARTESIAN_POINT('Ctrl Pts',(7.67347194053531,-75.8053363409594,-6.05565871147849));
#3454=CARTESIAN_POINT('Ctrl Pts',(8.48980298772561,-75.8286953105839,-2.91887283551196));
#3455=CARTESIAN_POINT('Ctrl Pts',(-4.34031892599355,-77.0005104807889,-20.9874080676899));
#3456=CARTESIAN_POINT('Ctrl Pts',(-0.751909788651481,-76.7189659093721,
-18.5971077740404));
#3457=CARTESIAN_POINT('Ctrl Pts',(4.65852493843671,-76.431169557324,-13.1057679872684));
#3458=CARTESIAN_POINT('Ctrl Pts',(7.76334293128006,-76.5087274758925,-6.11231389196625));
#3459=CARTESIAN_POINT('Ctrl Pts',(8.607771642549,-76.6094991873214,-2.98789588075703));
#3460=CARTESIAN_POINT('Ctrl Pts',(-4.30505418340497,-77.4550733050734,-20.9638531084744));
#3461=CARTESIAN_POINT('Ctrl Pts',(-0.736941818860016,-77.0928855962185,
-18.5805451625288));
#3462=CARTESIAN_POINT('Ctrl Pts',(4.66102040742129,-76.7045840671218,-13.0988388349889));
#3463=CARTESIAN_POINT('Ctrl Pts',(7.75988896803699,-76.8101742106345,-6.11920851944761));
#3464=CARTESIAN_POINT('Ctrl Pts',(8.60376315966179,-76.9440804319831,-3.00269959535577));
#3465=CARTESIAN_POINT('',(7.78886231128708,-74.8332420460033,-2.68180165952706));
#3466=CARTESIAN_POINT('',(8.60376315966179,-76.9440804319831,-3.00269959535577));
#3467=CARTESIAN_POINT('Origin',(5.70804177487858,-76.9440804319831,-2.21860925508291));
#3468=CARTESIAN_POINT('Ctrl Pts',(8.60376315966179,-76.9440804319831,-3.00269959535577));
#3469=CARTESIAN_POINT('Ctrl Pts',(7.75988896803699,-76.8101742106345,-6.11920851944761));
#3470=CARTESIAN_POINT('Ctrl Pts',(4.66102040742129,-76.7045840671218,-13.0988388349889));
#3471=CARTESIAN_POINT('Ctrl Pts',(-0.736941818860016,-77.0928855962185,
-18.5805451625288));
#3472=CARTESIAN_POINT('Ctrl Pts',(-4.30505418340497,-77.4550733050734,-20.9638531084744));
#3473=CARTESIAN_POINT('Ctrl Pts',(-5.36714305177583,-74.8416882491226,-19.8127298893102));
#3474=CARTESIAN_POINT('Ctrl Pts',(-1.59134108444678,-74.7506832387549,-17.9376635964298));
#3475=CARTESIAN_POINT('Ctrl Pts',(4.15163960709092,-74.924714010997,-12.8219429550233));
#3476=CARTESIAN_POINT('Ctrl Pts',(7.12494472781409,-74.863727649184,-5.80327668742558));
#3477=CARTESIAN_POINT('Ctrl Pts',(7.78886231128708,-74.8332420460035,-2.68180165952776));
#3478=CARTESIAN_POINT('Ctrl Pts',(7.7888623112874,-74.8332420460035,-2.68180165952628));
#3479=CARTESIAN_POINT('Ctrl Pts',(8.27787772492609,-74.8252075800122,-0.448360945434578));
#3480=CARTESIAN_POINT('Ctrl Pts',(8.94106092899671,-74.8357413499551,4.84439510380608));
#3481=CARTESIAN_POINT('Ctrl Pts',(8.44088286280623,-74.8225294246818,10.1643786624184));
#3482=CARTESIAN_POINT('Ctrl Pts',(7.7888623112883,-74.8332420460034,13.1422996145407));
#3483=CARTESIAN_POINT('Ctrl Pts',(8.31354670516691,-75.387415510733,-2.8501907763957));
#3484=CARTESIAN_POINT('Ctrl Pts',(8.87831348106351,-75.3871829600038,-0.585189598327851));
#3485=CARTESIAN_POINT('Ctrl Pts',(9.64020901510975,-75.3935742106629,4.83100445274513));
#3486=CARTESIAN_POINT('Ctrl Pts',(9.0665690730297,-75.3871054430941,10.2906871606529));
#3487=CARTESIAN_POINT('Ctrl Pts',(8.31354670516795,-75.387415510733,13.3106887314101));
#3488=CARTESIAN_POINT('Ctrl Pts',(8.61311628639901,-76.1633908611057,-2.96815759462391));
#3489=CARTESIAN_POINT('Ctrl Pts',(9.23024472741528,-76.2117394258865,-0.681752978564948));
#3490=CARTESIAN_POINT('Ctrl Pts',(10.0663769454939,-76.2711266707311,4.82128096305521));
#3491=CARTESIAN_POINT('Ctrl Pts',(9.43595420775475,-76.2278556141468,10.3801160615595));
#3492=CARTESIAN_POINT('Ctrl Pts',(8.61311628640015,-76.1633908611058,13.4286555496383));
#3493=CARTESIAN_POINT('Ctrl Pts',(8.60376315966219,-76.9440804319832,-3.0026995953543));
#3494=CARTESIAN_POINT('Ctrl Pts',(9.22532748805033,-77.0427104545217,-0.707202475588809));
#3495=CARTESIAN_POINT('Ctrl Pts',(10.0682682448032,-77.1579680952165,4.81928153786653));
#3496=CARTESIAN_POINT('Ctrl Pts',(9.43251559751376,-77.0755871287013,10.4025347240145));
#3497=CARTESIAN_POINT('Ctrl Pts',(8.60376315966334,-76.9440804319834,13.4631975503686));
#3498=CARTESIAN_POINT('',(7.7888623112883,-74.8332420460035,13.1422996145409));
#3499=CARTESIAN_POINT('',(8.60376315966333,-76.9440804319834,13.4631975503686));
#3500=CARTESIAN_POINT('Origin',(5.70804177487998,-76.9440804319834,12.6791072100963));
#3501=CARTESIAN_POINT('Ctrl Pts',(8.60376315966334,-76.9440804319834,13.4631975503686));
#3502=CARTESIAN_POINT('Ctrl Pts',(9.43251559751376,-77.0755871287013,10.4025347240145));
#3503=CARTESIAN_POINT('Ctrl Pts',(10.0682682448032,-77.1579680952165,4.81928153786653));
#3504=CARTESIAN_POINT('Ctrl Pts',(9.22532748805033,-77.0427104545217,-0.707202475588809));
#3505=CARTESIAN_POINT('Ctrl Pts',(8.60376315966219,-76.9440804319832,-3.0026995953543));
#3506=CARTESIAN_POINT('Ctrl Pts',(7.7888623112874,-74.8332420460035,-2.68180165952628));
#3507=CARTESIAN_POINT('Ctrl Pts',(8.27787772492609,-74.8252075800122,-0.448360945434578));
#3508=CARTESIAN_POINT('Ctrl Pts',(8.94106092899671,-74.8357413499551,4.84439510380608));
#3509=CARTESIAN_POINT('Ctrl Pts',(8.44088286280623,-74.8225294246818,10.1643786624184));
#3510=CARTESIAN_POINT('Ctrl Pts',(7.7888623112883,-74.8332420460034,13.1422996145407));
#3511=CARTESIAN_POINT('Ctrl Pts',(7.78886231128813,-74.8332420460034,13.1422996145414));
#3512=CARTESIAN_POINT('Ctrl Pts',(7.1249253966704,-74.8637285368267,16.2638655297559));
#3513=CARTESIAN_POINT('Ctrl Pts',(4.15170557829728,-74.9245739520278,23.2821661638476));
#3514=CARTESIAN_POINT('Ctrl Pts',(-1.59123114536633,-74.7506805889796,28.3981069556459));
#3515=CARTESIAN_POINT('Ctrl Pts',(-5.36714305192138,-74.8416882491261,30.273227844401));
#3516=CARTESIAN_POINT('Ctrl Pts',(8.08868196493364,-75.1499125972775,13.2385219670382));
#3517=CARTESIAN_POINT('Ctrl Pts',(7.36205518752997,-75.1737321674935,16.3701307895147));
#3518=CARTESIAN_POINT('Ctrl Pts',(4.33506433232756,-75.2144686160451,23.3910931127654));
#3519=CARTESIAN_POINT('Ctrl Pts',(-1.30266928481279,-75.0953207943176,28.6565071413669));
#3520=CARTESIAN_POINT('Ctrl Pts',(-5.04856207978854,-75.1352045531515,30.7008831938954));
#3521=CARTESIAN_POINT('Ctrl Pts',(8.48980079611754,-75.8286961287905,13.3793702359478));
#3522=CARTESIAN_POINT('Ctrl Pts',(7.67344597999239,-75.8053364790279,16.5162474450336));
#3523=CARTESIAN_POINT('Ctrl Pts',(4.57901535280222,-75.7930854376412,23.5331057978725));
#3524=CARTESIAN_POINT('Ctrl Pts',(-0.900914570188996,-75.8467264842072,
28.9861108365063));
#3525=CARTESIAN_POINT('Ctrl Pts',(-4.55980172523059,-75.9393956735365,31.297542942927));
#3526=CARTESIAN_POINT('Ctrl Pts',(8.60777164255033,-76.6094991873215,13.4483938357707));
#3527=CARTESIAN_POINT('Ctrl Pts',(7.76331834423289,-76.5087245417444,16.5729028199867));
#3528=CARTESIAN_POINT('Ctrl Pts',(4.65859849153107,-76.4311538686002,23.5659819302623));
#3529=CARTESIAN_POINT('Ctrl Pts',(-0.751805305840522,-76.7189577117067,
29.0575361313107));
#3530=CARTESIAN_POINT('Ctrl Pts',(-4.34031892613188,-77.0005104807998,31.4479060228006));
#3531=CARTESIAN_POINT('Ctrl Pts',(8.60376315966313,-76.9440804319834,13.4631975503694));
#3532=CARTESIAN_POINT('Ctrl Pts',(7.75986439713565,-76.810170311716,16.5797972171808));
#3533=CARTESIAN_POINT('Ctrl Pts',(4.66109119264544,-76.7045786586162,23.5590592272922));
#3534=CARTESIAN_POINT('Ctrl Pts',(-0.736837927025479,-77.0928750504866,
29.0409737233936));
#3535=CARTESIAN_POINT('Ctrl Pts',(-4.30505418354251,-77.4550733050873,31.4243510635848));
#3536=CARTESIAN_POINT('',(-5.36714305187549,-74.8416882491367,30.273227844401));
#3537=CARTESIAN_POINT('',(-4.30505418354251,-77.4550733050873,31.4243510635848));
#3538=CARTESIAN_POINT('Origin',(-5.97136439278246,-77.4550733050873,28.9296746744348));
#3539=CARTESIAN_POINT('Ctrl Pts',(-4.30505418354251,-77.4550733050873,31.4243510635848));
#3540=CARTESIAN_POINT('Ctrl Pts',(-0.736837927025479,-77.0928750504866,
29.0409737233936));
#3541=CARTESIAN_POINT('Ctrl Pts',(4.66109119264544,-76.7045786586162,23.5590592272922));
#3542=CARTESIAN_POINT('Ctrl Pts',(7.75986439713565,-76.810170311716,16.5797972171808));
#3543=CARTESIAN_POINT('Ctrl Pts',(8.60376315966313,-76.9440804319834,13.4631975503694));
#3544=CARTESIAN_POINT('Ctrl Pts',(7.78886231128813,-74.8332420460034,13.1422996145414));
#3545=CARTESIAN_POINT('Ctrl Pts',(7.1249253966704,-74.8637285368267,16.2638655297559));
#3546=CARTESIAN_POINT('Ctrl Pts',(4.15170557829728,-74.9245739520278,23.2821661638476));
#3547=CARTESIAN_POINT('Ctrl Pts',(-1.59123114536633,-74.7506805889796,28.3981069556459));
#3548=CARTESIAN_POINT('Ctrl Pts',(-5.36714305192138,-74.8416882491261,30.273227844401));
#3549=CARTESIAN_POINT('Ctrl Pts',(-5.36714305190152,-74.8416882491267,30.2732278443933));
#3550=CARTESIAN_POINT('Ctrl Pts',(-9.63985231121357,-75.0070696982643,32.5164345837156));
#3551=CARTESIAN_POINT('Ctrl Pts',(-14.2561598374684,-75.1872043695301,33.9281672249925));
#3552=CARTESIAN_POINT('Ctrl Pts',(-18.9617228118902,-75.2317966727376,34.3273377730329));
#3553=CARTESIAN_POINT('Ctrl Pts',(-5.04856207976952,-75.1352045531527,30.7008831938867));
#3554=CARTESIAN_POINT('Ctrl Pts',(-9.32549628223432,-75.254988028391,33.1236927957302));
#3555=CARTESIAN_POINT('Ctrl Pts',(-14.0592470628389,-75.3849441541043,34.6295660662838));
#3556=CARTESIAN_POINT('Ctrl Pts',(-18.8871909358646,-75.4170997694495,35.0565808331461));
#3557=CARTESIAN_POINT('Ctrl Pts',(-4.55972728987246,-75.9392935768342,31.2976715306938));
#3558=CARTESIAN_POINT('Ctrl Pts',(-8.82292411489758,-76.1130605415155,34.0161894556748));
#3559=CARTESIAN_POINT('Ctrl Pts',(-13.7346387354788,-76.2178425839105,35.7162758552801));
#3560=CARTESIAN_POINT('Ctrl Pts',(-18.7635561976432,-76.2484876239635,36.1972044725189));
#3561=CARTESIAN_POINT('Ctrl Pts',(-4.34031892611667,-77.000510480799,31.4479060227904));
#3562=CARTESIAN_POINT('Ctrl Pts',(-8.60322993954105,-77.3562036452025,34.2873161809641));
#3563=CARTESIAN_POINT('Ctrl Pts',(-13.5899896279431,-77.5214204081709,36.0729975826193));
#3564=CARTESIAN_POINT('Ctrl Pts',(-18.7086297789687,-77.5730194595073,36.5780618931473));
#3565=CARTESIAN_POINT('Ctrl Pts',(-4.30505418352793,-77.4550733050859,31.4243510635751));
#3566=CARTESIAN_POINT('Ctrl Pts',(-8.57371056826244,-77.888371003675,34.2755848927662));
#3567=CARTESIAN_POINT('Ctrl Pts',(-13.570836680567,-78.0795505238566,36.0699713815472));
#3568=CARTESIAN_POINT('Ctrl Pts',(-18.7013113857437,-78.1400470044452,36.5773381570827));
#3569=CARTESIAN_POINT('',(-18.701311385743,-78.1400470045063,36.5773381570826));
#3570=CARTESIAN_POINT('Ctrl Pts',(-18.701443774131,-75.7710815192692,35.4094623641164));
#3571=CARTESIAN_POINT('Ctrl Pts',(-18.7014433698556,-75.7888523776698,35.4324619356422));
#3572=CARTESIAN_POINT('Ctrl Pts',(-18.7014422541346,-75.8069565404906,35.4552241939807));
#3573=CARTESIAN_POINT('Ctrl Pts',(-18.7014407539103,-75.8253899994161,35.4777407393304));
#3574=CARTESIAN_POINT('Ctrl Pts',(-18.7014354854874,-75.8901238211805,35.5568133669529));
#3575=CARTESIAN_POINT('Ctrl Pts',(-18.7014243082871,-75.9585978116284,35.6324700060591));
#3576=CARTESIAN_POINT('Ctrl Pts',(-18.7014095242055,-76.0305520856239,35.704422478372));
#3577=CARTESIAN_POINT('Ctrl Pts',(-18.7013947842169,-76.1022917583069,35.7761603547458));
#3578=CARTESIAN_POINT('Ctrl Pts',(-18.7013763671531,-76.1774915515062,35.8442168037904));
#3579=CARTESIAN_POINT('Ctrl Pts',(-18.7013594248807,-76.2559338584104,35.9082737675751));
#3580=CARTESIAN_POINT('Ctrl Pts',(-18.7013427989931,-76.3329113109636,35.9711345130712));
#3581=CARTESIAN_POINT('Ctrl Pts',(-18.7013275177109,-76.4130118929187,36.0301442864964));
#3582=CARTESIAN_POINT('Ctrl Pts',(-18.7013224370711,-76.496059844786,36.0849624439394));
#3583=CARTESIAN_POINT('Ctrl Pts',(-18.7013217932247,-76.5065841344989,36.0919093000326));
#3584=CARTESIAN_POINT('Ctrl Pts',(-18.7013213194166,-76.5171557903657,36.0987887816294));
#3585=CARTESIAN_POINT('Ctrl Pts',(-18.7013210393087,-76.5277744825313,36.1056001416762));
#3586=CARTESIAN_POINT('Ctrl Pts',(-18.7013193614106,-76.5913824187394,36.1464014521003));
#3587=CARTESIAN_POINT('Ctrl Pts',(-18.7013244812946,-76.6566777650491,36.1847596521608));
#3588=CARTESIAN_POINT('Ctrl Pts',(-18.7013323787894,-76.7235054131848,36.2206176266973));
#3589=CARTESIAN_POINT('Ctrl Pts',(-18.7013428630461,-76.81222192951,36.268220597505));
#3590=CARTESIAN_POINT('Ctrl Pts',(-18.7013578009679,-76.9032798087731,36.3112268924791));
#3591=CARTESIAN_POINT('Ctrl Pts',(-18.7013685755971,-76.9962763795417,36.3495720883837));
#3592=CARTESIAN_POINT('Ctrl Pts',(-18.701379423385,-77.0899043873851,36.3881776441933));
#3593=CARTESIAN_POINT('Ctrl Pts',(-18.7013860032955,-77.1854983563885,36.4220588760426));
#3594=CARTESIAN_POINT('Ctrl Pts',(-18.7013860329203,-77.2826680144414,36.4511023834185));
#3595=CARTESIAN_POINT('Ctrl Pts',(-18.7013860457641,-77.3247955869578,36.4636940965893));
#3596=CARTESIAN_POINT('Ctrl Pts',(-18.7013849141447,-77.3672195152959,36.4753758691621));
#3597=CARTESIAN_POINT('Ctrl Pts',(-18.7013828649083,-77.4099085655523,36.4861354905093));
#3598=CARTESIAN_POINT('Ctrl Pts',(-18.7013781379237,-77.5083796263575,36.5109547666834));
#3599=CARTESIAN_POINT('Ctrl Pts',(-18.7013682854414,-77.6079454225384,36.5307913617809));
#3600=CARTESIAN_POINT('Ctrl Pts',(-18.7013554658174,-77.7082084317451,36.5455539560806));
#3601=CARTESIAN_POINT('Ctrl Pts',(-18.7013427781412,-77.8074394700626,36.5601646043367));
#3602=CARTESIAN_POINT('Ctrl Pts',(-18.7013271545063,-77.9073543136172,36.5698053035357));
#3603=CARTESIAN_POINT('Ctrl Pts',(-18.7013180440338,-78.0075757049457,36.5743382160591));
#3604=CARTESIAN_POINT('Ctrl Pts',(-18.7013140344212,-78.051684169809,36.5763331974708));
#3605=CARTESIAN_POINT('Ctrl Pts',(-18.7013113854326,-78.0958520407369,36.5773381570519));
#3606=CARTESIAN_POINT('Ctrl Pts',(-18.7013113857437,-78.1400470044452,36.5773381570827));
#3607=CARTESIAN_POINT('Ctrl Pts',(-18.7013113857437,-78.1400470044452,36.5773381570827));
#3608=CARTESIAN_POINT('Ctrl Pts',(-13.570836680567,-78.0795505238566,36.0699713815472));
#3609=CARTESIAN_POINT('Ctrl Pts',(-8.57371056826244,-77.888371003675,34.2755848927662));
#3610=CARTESIAN_POINT('Ctrl Pts',(-4.30505418352793,-77.4550733050859,31.4243510635751));
#3611=CARTESIAN_POINT('Ctrl Pts',(-5.36714305190152,-74.8416882491267,30.2732278443933));
#3612=CARTESIAN_POINT('Ctrl Pts',(-8.73540587257876,-74.9720617785556,32.0415929262637));
#3613=CARTESIAN_POINT('Ctrl Pts',(-12.3171973775348,-75.1116036781801,33.2932395399438));
#3614=CARTESIAN_POINT('Ctrl Pts',(-15.9879148908526,-75.1866840621402,33.9394525847444));
#3615=CARTESIAN_POINT('Origin',(-21.8013113805619,-75.668657938047,5.23024897750928));
#3616=CARTESIAN_POINT('',(-18.7013113805619,-85.668657938047,36.5773381565702));
#3617=CARTESIAN_POINT('',(-18.7013113805619,-75.668657938047,36.5773381565702));
#3618=CARTESIAN_POINT('',(-18.7013113805619,-85.668657938047,-26.1168402015517));
#3619=CARTESIAN_POINT('Origin',(-21.8013113805619,-85.668657938047,5.23024897750928));
#3620=CARTESIAN_POINT('',(-18.7013113805619,-75.668657938047,-26.1168402015517));
#3621=CARTESIAN_POINT('Origin',(-18.7013113805619,-75.768657938047,27.2302489775093));
#3622=CARTESIAN_POINT('',(-18.7013113805619,-85.668657938047,27.2302489775093));
#3623=CARTESIAN_POINT('',(-18.7013113805619,-75.768657938047,27.2302489775093));
#3624=CARTESIAN_POINT('',(-18.7013113805619,-85.668657938047,16.2302489775093));
#3625=CARTESIAN_POINT('Origin',(-21.8013113805619,-75.768657938047,27.2302489775093));
#3626=CARTESIAN_POINT('Origin',(-21.8013113805619,-85.668657938047,27.2302489775093));
#3627=CARTESIAN_POINT('Origin',(-18.7013113805619,-75.768657938047,-39.7697510224907));
#3628=CARTESIAN_POINT('',(-18.7013113805619,-85.668657938047,-16.7697510224907));
#3629=CARTESIAN_POINT('',(-18.7013113805619,-85.668657938047,-17.2697510224907));
#3630=CARTESIAN_POINT('',(-18.7013113805619,-75.768657938047,-16.7697510224907));
#3631=CARTESIAN_POINT('',(-18.7013113805619,-75.768657938047,-16.7697510224907));
#3632=CARTESIAN_POINT('',(-18.7013113805619,-75.768657938047,-32.7697510224907));
#3633=CARTESIAN_POINT('Origin',(-21.8013113805619,-75.768657938047,-16.7697510224907));
#3634=CARTESIAN_POINT('Origin',(-21.8013113805619,-85.668657938047,-16.7697510224907));
#3635=CARTESIAN_POINT('Origin',(-21.8013113805619,-75.768657938047,-16.7697510224907));
#3636=CARTESIAN_POINT('Origin',(-21.8013113805619,-85.668657938047,5.23024897750928));
#3637=CARTESIAN_POINT('',(-9.72242002559195,-85.668657938047,-2.08779706466236));
#3638=CARTESIAN_POINT('',(-8.10583927186099,-85.668657938047,-4.88779706466236));
#3639=CARTESIAN_POINT('',(-12.0083945127439,-85.668657938047,1.87162689189106));
#3640=CARTESIAN_POINT('',(-9.72242002559195,-85.668657938047,-7.68779706466236));
#3641=CARTESIAN_POINT('',(-8.43544243501878,-85.668657938047,-5.45868648958706));
#3642=CARTESIAN_POINT('',(-12.9555815330539,-85.668657938047,-7.68779706466236));
#3643=CARTESIAN_POINT('',(-17.3784464568079,-85.668657938047,-7.68779706466236));
#3644=CARTESIAN_POINT('',(-14.5721622867848,-85.668657938047,-4.88779706466236));
#3645=CARTESIAN_POINT('',(-17.6664271508023,-85.668657938047,0.47162689189106));
#3646=CARTESIAN_POINT('',(-12.9555815330539,-85.668657938047,-2.08779706466236));
#3647=CARTESIAN_POINT('',(-12.4768943193462,-85.668657938047,-1.25868648958705));
#3648=CARTESIAN_POINT('',(-15.7618657030769,-85.668657938047,-2.08779706466236));
#3649=CARTESIAN_POINT('',(-33.8802027355319,-85.668657938047,12.5482950196809));
#3650=CARTESIAN_POINT('',(-35.4967834892628,-85.668657938047,15.3482950196809));
#3651=CARTESIAN_POINT('',(-31.5942282483799,-85.668657938047,8.5888710631275));
#3652=CARTESIAN_POINT('',(-33.8802027355319,-85.668657938047,18.1482950196809));
#3653=CARTESIAN_POINT('',(-35.167180326105,-85.668657938047,15.9191844446056));
#3654=CARTESIAN_POINT('',(-30.64704122807,-85.668657938047,18.1482950196809));
#3655=CARTESIAN_POINT('',(-26.2241763043159,-85.668657938047,18.1482950196809));
#3656=CARTESIAN_POINT('',(-29.030460474339,-85.668657938047,15.3482950196809));
#3657=CARTESIAN_POINT('',(-25.9361956103216,-85.668657938047,9.98887106312749));
#3658=CARTESIAN_POINT('',(-30.64704122807,-85.668657938047,12.5482950196809));
#3659=CARTESIAN_POINT('',(-31.1257284417777,-85.668657938047,11.7191844446056));
#3660=CARTESIAN_POINT('',(-27.8407570580469,-85.668657938047,12.5482950196809));
#3661=CARTESIAN_POINT('',(-9.72242002559195,-85.668657938047,18.1482950196809));
#3662=CARTESIAN_POINT('',(-8.105839271861,-85.668657938047,15.3482950196809));
#3663=CARTESIAN_POINT('',(-7.6271520581533,-85.668657938047,14.5191844446056));
#3664=CARTESIAN_POINT('',(-9.72242002559195,-85.668657938047,12.5482950196809));
#3665=CARTESIAN_POINT('',(-12.8166848896094,-85.668657938047,7.18887106312749));
#3666=CARTESIAN_POINT('',(-12.9555815330539,-85.668657938047,12.5482950196809));
#3667=CARTESIAN_POINT('',(-17.3784464568079,-85.668657938047,12.5482950196809));
#3668=CARTESIAN_POINT('',(-14.5721622867848,-85.668657938047,15.3482950196809));
#3669=CARTESIAN_POINT('',(-13.2851846962116,-85.668657938047,13.1191844446056));
#3670=CARTESIAN_POINT('',(-12.9555815330539,-85.668657938047,18.1482950196809));
#3671=CARTESIAN_POINT('',(-16.8581367739368,-85.668657938047,11.3888710631275));
#3672=CARTESIAN_POINT('',(-15.7618657030769,-85.668657938047,18.1482950196809));
#3673=CARTESIAN_POINT('',(-30.64704122807,-85.668657938047,-2.08779706466236));
#3674=CARTESIAN_POINT('',(-29.030460474339,-85.668657938047,-4.88779706466236));
#3675=CARTESIAN_POINT('',(-30.3174380649122,-85.668657938047,-2.65868648958705));
#3676=CARTESIAN_POINT('',(-30.64704122807,-85.668657938047,-7.68779706466236));
#3677=CARTESIAN_POINT('',(-26.744485987187,-85.668657938047,-0.928373108108941));
#3678=CARTESIAN_POINT('',(-33.8802027355319,-85.668657938047,-7.68779706466236));
#3679=CARTESIAN_POINT('',(-27.8407570580469,-85.668657938047,-7.68779706466236));
#3680=CARTESIAN_POINT('',(-35.4967834892628,-85.668657938047,-4.88779706466236));
#3681=CARTESIAN_POINT('',(-35.9754707029705,-85.668657938047,-4.05868648958705));
#3682=CARTESIAN_POINT('',(-33.8802027355319,-85.668657938047,-2.08779706466236));
#3683=CARTESIAN_POINT('',(-30.7859378715144,-85.668657938047,3.27162689189106));
#3684=CARTESIAN_POINT('',(-26.2241763043159,-85.668657938047,-2.08779706466236));
#3685=CARTESIAN_POINT('Origin',(-21.8013113805619,-75.768657938047,-25.7697510224907));
#3686=CARTESIAN_POINT('Ctrl Pts',(-5.38275510774565,-74.9092136920003,30.4129525731433));
#3687=CARTESIAN_POINT('Ctrl Pts',(-6.54264202052039,-74.9390781829296,31.0041349711549));
#3688=CARTESIAN_POINT('Ctrl Pts',(-9.13215169088379,-75.0208396785866,32.1792452664079));
#3689=CARTESIAN_POINT('Ctrl Pts',(-13.7819869355815,-75.1552597794849,33.6273002348213));
#3690=CARTESIAN_POINT('Ctrl Pts',(-19.0491491521093,-75.2429438908232,34.4577548704436));
#3691=CARTESIAN_POINT('Ctrl Pts',(-26.4124211926885,-75.2444247678558,34.4652860598196));
#3692=CARTESIAN_POINT('Ctrl Pts',(-33.2165344763432,-75.0629071942925,32.7700994017907));
#3693=CARTESIAN_POINT('Ctrl Pts',(-37.0645621110404,-74.9389602228989,31.001799893889));
#3694=CARTESIAN_POINT('Ctrl Pts',(-38.2198676533782,-74.9092136920003,30.4129525731432));
#3695=CARTESIAN_POINT('Ctrl Pts',(-5.06660110033029,-73.5417807622686,27.5555032615629));
#3696=CARTESIAN_POINT('Ctrl Pts',(-6.30237097538733,-73.6087209477805,28.0157462248541));
#3697=CARTESIAN_POINT('Ctrl Pts',(-9.00902487357578,-73.7987205798801,28.9391828642721));
#3698=CARTESIAN_POINT('Ctrl Pts',(-13.7424938384233,-74.1237845970408,30.0954316330182));
#3699=CARTESIAN_POINT('Ctrl Pts',(-19.0410967838672,-74.3371220546248,30.767574507567));
#3700=CARTESIAN_POINT('Ctrl Pts',(-26.4258660643042,-74.3415312846894,30.7732198074377));
#3701=CARTESIAN_POINT('Ctrl Pts',(-33.2818175430656,-73.8975588298418,29.4029484289226));
#3702=CARTESIAN_POINT('Ctrl Pts',(-37.3051328819108,-73.6084565446016,28.0139283377114));
#3703=CARTESIAN_POINT('Ctrl Pts',(-38.5360216607936,-73.5417807622686,27.5555032615628));
#3704=CARTESIAN_POINT('Ctrl Pts',(-4.27867404863803,-70.1338296642618,23.367552823055));
#3705=CARTESIAN_POINT('Ctrl Pts',(-5.67403750264987,-70.1622880618068,23.607127526998));
#3706=CARTESIAN_POINT('Ctrl Pts',(-8.64583971796514,-70.3400360639462,24.0916434205385));
#3707=CARTESIAN_POINT('Ctrl Pts',(-13.6064930083803,-70.7385683069777,24.7091550375355));
#3708=CARTESIAN_POINT('Ctrl Pts',(-19.0113561313367,-71.0225318924686,25.0727957916013));
#3709=CARTESIAN_POINT('Ctrl Pts',(-26.4744292682668,-71.0289946873087,25.075793059422));
#3710=CARTESIAN_POINT('Ctrl Pts',(-33.5100734708867,-70.4348214664926,24.3349195770404));
#3711=CARTESIAN_POINT('Ctrl Pts',(-37.9340967241238,-70.1621756556234,23.606181244689));
#3712=CARTESIAN_POINT('Ctrl Pts',(-39.3239487124858,-70.1338296642618,23.367552823055));
#3713=CARTESIAN_POINT('Ctrl Pts',(-2.77255539265383,-63.6195480231303,19.9138382669371));
#3714=CARTESIAN_POINT('Ctrl Pts',(-4.43844326282008,-63.4273596720435,19.954498058222));
#3715=CARTESIAN_POINT('Ctrl Pts',(-7.88575443189477,-63.2439629303821,20.0375951046698));
#3716=CARTESIAN_POINT('Ctrl Pts',(-13.3008117797598,-63.2999281225108,20.1441308018263));
#3717=CARTESIAN_POINT('Ctrl Pts',(-18.9423283526934,-63.4109754458838,20.2075529290461));
#3718=CARTESIAN_POINT('Ctrl Pts',(-26.5857538249976,-63.4201011807523,20.207936192739));
#3719=CARTESIAN_POINT('Ctrl Pts',(-34.0242934719507,-63.1628085211456,20.0791414881736));
#3720=CARTESIAN_POINT('Ctrl Pts',(-39.1707594927469,-63.42811878573,19.9543374584568));
#3721=CARTESIAN_POINT('Ctrl Pts',(-40.83006736847,-63.6195480231303,19.9138382669371));
#3722=CARTESIAN_POINT('Ctrl Pts',(-1.81708233314829,-59.4869250153731,19.2302489775093));
#3723=CARTESIAN_POINT('Ctrl Pts',(-3.64851884122562,-59.1279494955655,19.2301350455264));
#3724=CARTESIAN_POINT('Ctrl Pts',(-7.39168875197392,-58.6559444993472,19.2302562962907));
#3725=CARTESIAN_POINT('Ctrl Pts',(-13.0987252681909,-58.4056483240512,19.2300221336249));
#3726=CARTESIAN_POINT('Ctrl Pts',(-18.8963810049391,-58.3508231774458,19.2300492883648));
#3727=CARTESIAN_POINT('Ctrl Pts',(-26.6597592929943,-58.3607262222926,19.2299407875066));
#3728=CARTESIAN_POINT('Ctrl Pts',(-34.3644952824913,-58.4327608933027,19.2301850323544));
#3729=CARTESIAN_POINT('Ctrl Pts',(-39.961337805361,-59.1293673922727,19.2301354955397));
#3730=CARTESIAN_POINT('Ctrl Pts',(-41.7855404279756,-59.4869250153731,19.2302489775093));
#3731=CARTESIAN_POINT('Ctrl Pts',(-1.33900077932291,-57.4191212094285,19.2302489775093));
#3732=CARTESIAN_POINT('Ctrl Pts',(-3.25323233289348,-56.9765459550056,19.2302489775093));
#3733=CARTESIAN_POINT('Ctrl Pts',(-7.1444015733398,-56.3597037436275,19.2302489775093));
#3734=CARTESIAN_POINT('Ctrl Pts',(-12.9975501134724,-55.9555579282379,19.2302489775093));
#3735=CARTESIAN_POINT('Ctrl Pts',(-18.8733734265022,-55.8172856623327,19.2302489775093));
#3736=CARTESIAN_POINT('Ctrl Pts',(-26.6968132992604,-55.8275982361854,19.2302489775093));
#3737=CARTESIAN_POINT('Ctrl Pts',(-34.5348132396902,-56.0652661857616,19.2302489775093));
#3738=CARTESIAN_POINT('Ctrl Pts',(-40.3569513410695,-56.9782940574842,19.2302489775093));
#3739=CARTESIAN_POINT('Ctrl Pts',(-42.2636219818009,-57.4191212094285,19.2302489775093));
#3740=CARTESIAN_POINT('',(-1.33900077932294,-57.4191212094284,19.2302489775093));
#3741=CARTESIAN_POINT('Origin',(-1.33900077932294,-57.4191212094285,39.2302489775093));
#3742=CARTESIAN_POINT('',(-42.2636219818009,-57.4191212094285,19.2302489775093));
#3743=CARTESIAN_POINT('Ctrl Pts',(-1.33900077932291,-57.4191212094285,19.2302489775093));
#3744=CARTESIAN_POINT('Ctrl Pts',(-3.25323233289348,-56.9765459550056,19.2302489775093));
#3745=CARTESIAN_POINT('Ctrl Pts',(-7.1444015733398,-56.3597037436275,19.2302489775093));
#3746=CARTESIAN_POINT('Ctrl Pts',(-12.9975501134724,-55.9555579282379,19.2302489775093));
#3747=CARTESIAN_POINT('Ctrl Pts',(-18.8733734265022,-55.8172856623327,19.2302489775093));
#3748=CARTESIAN_POINT('Ctrl Pts',(-26.6968132992604,-55.8275982361854,19.2302489775093));
#3749=CARTESIAN_POINT('Ctrl Pts',(-34.5348132396902,-56.0652661857616,19.2302489775093));
#3750=CARTESIAN_POINT('Ctrl Pts',(-40.3569513410695,-56.9782940574842,19.2302489775093));
#3751=CARTESIAN_POINT('Ctrl Pts',(-42.2636219818009,-57.4191212094285,19.2302489775093));
#3752=CARTESIAN_POINT('Origin',(-42.2636219818009,-57.4191212094285,39.2302489775093));
#3753=CARTESIAN_POINT('',(-21.8013113805619,-58.4354964305851,19.4012792806223));
#3754=CARTESIAN_POINT('',(-19.0013113805619,-60.052077184316,19.6786867790729));
#3755=CARTESIAN_POINT('Ctrl Pts',(-21.8013113805619,-58.4354964305851,19.4012792806223));
#3756=CARTESIAN_POINT('Ctrl Pts',(-20.8665511638831,-58.9751804933124,19.4723147922732));
#3757=CARTESIAN_POINT('Ctrl Pts',(-19.933483301251,-59.5138874749752,19.5649786637447));
#3758=CARTESIAN_POINT('Ctrl Pts',(-19.0013113805619,-60.052077184316,19.6786867790729));
#3759=CARTESIAN_POINT('',(-19.0013113805619,-63.2852386917779,20.6673683248743));
#3760=CARTESIAN_POINT('Ctrl Pts',(-19.0007830490437,-60.0504289254216,19.680551264432));
#3761=CARTESIAN_POINT('Ctrl Pts',(-19.000762561494,-60.4608935676203,19.7690852380356));
#3762=CARTESIAN_POINT('Ctrl Pts',(-19.0007422363085,-60.8683132407348,19.8704146187783));
#3763=CARTESIAN_POINT('Ctrl Pts',(-19.0007225716155,-61.2721038564836,19.9843834487955));
#3764=CARTESIAN_POINT('Ctrl Pts',(-19.000702961129,-61.6747814060593,20.0980381188383));
#3765=CARTESIAN_POINT('Ctrl Pts',(-19.0006840126856,-62.0738503908146,20.2242627898098));
#3766=CARTESIAN_POINT('Ctrl Pts',(-19.0006658037683,-62.4687193000166,20.3629529255635));
#3767=CARTESIAN_POINT('Ctrl Pts',(-19.0006541881517,-62.7206093910209,20.451424491955));
#3768=CARTESIAN_POINT('Ctrl Pts',(-19.0006428648621,-62.9707900896666,20.5449695909874));
#3769=CARTESIAN_POINT('Ctrl Pts',(-19.000631750296,-63.2191037801215,20.6435714146542));
#3770=CARTESIAN_POINT('Ctrl Pts',(-19.0006308027805,-63.2402724949209,20.6519772092766));
#3771=CARTESIAN_POINT('Ctrl Pts',(-19.0006298567293,-63.2614276388701,20.6604197586272));
#3772=CARTESIAN_POINT('Ctrl Pts',(-19.0006289121366,-63.2825691219146,20.6688990135237));
#3773=CARTESIAN_POINT('',(-21.8013113805619,-64.9018194455089,21.4083286337192));
#3774=CARTESIAN_POINT('Ctrl Pts',(-19.0013113805619,-63.2852386917779,20.6673683248743));
#3775=CARTESIAN_POINT('Ctrl Pts',(-19.9390916404412,-63.82666637726,20.8886900927321));
#3776=CARTESIAN_POINT('Ctrl Pts',(-20.8733588197501,-64.366065784729,21.1354815500764));
#3777=CARTESIAN_POINT('Ctrl Pts',(-21.8013113805619,-64.9018194455089,21.4083286337192));
#3778=CARTESIAN_POINT('',(-24.6013113805619,-63.2852386917779,20.6673683248743));
#3779=CARTESIAN_POINT('Ctrl Pts',(-21.8013113805619,-64.9018194455089,21.4083286337192));
#3780=CARTESIAN_POINT('Ctrl Pts',(-22.7292639337039,-64.3660657891572,21.1354815523315));
#3781=CARTESIAN_POINT('Ctrl Pts',(-23.6635310833847,-63.826666398794,20.8886901015346));
#3782=CARTESIAN_POINT('Ctrl Pts',(-24.6013113805619,-63.2852386917779,20.6673683248743));
#3783=CARTESIAN_POINT('',(-24.6013113805619,-60.052077184316,19.6786867790729));
#3784=CARTESIAN_POINT('Ctrl Pts',(-24.6019823165895,-63.2846503258683,20.6690941653872));
#3785=CARTESIAN_POINT('Ctrl Pts',(-24.6019770824862,-63.2635096049348,20.6606135446983));
#3786=CARTESIAN_POINT('Ctrl Pts',(-24.6019718420946,-63.2423552179826,20.652169635685));
#3787=CARTESIAN_POINT('Ctrl Pts',(-24.6019665954521,-63.2211872550331,20.6437624875584));
#3788=CARTESIAN_POINT('Ctrl Pts',(-24.6018702201513,-62.832354057898,20.4893320261748));
#3789=CARTESIAN_POINT('Ctrl Pts',(-24.6017716926292,-62.438941879589,20.3473013834904));
#3790=CARTESIAN_POINT('Ctrl Pts',(-24.6016708813789,-62.0415524976449,20.2177439102659));
#3791=CARTESIAN_POINT('Ctrl Pts',(-24.6015696748563,-61.6426049859921,20.0876784532925));
#3792=CARTESIAN_POINT('Ctrl Pts',(-24.601466171658,-61.2396485097605,19.9701840275764));
#3793=CARTESIAN_POINT('Ctrl Pts',(-24.601360715823,-60.8332746066148,19.8653843162511));
#3794=CARTESIAN_POINT('Ctrl Pts',(-24.6012935325668,-60.5743840286282,19.7986190598509));
#3795=CARTESIAN_POINT('Ctrl Pts',(-24.6012255661644,-60.3141061138962,19.7370071353507));
#3796=CARTESIAN_POINT('Ctrl Pts',(-24.6011569917131,-60.0525916172564,19.6805913358776));
#3797=CARTESIAN_POINT('Ctrl Pts',(-24.6013113805619,-60.052077184316,19.6786867790729));
#3798=CARTESIAN_POINT('Ctrl Pts',(-23.6691394232263,-59.5138874538173,19.5649786592745));
#3799=CARTESIAN_POINT('Ctrl Pts',(-22.7360715894255,-58.9751804888002,19.4723147916793));
#3800=CARTESIAN_POINT('Ctrl Pts',(-21.8013113805619,-58.4354964305851,19.4012792806223));
#3801=CARTESIAN_POINT('Origin',(-32.2636219818009,-76.768657938047,-4.88779706466236));
#3802=CARTESIAN_POINT('',(-33.8802027355319,-76.768657938047,-2.08779706466236));
#3803=CARTESIAN_POINT('',(-30.64704122807,-76.768657938047,-2.08779706466236));
#3804=CARTESIAN_POINT('',(-33.8802027355319,-76.768657938047,-2.08779706466236));
#3805=CARTESIAN_POINT('',(-35.4967834892628,-76.768657938047,-4.88779706466236));
#3806=CARTESIAN_POINT('',(-35.4967834892628,-76.768657938047,-4.88779706466236));
#3807=CARTESIAN_POINT('',(-33.8802027355319,-76.768657938047,-7.68779706466236));
#3808=CARTESIAN_POINT('',(-33.8802027355319,-76.768657938047,-7.68779706466236));
#3809=CARTESIAN_POINT('',(-30.64704122807,-76.768657938047,-7.68779706466236));
#3810=CARTESIAN_POINT('',(-30.64704122807,-76.768657938047,-7.68779706466236));
#3811=CARTESIAN_POINT('',(-29.030460474339,-76.768657938047,-4.88779706466236));
#3812=CARTESIAN_POINT('',(-29.030460474339,-76.768657938047,-4.88779706466236));
#3813=CARTESIAN_POINT('',(-30.64704122807,-76.768657938047,-2.08779706466236));
#3814=CARTESIAN_POINT('',(-32.2636219818009,-76.768657938047,-6.38779706466236));
#3815=CARTESIAN_POINT('Origin',(-32.2636219818009,-76.768657938047,-4.88779706466236));
#3816=CARTESIAN_POINT('Origin',(-29.030460474339,-80.768657938047,-4.88779706466236));
#3817=CARTESIAN_POINT('',(-30.64704122807,-80.768657938047,-2.08779706466236));
#3818=CARTESIAN_POINT('',(-29.030460474339,-80.768657938047,-4.88779706466236));
#3819=CARTESIAN_POINT('Origin',(-30.64704122807,-80.768657938047,-7.68779706466236));
#3820=CARTESIAN_POINT('',(-30.64704122807,-80.768657938047,-7.68779706466236));
#3821=CARTESIAN_POINT('Origin',(-33.8802027355319,-80.768657938047,-7.68779706466236));
#3822=CARTESIAN_POINT('',(-33.8802027355319,-80.768657938047,-7.68779706466236));
#3823=CARTESIAN_POINT('Origin',(-35.4967834892628,-80.768657938047,-4.88779706466236));
#3824=CARTESIAN_POINT('',(-35.4967834892628,-80.768657938047,-4.88779706466236));
#3825=CARTESIAN_POINT('Origin',(-33.8802027355319,-80.768657938047,-2.08779706466236));
#3826=CARTESIAN_POINT('',(-33.8802027355319,-80.768657938047,-2.08779706466236));
#3827=CARTESIAN_POINT('Origin',(-30.64704122807,-80.768657938047,-2.08779706466236));
#3828=CARTESIAN_POINT('Origin',(-11.3390007793229,-76.768657938047,15.3482950196809));
#3829=CARTESIAN_POINT('',(-12.9555815330539,-76.768657938047,18.1482950196809));
#3830=CARTESIAN_POINT('',(-9.72242002559195,-76.768657938047,18.1482950196809));
#3831=CARTESIAN_POINT('',(-12.9555815330539,-76.768657938047,18.1482950196809));
#3832=CARTESIAN_POINT('',(-14.5721622867848,-76.768657938047,15.3482950196809));
#3833=CARTESIAN_POINT('',(-14.5721622867848,-76.768657938047,15.3482950196809));
#3834=CARTESIAN_POINT('',(-12.9555815330539,-76.768657938047,12.5482950196809));
#3835=CARTESIAN_POINT('',(-12.9555815330539,-76.768657938047,12.5482950196809));
#3836=CARTESIAN_POINT('',(-9.72242002559195,-76.768657938047,12.5482950196809));
#3837=CARTESIAN_POINT('',(-9.72242002559195,-76.768657938047,12.5482950196809));
#3838=CARTESIAN_POINT('',(-8.105839271861,-76.768657938047,15.3482950196809));
#3839=CARTESIAN_POINT('',(-8.105839271861,-76.768657938047,15.3482950196809));
#3840=CARTESIAN_POINT('',(-9.72242002559195,-76.768657938047,18.1482950196809));
#3841=CARTESIAN_POINT('',(-11.3390007793229,-76.768657938047,13.8482950196809));
#3842=CARTESIAN_POINT('Origin',(-11.3390007793229,-76.768657938047,15.3482950196809));
#3843=CARTESIAN_POINT('Origin',(-8.105839271861,-80.768657938047,15.3482950196809));
#3844=CARTESIAN_POINT('',(-9.72242002559195,-80.768657938047,18.1482950196809));
#3845=CARTESIAN_POINT('',(-8.105839271861,-80.768657938047,15.3482950196809));
#3846=CARTESIAN_POINT('Origin',(-9.72242002559195,-80.768657938047,12.5482950196809));
#3847=CARTESIAN_POINT('',(-9.72242002559195,-80.768657938047,12.5482950196809));
#3848=CARTESIAN_POINT('Origin',(-12.9555815330539,-80.768657938047,12.5482950196809));
#3849=CARTESIAN_POINT('',(-12.9555815330539,-80.768657938047,12.5482950196809));
#3850=CARTESIAN_POINT('Origin',(-14.5721622867848,-80.768657938047,15.3482950196809));
#3851=CARTESIAN_POINT('',(-14.5721622867848,-80.768657938047,15.3482950196809));
#3852=CARTESIAN_POINT('Origin',(-12.9555815330539,-80.768657938047,18.1482950196809));
#3853=CARTESIAN_POINT('',(-12.9555815330539,-80.768657938047,18.1482950196809));
#3854=CARTESIAN_POINT('Origin',(-9.72242002559195,-80.768657938047,18.1482950196809));
#3855=CARTESIAN_POINT('Origin',(-32.2636219818009,-76.768657938047,15.3482950196809));
#3856=CARTESIAN_POINT('',(-30.64704122807,-76.768657938047,12.5482950196809));
#3857=CARTESIAN_POINT('',(-33.8802027355319,-76.768657938047,12.5482950196809));
#3858=CARTESIAN_POINT('',(-30.64704122807,-76.768657938047,12.5482950196809));
#3859=CARTESIAN_POINT('',(-29.030460474339,-76.768657938047,15.3482950196809));
#3860=CARTESIAN_POINT('',(-29.030460474339,-76.768657938047,15.3482950196809));
#3861=CARTESIAN_POINT('',(-30.64704122807,-76.768657938047,18.1482950196809));
#3862=CARTESIAN_POINT('',(-30.64704122807,-76.768657938047,18.1482950196809));
#3863=CARTESIAN_POINT('',(-33.8802027355319,-76.768657938047,18.1482950196809));
#3864=CARTESIAN_POINT('',(-33.8802027355319,-76.768657938047,18.1482950196809));
#3865=CARTESIAN_POINT('',(-35.4967834892628,-76.768657938047,15.3482950196809));
#3866=CARTESIAN_POINT('',(-35.4967834892628,-76.768657938047,15.3482950196809));
#3867=CARTESIAN_POINT('',(-33.8802027355319,-76.768657938047,12.5482950196809));
#3868=CARTESIAN_POINT('',(-32.2636219818009,-76.768657938047,13.8482950196809));
#3869=CARTESIAN_POINT('Origin',(-32.2636219818009,-76.768657938047,15.3482950196809));
#3870=CARTESIAN_POINT('Origin',(-35.4967834892628,-80.768657938047,15.3482950196809));
#3871=CARTESIAN_POINT('',(-33.8802027355319,-80.768657938047,12.5482950196809));
#3872=CARTESIAN_POINT('',(-35.4967834892628,-80.768657938047,15.3482950196809));
#3873=CARTESIAN_POINT('Origin',(-33.8802027355319,-80.768657938047,18.1482950196809));
#3874=CARTESIAN_POINT('',(-33.8802027355319,-80.768657938047,18.1482950196809));
#3875=CARTESIAN_POINT('Origin',(-30.64704122807,-80.768657938047,18.1482950196809));
#3876=CARTESIAN_POINT('',(-30.64704122807,-80.768657938047,18.1482950196809));
#3877=CARTESIAN_POINT('Origin',(-29.030460474339,-80.768657938047,15.3482950196809));
#3878=CARTESIAN_POINT('',(-29.030460474339,-80.768657938047,15.3482950196809));
#3879=CARTESIAN_POINT('Origin',(-30.64704122807,-80.768657938047,12.5482950196809));
#3880=CARTESIAN_POINT('',(-30.64704122807,-80.768657938047,12.5482950196809));
#3881=CARTESIAN_POINT('Origin',(-33.8802027355319,-80.768657938047,12.5482950196809));
#3882=CARTESIAN_POINT('Origin',(-11.3390007793229,-76.768657938047,-4.88779706466236));
#3883=CARTESIAN_POINT('',(-12.9555815330539,-76.768657938047,-2.08779706466236));
#3884=CARTESIAN_POINT('',(-9.72242002559195,-76.768657938047,-2.08779706466236));
#3885=CARTESIAN_POINT('',(-12.9555815330539,-76.768657938047,-2.08779706466236));
#3886=CARTESIAN_POINT('',(-14.5721622867848,-76.768657938047,-4.88779706466236));
#3887=CARTESIAN_POINT('',(-14.5721622867848,-76.768657938047,-4.88779706466236));
#3888=CARTESIAN_POINT('',(-12.9555815330539,-76.768657938047,-7.68779706466236));
#3889=CARTESIAN_POINT('',(-12.9555815330539,-76.768657938047,-7.68779706466236));
#3890=CARTESIAN_POINT('',(-9.72242002559195,-76.768657938047,-7.68779706466236));
#3891=CARTESIAN_POINT('',(-9.72242002559195,-76.768657938047,-7.68779706466236));
#3892=CARTESIAN_POINT('',(-8.10583927186099,-76.768657938047,-4.88779706466236));
#3893=CARTESIAN_POINT('',(-8.10583927186099,-76.768657938047,-4.88779706466236));
#3894=CARTESIAN_POINT('',(-9.72242002559195,-76.768657938047,-2.08779706466236));
#3895=CARTESIAN_POINT('',(-11.3390007793229,-76.768657938047,-6.38779706466236));
#3896=CARTESIAN_POINT('Origin',(-11.3390007793229,-76.768657938047,-4.88779706466236));
#3897=CARTESIAN_POINT('Origin',(-8.10583927186099,-80.768657938047,-4.88779706466236));
#3898=CARTESIAN_POINT('',(-9.72242002559195,-80.768657938047,-2.08779706466236));
#3899=CARTESIAN_POINT('',(-8.10583927186099,-80.768657938047,-4.88779706466236));
#3900=CARTESIAN_POINT('Origin',(-9.72242002559195,-80.768657938047,-7.68779706466236));
#3901=CARTESIAN_POINT('',(-9.72242002559195,-80.768657938047,-7.68779706466236));
#3902=CARTESIAN_POINT('Origin',(-12.9555815330539,-80.768657938047,-7.68779706466236));
#3903=CARTESIAN_POINT('',(-12.9555815330539,-80.768657938047,-7.68779706466236));
#3904=CARTESIAN_POINT('Origin',(-14.5721622867848,-80.768657938047,-4.88779706466236));
#3905=CARTESIAN_POINT('',(-14.5721622867848,-80.768657938047,-4.88779706466236));
#3906=CARTESIAN_POINT('Origin',(-12.9555815330539,-80.768657938047,-2.08779706466236));
#3907=CARTESIAN_POINT('',(-12.9555815330539,-80.768657938047,-2.08779706466236));
#3908=CARTESIAN_POINT('Origin',(-9.72242002559195,-80.768657938047,-2.08779706466236));
#3909=CARTESIAN_POINT('Origin',(-32.2636219818009,-58.768657938047,-4.88779706466236));
#3910=CARTESIAN_POINT('',(-32.2636219818009,-58.768657938047,-7.68779706466236));
#3911=CARTESIAN_POINT('Origin',(-32.2636219818009,-58.768657938047,-4.88779706466236));
#3912=CARTESIAN_POINT('',(-32.2636219818009,-58.768657938047,-6.38779706466236));
#3913=CARTESIAN_POINT('Origin',(-32.2636219818009,-58.768657938047,-4.88779706466236));
#3914=CARTESIAN_POINT('Origin',(-32.2636219818009,-57.268657938047,-4.88779706466236));
#3915=CARTESIAN_POINT('',(-32.2636219818009,-55.768657938047,-7.68779706466236));
#3916=CARTESIAN_POINT('Origin',(-32.2636219818009,-55.768657938047,-4.88779706466236));
#3917=CARTESIAN_POINT('',(-32.2636219818009,-57.268657938047,-7.68779706466236));
#3918=CARTESIAN_POINT('Origin',(-32.2636219818009,-68.268657938047,-4.88779706466236));
#3919=CARTESIAN_POINT('',(-32.2636219818009,-68.268657938047,-6.38779706466236));
#3920=CARTESIAN_POINT('Origin',(-11.3390007793229,-58.768657938047,15.3482950196809));
#3921=CARTESIAN_POINT('',(-11.3390007793229,-58.768657938047,12.5482950196809));
#3922=CARTESIAN_POINT('Origin',(-11.3390007793229,-58.768657938047,15.3482950196809));
#3923=CARTESIAN_POINT('',(-11.3390007793229,-58.768657938047,13.8482950196809));
#3924=CARTESIAN_POINT('Origin',(-11.3390007793229,-58.768657938047,15.3482950196809));
#3925=CARTESIAN_POINT('Origin',(-11.3390007793229,-57.268657938047,15.3482950196809));
#3926=CARTESIAN_POINT('',(-11.3390007793229,-55.768657938047,12.5482950196809));
#3927=CARTESIAN_POINT('Origin',(-11.3390007793229,-55.768657938047,15.3482950196809));
#3928=CARTESIAN_POINT('',(-11.3390007793229,-57.268657938047,12.5482950196809));
#3929=CARTESIAN_POINT('Origin',(-11.3390007793229,-68.268657938047,15.3482950196809));
#3930=CARTESIAN_POINT('',(-11.3390007793229,-68.268657938047,13.8482950196809));
#3931=CARTESIAN_POINT('Origin',(-11.3390007793229,-58.768657938047,-4.88779706466236));
#3932=CARTESIAN_POINT('',(-11.3390007793229,-58.768657938047,-7.68779706466236));
#3933=CARTESIAN_POINT('Origin',(-11.3390007793229,-58.768657938047,-4.88779706466236));
#3934=CARTESIAN_POINT('',(-11.3390007793229,-58.768657938047,-6.38779706466236));
#3935=CARTESIAN_POINT('Origin',(-11.3390007793229,-58.768657938047,-4.88779706466236));
#3936=CARTESIAN_POINT('Origin',(-11.3390007793229,-57.268657938047,-4.88779706466236));
#3937=CARTESIAN_POINT('',(-11.3390007793229,-55.768657938047,-7.68779706466236));
#3938=CARTESIAN_POINT('Origin',(-11.3390007793229,-55.768657938047,-4.88779706466236));
#3939=CARTESIAN_POINT('',(-11.3390007793229,-57.268657938047,-7.68779706466236));
#3940=CARTESIAN_POINT('Origin',(-11.3390007793229,-68.268657938047,-4.88779706466236));
#3941=CARTESIAN_POINT('',(-11.3390007793229,-68.268657938047,-6.38779706466236));
#3942=CARTESIAN_POINT('Origin',(-32.2636219818009,-58.768657938047,15.3482950196809));
#3943=CARTESIAN_POINT('',(-32.2636219818009,-58.768657938047,12.5482950196809));
#3944=CARTESIAN_POINT('Origin',(-32.2636219818009,-58.768657938047,15.3482950196809));
#3945=CARTESIAN_POINT('',(-32.2636219818009,-58.768657938047,13.8482950196809));
#3946=CARTESIAN_POINT('Origin',(-32.2636219818009,-58.768657938047,15.3482950196809));
#3947=CARTESIAN_POINT('Origin',(-32.2636219818009,-57.268657938047,15.3482950196809));
#3948=CARTESIAN_POINT('',(-32.2636219818009,-55.768657938047,12.5482950196809));
#3949=CARTESIAN_POINT('Origin',(-32.2636219818009,-55.768657938047,15.3482950196809));
#3950=CARTESIAN_POINT('',(-32.2636219818009,-57.268657938047,12.5482950196809));
#3951=CARTESIAN_POINT('Origin',(-32.2636219818009,-68.268657938047,15.3482950196809));
#3952=CARTESIAN_POINT('',(-32.2636219818009,-68.268657938047,13.8482950196809));
#3953=CARTESIAN_POINT('Origin',(-21.8013113805619,-64.9018194455089,30.));
#3954=CARTESIAN_POINT('',(-21.8013113805619,-64.9018194455089,18.));
#3955=CARTESIAN_POINT('',(-21.8013113805619,-64.9018194455089,30.));
#3956=CARTESIAN_POINT('',(-24.6013113805619,-63.2852386917779,18.));
#3957=CARTESIAN_POINT('',(-24.6013113805619,-63.2852386917779,18.));
#3958=CARTESIAN_POINT('',(-24.6013113805619,-63.2852386917779,30.));
#3959=CARTESIAN_POINT('Origin',(-24.6013113805619,-63.2852386917779,30.));
#3960=CARTESIAN_POINT('',(-24.6013113805619,-60.052077184316,18.));
#3961=CARTESIAN_POINT('',(-24.6013113805619,-60.052077184316,18.));
#3962=CARTESIAN_POINT('',(-24.6013113805619,-60.052077184316,30.));
#3963=CARTESIAN_POINT('Origin',(-24.6013113805619,-60.052077184316,30.));
#3964=CARTESIAN_POINT('',(-21.8013113805619,-58.4354964305851,18.));
#3965=CARTESIAN_POINT('',(-21.8013113805619,-58.4354964305851,18.));
#3966=CARTESIAN_POINT('',(-21.8013113805619,-58.4354964305851,30.));
#3967=CARTESIAN_POINT('Origin',(-21.8013113805619,-58.4354964305851,30.));
#3968=CARTESIAN_POINT('',(-19.0013113805619,-60.052077184316,18.));
#3969=CARTESIAN_POINT('',(-19.0013113805619,-60.052077184316,18.));
#3970=CARTESIAN_POINT('',(-19.0013113805619,-60.052077184316,30.));
#3971=CARTESIAN_POINT('Origin',(-19.0013113805619,-63.2852386917779,30.));
#3972=CARTESIAN_POINT('',(-19.0013113805619,-63.2852386917779,18.));
#3973=CARTESIAN_POINT('',(-19.0013113805619,-63.2852386917779,30.));
#3974=CARTESIAN_POINT('',(-21.8013113805619,-64.9018194455089,18.));
#3975=CARTESIAN_POINT('Origin',(-19.0013113805619,-60.052077184316,30.));
#3976=CARTESIAN_POINT('',(-19.0013113805619,-63.2852386917779,18.));
#3977=CARTESIAN_POINT('Origin',(-21.8013113805619,-61.668657938047,18.));
#3978=CARTESIAN_POINT('',(-23.4013113805619,-61.668657938047,18.));
#3979=CARTESIAN_POINT('Origin',(-21.8013113805619,-61.668657938047,18.));
#3980=CARTESIAN_POINT('Origin',(-21.8013113805619,-61.668657938047,-15.));
#3981=CARTESIAN_POINT('',(-24.5583618229913,-61.1740633123987,-9.49614003101611));
#3982=CARTESIAN_POINT('',(-24.6025043822845,-61.6683857477472,-9.63964327563223));
#3983=CARTESIAN_POINT('Ctrl Pts',(-24.5583618229913,-61.1740633123987,-9.49614003101611));
#3984=CARTESIAN_POINT('Ctrl Pts',(-24.5794584894986,-61.2914278157464,-9.52855650310597));
#3985=CARTESIAN_POINT('Ctrl Pts',(-24.5929468296593,-61.4095337331242,-9.56234971111137));
#3986=CARTESIAN_POINT('Ctrl Pts',(-24.5989265969688,-61.5276724508485,-9.59736472182056));
#3987=CARTESIAN_POINT('Ctrl Pts',(-24.6013012053462,-61.5745861808131,-9.61126943306814));
#3988=CARTESIAN_POINT('Ctrl Pts',(-24.6024917444488,-61.6215052217169,-9.62536625947798));
#3989=CARTESIAN_POINT('Ctrl Pts',(-24.6025043822844,-61.6683857477472,-9.63964327563223));
#3990=CARTESIAN_POINT('Ctrl Pts',(-24.6025043822844,-61.6683857477472,-9.63964327563223));
#3991=CARTESIAN_POINT('Ctrl Pts',(-24.6025237334273,-61.7381464318045,-9.66088822342594));
#3992=CARTESIAN_POINT('Ctrl Pts',(-24.5999351745546,-61.8078220294903,-9.68253253893388));
#3993=CARTESIAN_POINT('Ctrl Pts',(-24.5947575457934,-61.877268975092,-9.70453151922467));
#3994=CARTESIAN_POINT('Ctrl Pts',(-24.5860011593773,-61.9947173900263,-9.74173611249999));
#3995=CARTESIAN_POINT('Ctrl Pts',(-24.5698675982098,-62.1111053187742,-9.77982925973446));
#3996=CARTESIAN_POINT('Ctrl Pts',(-24.5466011664492,-62.2257674776918,-9.81853468518916));
#3997=CARTESIAN_POINT('Ctrl Pts',(-24.5231736232979,-62.3412236294339,-9.85750813132628));
#3998=CARTESIAN_POINT('Ctrl Pts',(-24.4925141702204,-62.4549300393424,-9.89710229753711));
#3999=CARTESIAN_POINT('Ctrl Pts',(-24.4548649945679,-62.5662196721024,-9.9369839742105));
#4000=CARTESIAN_POINT('Ctrl Pts',(-24.4165185550016,-62.6795703923516,-9.97760426078672));
#4001=CARTESIAN_POINT('Ctrl Pts',(-24.3709211653378,-62.7904139997611,-10.018522715341));
#4002=CARTESIAN_POINT('Ctrl Pts',(-24.3183200157735,-62.8980581634182,-10.0593354062478));
#4003=CARTESIAN_POINT('Ctrl Pts',(-24.3097816261066,-62.9155313141438,-10.065960254967));
#4004=CARTESIAN_POINT('Ctrl Pts',(-24.3010586760682,-62.9329201890723,-10.0725822102749));
#4005=CARTESIAN_POINT('Ctrl Pts',(-24.2921522002258,-62.9502218566802,-10.0791994226081));
#4006=CARTESIAN_POINT('Ctrl Pts',(-24.243484027588,-63.044764362713,-10.1153582398452));
#4007=CARTESIAN_POINT('Ctrl Pts',(-24.189450721515,-63.1364771569328,-10.1512913690026));
#4008=CARTESIAN_POINT('Ctrl Pts',(-24.1303230180061,-63.2248942203197,-10.1866721508038));
#4009=CARTESIAN_POINT('Ctrl Pts',(-24.0548015135954,-63.337825879192,-10.2318626403761));
#4010=CARTESIAN_POINT('Ctrl Pts',(-23.9709694232183,-63.4453806159652,-10.2761528823505));
#4011=CARTESIAN_POINT('Ctrl Pts',(-23.8793776251095,-63.5466024666502,-10.3188040470649));
#4012=CARTESIAN_POINT('Ctrl Pts',(-23.7851884541707,-63.6506947805228,-10.3626647193846));
#4013=CARTESIAN_POINT('Ctrl Pts',(-23.6827931125095,-63.748090272619,-10.4047906436587));
#4014=CARTESIAN_POINT('Ctrl Pts',(-23.5727766203402,-63.8377613477914,-10.4443359457051));
#4015=CARTESIAN_POINT('Ctrl Pts',(-23.4486499766756,-63.9389331755371,-10.4889531255382));
#4016=CARTESIAN_POINT('Ctrl Pts',(-23.3155059641055,-64.0296971534783,-10.5300266265773));
#4017=CARTESIAN_POINT('Ctrl Pts',(-23.1746531706672,-64.1087368173782,-10.5663638376186));
#4018=CARTESIAN_POINT('Ctrl Pts',(-23.0531675618602,-64.1769085692789,-10.5977047013526));
#4019=CARTESIAN_POINT('Ctrl Pts',(-22.9259469453049,-64.2363590949448,-10.6255205541043));
#4020=CARTESIAN_POINT('Ctrl Pts',(-22.7938239382955,-64.2862370741719,-10.6490795977173));
#4021=CARTESIAN_POINT('Ctrl Pts',(-22.7727609441193,-64.2941886006302,-10.6528353705358));
#4022=CARTESIAN_POINT('Ctrl Pts',(-22.7515733471175,-64.3018968195455,-10.6564830628073));
#4023=CARTESIAN_POINT('Ctrl Pts',(-22.7302645093028,-64.3093582492374,-10.6600198408917));
#4024=CARTESIAN_POINT('Ctrl Pts',(-22.6189384924874,-64.3483397861265,-10.6784974049858));
#4025=CARTESIAN_POINT('Ctrl Pts',(-22.5051295888763,-64.3802935566447,-10.6938048401532));
#4026=CARTESIAN_POINT('Ctrl Pts',(-22.3894726554771,-64.404982419382,-10.7056844069735));
#4027=CARTESIAN_POINT('Ctrl Pts',(-22.2781789929358,-64.4287398706411,-10.7171158055242));
#4028=CARTESIAN_POINT('Ctrl Pts',(-22.165174114506,-64.4457702992432,-10.7253729476692));
#4029=CARTESIAN_POINT('Ctrl Pts',(-22.0510232482745,-64.4558499667663,-10.7302732832774));
#4030=CARTESIAN_POINT('Ctrl Pts',(-22.0217677994196,-64.4584332603271,-10.7315291784141));
#4031=CARTESIAN_POINT('Ctrl Pts',(-21.992437075411,-64.4605599359442,-10.7325648426156));
#4032=CARTESIAN_POINT('Ctrl Pts',(-21.963040584425,-64.4622260798789,-10.7333777449909));
#4033=CARTESIAN_POINT('Ctrl Pts',(-21.8512026736009,-64.468564865582,-10.7364704033424));
#4034=CARTESIAN_POINT('Ctrl Pts',(-21.7393713677726,-64.4681842921489,-10.7363081779169));
#4035=CARTESIAN_POINT('Ctrl Pts',(-21.6280960526335,-64.4611775976536,-10.7329372208016));
#4036=CARTESIAN_POINT('Ctrl Pts',(-21.5153155041581,-64.454076122837,-10.7295206643815));
#4037=CARTESIAN_POINT('Ctrl Pts',(-21.4031061196323,-64.4401680315063,-10.7228080344553));
#4038=CARTESIAN_POINT('Ctrl Pts',(-21.2920402972186,-64.4195361872116,-10.7128989471889));
#4039=CARTESIAN_POINT('Ctrl Pts',(-21.2656449339972,-64.414632923433,-10.7105440016989));
#4040=CARTESIAN_POINT('Ctrl Pts',(-21.2393141598609,-64.4093498407799,-10.7080087442569));
#4041=CARTESIAN_POINT('Ctrl Pts',(-21.2130556587697,-64.4036879377839,-10.7052949259537));
#4042=CARTESIAN_POINT('Ctrl Pts',(-21.0913473503907,-64.377444983799,-10.6927163620139));
#4043=CARTESIAN_POINT('Ctrl Pts',(-20.9722683189948,-64.3432990090998,-10.6764097922612));
#4044=CARTESIAN_POINT('Ctrl Pts',(-20.8564615693666,-64.301726707373,-10.656766794942));
#4045=CARTESIAN_POINT('Ctrl Pts',(-20.7289601568681,-64.2559562560996,-10.6351401634033));
#4046=CARTESIAN_POINT('Ctrl Pts',(-20.6054252112598,-64.2011836787489,-10.6094696723449));
#4047=CARTESIAN_POINT('Ctrl Pts',(-20.4867179721008,-64.1380285884861,-10.5803391061119));
#4048=CARTESIAN_POINT('Ctrl Pts',(-20.459057849214,-64.1233127415843,-10.5735513562874));
#4049=CARTESIAN_POINT('Ctrl Pts',(-20.4316598588453,-64.108141715246,-10.5665759638157));
#4050=CARTESIAN_POINT('Ctrl Pts',(-20.404534927784,-64.0925232544745,-10.559420679284));
#4051=CARTESIAN_POINT('Ctrl Pts',(-20.2425460940015,-63.9992505290937,-10.5166896509892));
#4052=CARTESIAN_POINT('Ctrl Pts',(-20.0917223392736,-63.8908616050561,-10.4679272780119));
#4053=CARTESIAN_POINT('Ctrl Pts',(-19.9536283924937,-63.7695863658096,-10.4150305775248));
#4054=CARTESIAN_POINT('Ctrl Pts',(-19.8411595624036,-63.6708153146884,-10.3719495435032));
#4055=CARTESIAN_POINT('Ctrl Pts',(-19.7371347329499,-63.5634959106971,-10.3261289292758));
#4056=CARTESIAN_POINT('Ctrl Pts',(-19.6424151741746,-63.4488398208212,-10.2785694276618));
#4057=CARTESIAN_POINT('Ctrl Pts',(-19.6208340859345,-63.4227163546136,-10.2677333784419));
#4058=CARTESIAN_POINT('Ctrl Pts',(-19.5997361223605,-63.3962120799284,-10.2568068709531));
#4059=CARTESIAN_POINT('Ctrl Pts',(-19.5791315999276,-63.3693414340772,-10.2458013582026));
#4060=CARTESIAN_POINT('Ctrl Pts',(-19.5424905132744,-63.3215572805608,-10.2262302204748));
#4061=CARTESIAN_POINT('Ctrl Pts',(-19.5074622789138,-63.2726859379654,-10.2064386211204));
#4062=CARTESIAN_POINT('Ctrl Pts',(-19.47408345881,-63.2228091352312,-10.1864874758454));
#4063=CARTESIAN_POINT('Ctrl Pts',(-19.4050159682576,-63.1196040012296,-10.1452045445282));
#4064=CARTESIAN_POINT('Ctrl Pts',(-19.34300995133,-63.0120930994971,-10.1032416864218));
#4065=CARTESIAN_POINT('Ctrl Pts',(-19.2883966009233,-62.9010097870977,-10.0611008579714));
#4066=CARTESIAN_POINT('Ctrl Pts',(-19.2356417843852,-62.7937067243405,-10.0203941139774));
#4067=CARTESIAN_POINT('Ctrl Pts',(-19.1897850797928,-62.6830702205597,-9.97952146284377));
#4068=CARTESIAN_POINT('Ctrl Pts',(-19.1511340476577,-62.569772818065,-9.9388892258429));
#4069=CARTESIAN_POINT('Ctrl Pts',(-19.123599748904,-62.4890617902869,-9.90994355244659));
#4070=CARTESIAN_POINT('Ctrl Pts',(-19.0997224346707,-62.4070006265202,-9.88111893386035));
#4071=CARTESIAN_POINT('Ctrl Pts',(-19.0796160209579,-62.3238363379488,-9.85254674330855));
#4072=CARTESIAN_POINT('Ctrl Pts',(-19.0522033395047,-62.2104518138141,-9.813591991397));
#4073=CARTESIAN_POINT('Ctrl Pts',(-19.0318961974139,-62.0954341891734,-9.77525210756551));
#4074=CARTESIAN_POINT('Ctrl Pts',(-19.0188290278978,-61.9794444690415,-9.73780045776943));
#4075=CARTESIAN_POINT('Ctrl Pts',(-19.00576371689,-61.863471245815,-9.70035413462061));
#4076=CARTESIAN_POINT('Ctrl Pts',(-18.9999364270261,-61.7465261825516,-9.66379580881771));
#4077=CARTESIAN_POINT('Ctrl Pts',(-19.00148637187,-61.629282816774,-9.62834839692959));
#4078=CARTESIAN_POINT('Ctrl Pts',(-19.0030445372614,-61.5114176194098,-9.59271298020018));
#4079=CARTESIAN_POINT('Ctrl Pts',(-19.0120585297203,-61.3932509296039,-9.55820027403855));
#4080=CARTESIAN_POINT('Ctrl Pts',(-19.028672883808,-61.2754803142329,-9.52498584171721));
#4081=CARTESIAN_POINT('Ctrl Pts',(-19.0308994495559,-61.2596973342318,-9.520534623394));
#4082=CARTESIAN_POINT('Ctrl Pts',(-19.0332625198655,-61.2439214872588,-9.51610664796362));
#4083=CARTESIAN_POINT('Ctrl Pts',(-19.0357624447345,-61.2281544704355,-9.51170226965213));
#4084=CARTESIAN_POINT('Ctrl Pts',(-19.0550925798375,-61.1062393804514,-9.4776463550686));
#4085=CARTESIAN_POINT('Ctrl Pts',(-19.0824813228986,-60.9856230177124,-9.44522112685199));
#4086=CARTESIAN_POINT('Ctrl Pts',(-19.1178100552427,-60.8670972347807,-9.41451248247781));
#4087=CARTESIAN_POINT('Ctrl Pts',(-19.1544516645195,-60.7441668283029,-9.38266265164837));
#4088=CARTESIAN_POINT('Ctrl Pts',(-19.1996345780585,-60.6234852575412,-9.35265925650578));
#4089=CARTESIAN_POINT('Ctrl Pts',(-19.2532210638263,-60.5059514934943,-9.32454320072873));
#4090=CARTESIAN_POINT('Ctrl Pts',(-19.2925661091708,-60.4196541517359,-9.30389942322387));
#4091=CARTESIAN_POINT('Ctrl Pts',(-19.3364414167099,-60.3350541345535,-9.28427189881087));
#4092=CARTESIAN_POINT('Ctrl Pts',(-19.3847897045137,-60.2525122097689,-9.26565997950722));
#4093=CARTESIAN_POINT('Ctrl Pts',(-19.4667616484511,-60.1125667776082,-9.23410446275513));
#4094=CARTESIAN_POINT('Ctrl Pts',(-19.5607590364456,-59.9799768465774,-9.20579360525637));
#4095=CARTESIAN_POINT('Ctrl Pts',(-19.6657515863904,-59.8562576454708,-9.18051334129995));
#4096=CARTESIAN_POINT('Ctrl Pts',(-19.78423507828,-59.7166412348912,-9.15198470806815));
#4097=CARTESIAN_POINT('Ctrl Pts',(-19.9167218738788,-59.5883225199532,-9.12731252364008));
#4098=CARTESIAN_POINT('Ctrl Pts',(-20.0616822273763,-59.4734924864107,-9.10615478409935));
#4099=CARTESIAN_POINT('Ctrl Pts',(-20.0773978138306,-59.4610434182611,-9.10386101013353));
#4100=CARTESIAN_POINT('Ctrl Pts',(-20.0932599564219,-59.4487528904051,-9.10160854452513));
#4101=CARTESIAN_POINT('Ctrl Pts',(-20.109266669398,-59.43662369444,-9.09939696002652));
#4102=CARTESIAN_POINT('Ctrl Pts',(-20.2209718732593,-59.3519783140934,-9.08396309189609));
#4103=CARTESIAN_POINT('Ctrl Pts',(-20.3388093374438,-59.2758929476676,-9.07064438530243));
#4104=CARTESIAN_POINT('Ctrl Pts',(-20.4617502431086,-59.2089880303995,-9.05923237326646));
#4105=CARTESIAN_POINT('Ctrl Pts',(-20.5768995850765,-59.1463233122882,-9.04854361455457));
#4106=CARTESIAN_POINT('Ctrl Pts',(-20.6965257426244,-59.0917123813878,-9.03952723967831));
#4107=CARTESIAN_POINT('Ctrl Pts',(-20.8197726749214,-59.0456529736661,-9.03205512716187));
#4108=CARTESIAN_POINT('Ctrl Pts',(-20.864867280053,-59.0288003772964,-9.02932116894362));
#4109=CARTESIAN_POINT('Ctrl Pts',(-20.9104465224987,-59.0130924791031,-9.02679440629034));
#4110=CARTESIAN_POINT('Ctrl Pts',(-20.9564681715832,-58.9985531746972,-9.02447026147353));
#4111=CARTESIAN_POINT('Ctrl Pts',(-21.072130837089,-58.9620126609251,-9.01862916733888));
#4112=CARTESIAN_POINT('Ctrl Pts',(-21.18994540551,-58.9330595374694,-9.01409706147015));
#4113=CARTESIAN_POINT('Ctrl Pts',(-21.3091435017137,-58.9118393680844,-9.01079461450908));
#4114=CARTESIAN_POINT('Ctrl Pts',(-21.4266537243135,-58.8909196813824,-9.00753893098829));
#4115=CARTESIAN_POINT('Ctrl Pts',(-21.5455084867234,-58.8775155167086,-9.00547826463426));
#4116=CARTESIAN_POINT('Ctrl Pts',(-21.6649689755727,-58.8717522979852,-9.00458534998936));
#4117=CARTESIAN_POINT('Ctrl Pts',(-21.6957458293594,-58.8702675079789,-9.00435530653537));
#4118=CARTESIAN_POINT('Ctrl Pts',(-21.7265628776426,-58.8692898061418,-9.00420302943452));
#4119=CARTESIAN_POINT('Ctrl Pts',(-21.7574074679063,-58.8688211813011,-9.00412859494587));
#4120=CARTESIAN_POINT('Ctrl Pts',(-21.8766868893172,-58.8670089575247,-9.0038407485954));
#4121=CARTESIAN_POINT('Ctrl Pts',(-21.9958056299465,-58.8728196155231,-9.00471446920364));
#4122=CARTESIAN_POINT('Ctrl Pts',(-22.1140280867509,-58.8861561573557,-9.00675505452921));
#4123=CARTESIAN_POINT('Ctrl Pts',(-22.2336068590333,-58.8996457036056,-9.00881905061391));
#4124=CARTESIAN_POINT('Ctrl Pts',(-22.3522685838302,-58.9208347778678,-9.01207688596115));
#4125=CARTESIAN_POINT('Ctrl Pts',(-22.4692537981056,-58.9496085824647,-9.0165852853924));
#4126=CARTESIAN_POINT('Ctrl Pts',(-22.497956679207,-58.9566683728604,-9.01769144272719));
#4127=CARTESIAN_POINT('Ctrl Pts',(-22.5265586475784,-58.9641846901367,-9.01887311980656));
#4128=CARTESIAN_POINT('Ctrl Pts',(-22.5550485106292,-58.9721557116544,-9.02013161270499));
#4129=CARTESIAN_POINT('Ctrl Pts',(-22.6794562266519,-59.006963059784,-9.02562711918903));
#4130=CARTESIAN_POINT('Ctrl Pts',(-22.8010084263943,-59.0502393611408,-9.03255135379576));
#4131=CARTESIAN_POINT('Ctrl Pts',(-22.9188769185206,-59.1015553697303,-9.04100031995089));
#4132=CARTESIAN_POINT('Ctrl Pts',(-23.0432541672378,-59.1557050737638,-9.04991584220729));
#4133=CARTESIAN_POINT('Ctrl Pts',(-23.1635294211664,-59.2188067959702,-9.06052939743164));
#4134=CARTESIAN_POINT('Ctrl Pts',(-23.2787395955085,-59.2903417793873,-9.07300936827979));
#4135=CARTESIAN_POINT('Ctrl Pts',(-23.3188924725877,-59.3152730444636,-9.07735886899255));
#4136=CARTESIAN_POINT('Ctrl Pts',(-23.358430220601,-59.3412285431318,-9.08193552738563));
#4137=CARTESIAN_POINT('Ctrl Pts',(-23.3973124137437,-59.3681859798838,-9.08674783550142));
#4138=CARTESIAN_POINT('Ctrl Pts',(-23.5483875352452,-59.4729279633858,-9.10544585571408));
#4139=CARTESIAN_POINT('Ctrl Pts',(-23.6879872914222,-59.591685081182,-9.12750103488681));
#4140=CARTESIAN_POINT('Ctrl Pts',(-23.8144968535886,-59.7223984233446,-9.15326348761814));
#4141=CARTESIAN_POINT('Ctrl Pts',(-23.9335571895514,-59.8454150093339,-9.17750897724671));
#4142=CARTESIAN_POINT('Ctrl Pts',(-24.0410238625945,-59.9790203546093,-9.20504146344311));
#4143=CARTESIAN_POINT('Ctrl Pts',(-24.1355926129035,-60.1215048544278,-9.23614854911058));
#4144=CARTESIAN_POINT('Ctrl Pts',(-24.1415094785594,-60.130419655995,-9.23809482043423));
#4145=CARTESIAN_POINT('Ctrl Pts',(-24.1473758672011,-60.1393692205065,-9.24005507435381));
#4146=CARTESIAN_POINT('Ctrl Pts',(-24.1531914646849,-60.1483531312252,-9.24202937642429));
#4147=CARTESIAN_POINT('Ctrl Pts',(-24.2259912683728,-60.2608139640941,-9.26674374215377));
#4148=CARTESIAN_POINT('Ctrl Pts',(-24.2902029031954,-60.3776677269242,-9.29344612431997));
#4149=CARTESIAN_POINT('Ctrl Pts',(-24.345632885778,-60.4979380969932,-9.32215202173012));
#4150=CARTESIAN_POINT('Ctrl Pts',(-24.3985845651173,-60.6128311164962,-9.34957446359257));
#4151=CARTESIAN_POINT('Ctrl Pts',(-24.4435225306307,-60.7308420504027,-9.37882548779439));
#4152=CARTESIAN_POINT('Ctrl Pts',(-24.4802864578321,-60.8511323907076,-9.40987436646297));
#4153=CARTESIAN_POINT('Ctrl Pts',(-24.5127012616264,-60.9571925446723,-9.43725020432056));
#4154=CARTESIAN_POINT('Ctrl Pts',(-24.5387617915713,-61.0650248559012,-9.46602324117804));
#4155=CARTESIAN_POINT('Ctrl Pts',(-24.5583618229913,-61.1740633123987,-9.49614003101611));
#4156=CARTESIAN_POINT('',(-24.6013113805619,-61.668657938047,-9.));
#4157=CARTESIAN_POINT('',(-24.6013113805619,-61.668657938047,-15.));
#4158=CARTESIAN_POINT('Origin',(-21.8013113805619,-61.668657938047,-9.));
#4159=CARTESIAN_POINT('Origin',(-21.8013113805619,-61.668657938047,-9.));
#4160=CARTESIAN_POINT('',(-23.4013113805619,-61.668657938047,-9.));
#4161=CARTESIAN_POINT('Origin',(-21.8013113805619,-61.668657938047,-9.));
#4162=CARTESIAN_POINT('Origin',(-21.8013113805619,-61.668657938047,0.));
#4163=CARTESIAN_POINT('',(-23.4013113805619,-61.668657938047,-0.871130397995692));
#4164=CARTESIAN_POINT('',(-23.4013113805619,-61.668657938047,0.));
#4165=CARTESIAN_POINT('Origin',(-21.8013113805619,-61.668657938047,-0.871130397995692));
#4166=CARTESIAN_POINT('Origin',(-21.8013113805619,-61.668657938047,0.));
#4167=CARTESIAN_POINT('',(-23.4013113805619,-61.668657938047,11.3316283530142));
#4168=CARTESIAN_POINT('Origin',(-21.8013113805619,-61.668657938047,11.3316283530142));
#4169=CARTESIAN_POINT('',(-23.4013113805619,-61.668657938047,0.));
#4170=CARTESIAN_POINT('Ctrl Pts',(-51.4399444875723,-74.8786648603084,-2.67183429171914));
#4171=CARTESIAN_POINT('Ctrl Pts',(-50.9679736508306,-74.8763992147471,-4.76756104679283));
#4172=CARTESIAN_POINT('Ctrl Pts',(-49.8604295923948,-74.8922449586713,-7.89753421148542));
#4173=CARTESIAN_POINT('Ctrl Pts',(-47.032231844916,-74.8853183134006,-12.6814263293365));
#4174=CARTESIAN_POINT('Ctrl Pts',(-43.4146834533408,-74.8620252651806,-16.7558060247872));
#4175=CARTESIAN_POINT('Ctrl Pts',(-39.9970146407285,-74.9406622631757,-19.1679082878731));
#4176=CARTESIAN_POINT('Ctrl Pts',(-38.1925217821161,-75.0274903672226,-20.2040357127826));
#4177=CARTESIAN_POINT('Ctrl Pts',(-49.7722691325411,-73.32073605106,-3.0136988304268));
#4178=CARTESIAN_POINT('Ctrl Pts',(-49.4860780506363,-73.3244037723176,-4.79744502892474));
#4179=CARTESIAN_POINT('Ctrl Pts',(-48.6441715925039,-73.3785244699652,-7.52057250928598));
#4180=CARTESIAN_POINT('Ctrl Pts',(-46.1744844468558,-73.3541965386995,-11.6016135555724));
#4181=CARTESIAN_POINT('Ctrl Pts',(-42.8893833737305,-73.2655893533558,-14.8819838698942));
#4182=CARTESIAN_POINT('Ctrl Pts',(-39.9482728611763,-73.4532632102064,-16.5698585122523));
#4183=CARTESIAN_POINT('Ctrl Pts',(-38.5035050201168,-73.6824221085179,-17.2912022293081));
#4184=CARTESIAN_POINT('Ctrl Pts',(-47.4588583214339,-70.2496432488349,-3.68760492801515));
#4185=CARTESIAN_POINT('Ctrl Pts',(-47.4216112765852,-70.3662123699876,-4.9795778344278));
#4186=CARTESIAN_POINT('Ctrl Pts',(-46.951318460356,-70.560655480378,-7.0456477160319));
#4187=CARTESIAN_POINT('Ctrl Pts',(-45.0632667928783,-70.4743309881115,-10.0316244052122));
#4188=CARTESIAN_POINT('Ctrl Pts',(-42.3820168831129,-70.0753696116779,-12.1460391765591));
#4189=CARTESIAN_POINT('Ctrl Pts',(-40.2012876123426,-70.063164428883,-12.783654947226));
#4190=CARTESIAN_POINT('Ctrl Pts',(-39.2915008820721,-70.2741733915752,-13.0097782566461));
#4191=CARTESIAN_POINT('Ctrl Pts',(-45.6208277178512,-65.2684778856331,-4.78064832576777));
#4192=CARTESIAN_POINT('Ctrl Pts',(-45.7107609997448,-65.6971946594919,-5.53131102530094));
#4193=CARTESIAN_POINT('Ctrl Pts',(-45.5247923448702,-66.1990465491057,-6.78595035101302));
#4194=CARTESIAN_POINT('Ctrl Pts',(-44.3705074914778,-65.974442779722,-8.53244196889));
#4195=CARTESIAN_POINT('Ctrl Pts',(-42.6269113921848,-64.8466501586134,-9.59347762578014));
#4196=CARTESIAN_POINT('Ctrl Pts',(-41.2941371656671,-63.941201173809,-9.57291271867363));
#4197=CARTESIAN_POINT('Ctrl Pts',(-40.8119854188934,-63.6977562782989,-9.47029836426274));
#4198=CARTESIAN_POINT('Ctrl Pts',(-45.2636219818009,-62.2636531491721,-5.44001287203559));
#4199=CARTESIAN_POINT('Ctrl Pts',(-45.3127956382459,-62.9073231285649,-5.97019794578412));
#4200=CARTESIAN_POINT('Ctrl Pts',(-45.1695108230878,-63.6107080251874,-6.82757115689001));
#4201=CARTESIAN_POINT('Ctrl Pts',(-44.384276511131,-63.2955266840627,-8.02671054163247));
#4202=CARTESIAN_POINT('Ctrl Pts',(-43.2003912164289,-61.682301510436,-8.79467408852912));
#4203=CARTESIAN_POINT('Ctrl Pts',(-42.2032920956281,-60.1216839614763,-8.84215489254471));
#4204=CARTESIAN_POINT('Ctrl Pts',(-41.7795476198333,-59.512845177708,-8.7697510224907));
#4205=CARTESIAN_POINT('Ctrl Pts',(-45.2636219818009,-60.7609861394719,-5.76975102249076));
#4206=CARTESIAN_POINT('Ctrl Pts',(-45.2636219818009,-61.5122128623339,-6.21628858901202));
#4207=CARTESIAN_POINT('Ctrl Pts',(-45.1103787879824,-62.3164101521763,-6.89566746756656));
#4208=CARTESIAN_POINT('Ctrl Pts',(-44.4939652269184,-61.9558902832374,-7.86645962992146));
#4209=CARTESIAN_POINT('Ctrl Pts',(-43.589425602795,-60.0998187018602,-8.57197108940626));
#4210=CARTESIAN_POINT('Ctrl Pts',(-42.7103963246973,-58.2110524270299,-8.76975102249074));
#4211=CARTESIAN_POINT('Ctrl Pts',(-42.2636219818008,-57.4191212094282,-8.76975102249072));
#4212=CARTESIAN_POINT('',(-45.2636219818009,-60.7609861394719,-5.76975102249076));
#4213=CARTESIAN_POINT('Origin',(-65.2636219818009,-60.7609861394719,-5.76975102249122));
#4214=CARTESIAN_POINT('',(-42.2636219818008,-57.4191212094282,-8.76975102249072));
#4215=CARTESIAN_POINT('Ctrl Pts',(-45.2636219818009,-60.7609861394719,-5.76975102249076));
#4216=CARTESIAN_POINT('Ctrl Pts',(-45.2636219818009,-61.5122128623339,-6.21628858901202));
#4217=CARTESIAN_POINT('Ctrl Pts',(-45.1103787879824,-62.3164101521763,-6.89566746756656));
#4218=CARTESIAN_POINT('Ctrl Pts',(-44.4939652269184,-61.9558902832374,-7.86645962992146));
#4219=CARTESIAN_POINT('Ctrl Pts',(-43.589425602795,-60.0998187018602,-8.57197108940626));
#4220=CARTESIAN_POINT('Ctrl Pts',(-42.7103963246973,-58.2110524270299,-8.76975102249074));
#4221=CARTESIAN_POINT('Ctrl Pts',(-42.2636219818008,-57.4191212094282,-8.76975102249072));
#4222=CARTESIAN_POINT('Origin',(-42.2636219818,-57.4191212094283,-28.7697510224907));
#4223=CARTESIAN_POINT('Ctrl Pts',(-38.2198676533776,-74.9092136920003,-19.952454618125));
#4224=CARTESIAN_POINT('Ctrl Pts',(-37.064041272689,-74.9389736333203,-20.5415674048069));
#4225=CARTESIAN_POINT('Ctrl Pts',(-33.2182486035986,-75.0628101788286,-22.3085862569005));
#4226=CARTESIAN_POINT('Ctrl Pts',(-26.4139583518931,-75.244537123422,-24.0057585217286));
#4227=CARTESIAN_POINT('Ctrl Pts',(-19.0440305420855,-75.2428755613191,-23.9967350559813));
#4228=CARTESIAN_POINT('Ctrl Pts',(-14.6589497142782,-75.1699146198774,-23.305370334279));
#4229=CARTESIAN_POINT('Ctrl Pts',(-9.8451730635159,-75.0467689804336,-22.0081536741577));
#4230=CARTESIAN_POINT('Ctrl Pts',(-7.11651844366334,-74.9538542158728,-20.8361359108643));
#4231=CARTESIAN_POINT('Ctrl Pts',(-5.38275510774567,-74.9092136920003,-19.9524546181247));
#4232=CARTESIAN_POINT('Ctrl Pts',(-38.536021660793,-73.5417807622686,-17.0950053065445));
#4233=CARTESIAN_POINT('Ctrl Pts',(-37.3045779688952,-73.6084866035801,-17.5536370512771));
#4234=CARTESIAN_POINT('Ctrl Pts',(-33.2836062757953,-73.8972620277396,-18.9416462034274));
#4235=CARTESIAN_POINT('Ctrl Pts',(-26.4272928493042,-74.3417622906573,-20.3135886478948));
#4236=CARTESIAN_POINT('Ctrl Pts',(-19.0359532587479,-74.3368351805527,-20.3066959312997));
#4237=CARTESIAN_POINT('Ctrl Pts',(-14.6243470355953,-74.1594655177486,-19.7472787427351));
#4238=CARTESIAN_POINT('Ctrl Pts',(-9.74047855094405,-73.8603948608203,-18.7091753568324));
#4239=CARTESIAN_POINT('Ctrl Pts',(-6.9137919578252,-73.6418408957711,-17.7829623535461));
#4240=CARTESIAN_POINT('Ctrl Pts',(-5.0666011003303,-73.5417807622686,-17.0950053065443));
#4241=CARTESIAN_POINT('Ctrl Pts',(-39.3239386512621,-70.1338731811788,-12.9070173427195));
#4242=CARTESIAN_POINT('Ctrl Pts',(-37.9334600856082,-70.1622319515661,-13.1457533435427));
#4243=CARTESIAN_POINT('Ctrl Pts',(-33.5120598483503,-70.4346062241478,-13.8739220962292));
#4244=CARTESIAN_POINT('Ctrl Pts',(-26.4755803161567,-71.0294484358007,-14.6157398972584));
#4245=CARTESIAN_POINT('Ctrl Pts',(-19.0062193643605,-71.0223777693442,-14.6120161875839));
#4246=CARTESIAN_POINT('Ctrl Pts',(-14.5052508009145,-70.786101715557,-14.3094911705921));
#4247=CARTESIAN_POINT('Ctrl Pts',(-9.42534949919492,-70.4149711394028,-13.7535617092033));
#4248=CARTESIAN_POINT('Ctrl Pts',(-6.36443054789776,-70.1764119198429,-13.2651262525925));
#4249=CARTESIAN_POINT('Ctrl Pts',(-4.27868410986107,-70.1338731811788,-12.9070173427194));
#4250=CARTESIAN_POINT('Ctrl Pts',(-40.8300627273274,-63.6195680970498,-9.45331796437465));
#4251=CARTESIAN_POINT('Ctrl Pts',(-39.1700067973909,-63.4280525589395,-9.49383541386283));
#4252=CARTESIAN_POINT('Ctrl Pts',(-34.026688343576,-63.1627879194811,-9.61854797954696));
#4253=CARTESIAN_POINT('Ctrl Pts',(-26.5863777774213,-63.4201837362025,-9.74750469760206));
#4254=CARTESIAN_POINT('Ctrl Pts',(-18.9372506862572,-63.4107548983964,-9.74700427924981));
#4255=CARTESIAN_POINT('Ctrl Pts',(-14.2374476550515,-63.3182583244051,-9.69423069925702));
#4256=CARTESIAN_POINT('Ctrl Pts',(-8.75986677035121,-63.2480585550725,-9.59830576434731));
#4257=CARTESIAN_POINT('Ctrl Pts',(-5.26267806102215,-63.3322908521435,-9.51409497168404));
#4258=CARTESIAN_POINT('Ctrl Pts',(-2.77256003379563,-63.6195680970499,-9.45331796437465));
#4259=CARTESIAN_POINT('Ctrl Pts',(-41.7855404279747,-59.4869250153729,-8.76975102249072));
#4260=CARTESIAN_POINT('Ctrl Pts',(-39.960515412796,-59.1292061970594,-8.76963748936091));
#4261=CARTESIAN_POINT('Ctrl Pts',(-34.3671513700469,-58.432963371872,-8.76969792409782));
#4262=CARTESIAN_POINT('Ctrl Pts',(-26.6600562431363,-58.3604983934616,-8.76945036299153));
#4263=CARTESIAN_POINT('Ctrl Pts',(-18.8913516870214,-58.3506607108814,-8.76957118601913));
#4264=CARTESIAN_POINT('Ctrl Pts',(-14.0604211621279,-58.3959772053491,-8.76952671531881));
#4265=CARTESIAN_POINT('Ctrl Pts',(-8.32618659277165,-58.5983898467984,-8.76984993340825));
#4266=CARTESIAN_POINT('Ctrl Pts',(-4.55465738015859,-58.9503394328652,-8.76958072046166));
#4267=CARTESIAN_POINT('Ctrl Pts',(-1.81708233314829,-59.4869250153731,-8.76975102249073));
#4268=CARTESIAN_POINT('Ctrl Pts',(-42.2636219818,-57.4191212094283,-8.76975102249072));
#4269=CARTESIAN_POINT('Ctrl Pts',(-40.3560917700221,-56.9780953224491,-8.76975102249072));
#4270=CARTESIAN_POINT('Ctrl Pts',(-34.5375986447343,-56.0655949924219,-8.76975102249072));
#4271=CARTESIAN_POINT('Ctrl Pts',(-26.6969463474603,-55.8272315605712,-8.76975102249072));
#4272=CARTESIAN_POINT('Ctrl Pts',(-18.8683685096985,-55.8171692456794,-8.76975102249072));
#4273=CARTESIAN_POINT('Ctrl Pts',(-13.9717925878614,-55.9318179276506,-8.76975102249072));
#4274=CARTESIAN_POINT('Ctrl Pts',(-8.10911883327094,-56.2711761376107,-8.76975102249072));
#4275=CARTESIAN_POINT('Ctrl Pts',(-4.20033531761711,-56.7575733110499,-8.76975102249073));
#4276=CARTESIAN_POINT('Ctrl Pts',(-1.33900077932291,-57.4191212094285,-8.76975102249073));
#4277=CARTESIAN_POINT('',(-1.33900077932293,-57.4191212094285,-8.76975102249072));
#4278=CARTESIAN_POINT('Ctrl Pts',(-42.2636219818,-57.4191212094283,-8.76975102249072));
#4279=CARTESIAN_POINT('Ctrl Pts',(-40.3560917700221,-56.9780953224491,-8.76975102249072));
#4280=CARTESIAN_POINT('Ctrl Pts',(-34.5375986447343,-56.0655949924219,-8.76975102249072));
#4281=CARTESIAN_POINT('Ctrl Pts',(-26.6969463474603,-55.8272315605712,-8.76975102249072));
#4282=CARTESIAN_POINT('Ctrl Pts',(-18.8683685096985,-55.8171692456794,-8.76975102249072));
#4283=CARTESIAN_POINT('Ctrl Pts',(-13.9717925878614,-55.9318179276506,-8.76975102249072));
#4284=CARTESIAN_POINT('Ctrl Pts',(-8.10911883327094,-56.2711761376107,-8.76975102249072));
#4285=CARTESIAN_POINT('Ctrl Pts',(-4.20033531761711,-56.7575733110499,-8.76975102249073));
#4286=CARTESIAN_POINT('Ctrl Pts',(-1.33900077932291,-57.4191212094285,-8.76975102249073));
#4287=CARTESIAN_POINT('Origin',(-1.33900077932295,-57.4191212094285,-28.7697510224907));
#4288=CARTESIAN_POINT('Ctrl Pts',(-51.4075517298239,-74.8483357752477,13.1389875178975));
#4289=CARTESIAN_POINT('Ctrl Pts',(-51.8614707371671,-74.8321805642701,11.0307485853179));
#4290=CARTESIAN_POINT('Ctrl Pts',(-52.5687693653883,-74.8302636844063,5.66124618224363));
#4291=CARTESIAN_POINT('Ctrl Pts',(-52.0110431504082,-74.8268572051394,0.124442431091743));
#4292=CARTESIAN_POINT('Ctrl Pts',(-51.4075517298238,-74.8483357752477,-2.67848956287938));
#4293=CARTESIAN_POINT('Ctrl Pts',(-49.1949249028261,-72.7720135368399,13.5946058619631));
#4294=CARTESIAN_POINT('Ctrl Pts',(-49.4949252270254,-72.7082673182771,11.3296801270778));
#4295=CARTESIAN_POINT('Ctrl Pts',(-49.9686174002605,-72.6881127979021,5.67416932037766));
#4296=CARTESIAN_POINT('Ctrl Pts',(-49.5937793656222,-72.6872620825606,-0.122858703558562));
#4297=CARTESIAN_POINT('Ctrl Pts',(-49.1949249028261,-72.7720135368399,-3.13410790694496));
#4298=CARTESIAN_POINT('Ctrl Pts',(-46.1976180135967,-68.2545633784766,14.5858937856191));
#4299=CARTESIAN_POINT('Ctrl Pts',(-46.2714325534501,-67.9940077779275,11.9997762817256));
#4300=CARTESIAN_POINT('Ctrl Pts',(-46.3888607879348,-67.7601533257545,5.70864568589389));
#4301=CARTESIAN_POINT('Ctrl Pts',(-46.2957554363423,-67.9081512058801,-0.687117853748124));
#4302=CARTESIAN_POINT('Ctrl Pts',(-46.1976180135967,-68.2545633784766,-4.12539583060108));
#4303=CARTESIAN_POINT('Ctrl Pts',(-45.2636219818009,-63.0087254342169,15.7370156843243));
#4304=CARTESIAN_POINT('Ctrl Pts',(-45.2635195725411,-62.4545696368274,12.7925460993509));
#4305=CARTESIAN_POINT('Ctrl Pts',(-45.2634641727517,-61.8446310113132,5.75366207498532));
#4306=CARTESIAN_POINT('Ctrl Pts',(-45.2634858273137,-62.2719678541606,-1.36180584468167));
#4307=CARTESIAN_POINT('Ctrl Pts',(-45.2636219818009,-63.008725434217,-5.27651772930633));
#4308=CARTESIAN_POINT('Ctrl Pts',(-45.2636219818009,-60.7609861394718,16.2302489775092));
#4309=CARTESIAN_POINT('Ctrl Pts',(-45.2636219818009,-60.081171487574,13.1322299927253));
#4310=CARTESIAN_POINT('Ctrl Pts',(-45.2636219818009,-59.3102778137967,5.77295710827898));
#4311=CARTESIAN_POINT('Ctrl Pts',(-45.2636219818009,-59.8571634235886,-1.65089314723286));
#4312=CARTESIAN_POINT('Ctrl Pts',(-45.2636219818009,-60.7609861394719,-5.76975102249122));
#4313=CARTESIAN_POINT('',(-45.2636219818009,-60.7609861394717,16.2302489775092));
#4314=CARTESIAN_POINT('Origin',(-65.2636219818009,-60.7609861394718,16.2302489775092));
#4315=CARTESIAN_POINT('',(-45.2636219818009,-59.9366819359014,11.0429656859889));
#4316=CARTESIAN_POINT('Ctrl Pts',(-45.2636219818009,-60.7609861394718,16.2302489775092));
#4317=CARTESIAN_POINT('Ctrl Pts',(-45.2636219818009,-60.3847865760595,14.5158502274011));
#4318=CARTESIAN_POINT('Ctrl Pts',(-45.2636219818009,-60.1155953880619,12.7843160366946));
#4319=CARTESIAN_POINT('Ctrl Pts',(-45.2636219818009,-59.9352134973057,11.0431188446129));
#4320=CARTESIAN_POINT('',(-46.7652430120959,-67.768657938047,12.3482950196809));
#4321=CARTESIAN_POINT('Ctrl Pts',(-45.2636219818009,-59.9352829328147,11.0437890515271));
#4322=CARTESIAN_POINT('Ctrl Pts',(-45.263603936805,-60.3460572059224,11.1120652901303));
#4323=CARTESIAN_POINT('Ctrl Pts',(-45.2757862879481,-60.7565361638829,11.1802881864064));
#4324=CARTESIAN_POINT('Ctrl Pts',(-45.2999512381213,-61.1662216292886,11.2483795181587));
#4325=CARTESIAN_POINT('Ctrl Pts',(-45.3244680246905,-61.5818720255811,11.3174622448277));
#4326=CARTESIAN_POINT('Ctrl Pts',(-45.3613192461826,-61.9967063377508,11.3864094622136));
#4327=CARTESIAN_POINT('Ctrl Pts',(-45.4103302559895,-62.4101903817268,11.4551372897383));
#4328=CARTESIAN_POINT('Ctrl Pts',(-45.4601060416188,-62.8301264984313,11.5249375575376));
#4329=CARTESIAN_POINT('Ctrl Pts',(-45.5224244993068,-63.2486705615913,11.5945114196171));
#4330=CARTESIAN_POINT('Ctrl Pts',(-45.5971506391573,-63.6652382646378,11.6637702940537));
#4331=CARTESIAN_POINT('Ctrl Pts',(-45.6557393310035,-63.9918462874218,11.7180724011891));
#4332=CARTESIAN_POINT('Ctrl Pts',(-45.7219564192417,-64.3172389713605,11.7721808375261));
#4333=CARTESIAN_POINT('Ctrl Pts',(-45.795754099015,-64.6411204301892,11.8260533774785));
#4334=CARTESIAN_POINT('Ctrl Pts',(-45.8853048403759,-65.0341385418735,11.89142570228));
#4335=CARTESIAN_POINT('Ctrl Pts',(-45.9858989274113,-65.424419046648,11.9563682428602));
#4336=CARTESIAN_POINT('Ctrl Pts',(-46.0974163515991,-65.8115051538898,12.0208122400131));
#4337=CARTESIAN_POINT('Ctrl Pts',(-46.2099923363914,-66.2022656116347,12.0858679610924));
#4338=CARTESIAN_POINT('Ctrl Pts',(-46.3337005234846,-66.5897712586935,12.1504154841692));
#4339=CARTESIAN_POINT('Ctrl Pts',(-46.4684579831797,-66.9735184545125,12.2143868289377));
#4340=CARTESIAN_POINT('Ctrl Pts',(-46.4856020173247,-67.0223393141741,12.2225253536731));
#4341=CARTESIAN_POINT('Ctrl Pts',(-46.502924934315,-67.0710992919795,12.2306545581971));
#4342=CARTESIAN_POINT('Ctrl Pts',(-46.5204266031493,-67.1197973059259,12.2387743076515));
#4343=CARTESIAN_POINT('Ctrl Pts',(-46.5985093913723,-67.3370609706567,12.2750001489166));
#4344=CARTESIAN_POINT('Ctrl Pts',(-46.6801499222619,-67.5530916407382,12.3110377777716));
#4345=CARTESIAN_POINT('Ctrl Pts',(-46.7652866252019,-67.7678128345584,12.3468719206253));
#4346=CARTESIAN_POINT('',(-46.7652430120959,-67.768657938047,-1.88779706466236));
#4347=CARTESIAN_POINT('Ctrl Pts',(-46.7652430120959,-67.768657938047,12.3482950196809));
#4348=CARTESIAN_POINT('Ctrl Pts',(-46.7933913301704,-67.768657938047,11.9004692837528));
#4349=CARTESIAN_POINT('Ctrl Pts',(-46.8193060999107,-67.768657938047,11.4472150782307));
#4350=CARTESIAN_POINT('Ctrl Pts',(-47.0632036348296,-67.768657938047,6.66369804689336));
#4351=CARTESIAN_POINT('Ctrl Pts',(-47.0400798469691,-67.768657938047,2.48472023855643));
#4352=CARTESIAN_POINT('Ctrl Pts',(-46.7652430120959,-67.768657938047,-1.88779706466237));
#4353=CARTESIAN_POINT('',(-45.2636219818009,-59.936681935902,-0.582467730970705));
#4354=CARTESIAN_POINT('Ctrl Pts',(-46.7652430120959,-67.768657938047,-1.88779706466237));
#4355=CARTESIAN_POINT('Ctrl Pts',(-46.7367844106535,-67.6967408609059,-1.87581088513885));
#4356=CARTESIAN_POINT('Ctrl Pts',(-46.7087089451466,-67.6246641121834,-1.86379809427503));
#4357=CARTESIAN_POINT('Ctrl Pts',(-45.7481725715681,-65.1190141436158,-1.44618976618042));
#4358=CARTESIAN_POINT('Ctrl Pts',(-45.2636219818009,-62.5376725205091,-1.01596616173938));
#4359=CARTESIAN_POINT('Ctrl Pts',(-45.2636219818009,-59.9366819359054,-0.582467730972093));
#4360=CARTESIAN_POINT('Ctrl Pts',(-45.2636219818009,-59.9291992041011,-0.58324855733021));
#4361=CARTESIAN_POINT('Ctrl Pts',(-45.2636219818009,-60.1121173981016,-2.32646486171351));
#4362=CARTESIAN_POINT('Ctrl Pts',(-45.2636219818009,-60.3855321746279,-4.05875007870167));
#4363=CARTESIAN_POINT('Ctrl Pts',(-45.2636219818009,-60.7609861394719,-5.76975102249122));
#4364=CARTESIAN_POINT('Ctrl Pts',(-5.41048459148687,-75.029149572308,-20.2076297534439));
#4365=CARTESIAN_POINT('Ctrl Pts',(-4.51654701298826,-74.9862317048499,-19.694271310479));
#4366=CARTESIAN_POINT('Ctrl Pts',(-1.8881623608322,-74.8893156286926,-18.0158906106255));
#4367=CARTESIAN_POINT('Ctrl Pts',(2.10045116138253,-74.8726565026055,-14.4845838604922));
#4368=CARTESIAN_POINT('Ctrl Pts',(5.88462628959437,-74.9016487866351,-8.96114567179738));
#4369=CARTESIAN_POINT('Ctrl Pts',(7.36845371539651,-74.8783196133709,-4.76186950899618));
#4370=CARTESIAN_POINT('Ctrl Pts',(7.83937945431737,-74.8805868991065,-2.67141252860439));
#4371=CARTESIAN_POINT('Ctrl Pts',(-5.20321289511127,-74.1326556599188,-18.2652154780282));
#4372=CARTESIAN_POINT('Ctrl Pts',(-4.42802892860071,-74.0432027739688,-17.8555847460859));
#4373=CARTESIAN_POINT('Ctrl Pts',(-2.09986531536799,-73.845422477593,-16.5192669406655));
#4374=CARTESIAN_POINT('Ctrl Pts',(1.60888677157969,-73.8306653987224,-13.5696066674678));
#4375=CARTESIAN_POINT('Ctrl Pts',(5.13453548179587,-73.9039747263098,-8.61983605390988));
#4376=CARTESIAN_POINT('Ctrl Pts',(6.3796959429254,-73.8437853469757,-4.78234013327315));
#4377=CARTESIAN_POINT('Ctrl Pts',(6.72724853409053,-73.8419392592413,-2.89932846043287));
#4378=CARTESIAN_POINT('Ctrl Pts',(-4.64626666687172,-71.7237454619719,-14.6826547580065));
#4379=CARTESIAN_POINT('Ctrl Pts',(-4.09180471276476,-71.6063853357576,-14.4738370065101));
#4380=CARTESIAN_POINT('Ctrl Pts',(-2.32995461342323,-71.3826060535735,-13.7787908562326));
#4381=CARTESIAN_POINT('Ctrl Pts',(0.804977559667442,-71.547848471314,-11.8861342715782));
#4382=CARTESIAN_POINT('Ctrl Pts',(3.79875567236146,-71.7642663565169,-8.02176480262093));
#4383=CARTESIAN_POINT('Ctrl Pts',(4.61807268456731,-71.5767110777461,-4.89341964605307));
#4384=CARTESIAN_POINT('Ctrl Pts',(4.75028046802259,-71.5127353353408,-3.4104379670248));
#4385=CARTESIAN_POINT('Ctrl Pts',(-3.27445932218184,-65.7903886409962,-10.097395071754));
#4386=CARTESIAN_POINT('Ctrl Pts',(-3.00076141906365,-65.8210925425154,-10.1319519844704));
#4387=CARTESIAN_POINT('Ctrl Pts',(-2.01721415395,-66.0692867747494,-10.1851583561864));
#4388=CARTESIAN_POINT('Ctrl Pts',(0.0929906235688127,-67.0334324456439,
-9.56786375909029));
#4389=CARTESIAN_POINT('Ctrl Pts',(2.11549285239174,-67.6451543499835,-7.30784891784981));
#4390=CARTESIAN_POINT('Ctrl Pts',(2.42163035782519,-67.0922802653705,-5.32985188332488));
#4391=CARTESIAN_POINT('Ctrl Pts',(2.3344009967548,-66.7717463066969,-4.45077820444382));
#4392=CARTESIAN_POINT('Ctrl Pts',(-2.06524030523889,-60.5602607152312,-8.76975102249073));
#4393=CARTESIAN_POINT('Ctrl Pts',(-1.8614084648185,-60.8163014502766,-8.82434572641649));
#4394=CARTESIAN_POINT('Ctrl Pts',(-1.16111766322936,-61.7106932764491,-8.92321761417824));
#4395=CARTESIAN_POINT('Ctrl Pts',(0.243261276124933,-63.5219233868139,-8.56025521241223));
#4396=CARTESIAN_POINT('Ctrl Pts',(1.5517197407537,-64.4969724642214,-7.11994711400387));
#4397=CARTESIAN_POINT('Ctrl Pts',(1.73497383631097,-63.6036128561035,-5.84537615033395));
#4398=CARTESIAN_POINT('Ctrl Pts',(1.6609992206771,-63.0153839396337,-5.27505661833005));
#4399=CARTESIAN_POINT('Ctrl Pts',(-1.33900077932291,-57.4191212094285,-8.76975102249073));
#4400=CARTESIAN_POINT('Ctrl Pts',(-1.11772518232874,-57.8113439405215,-8.76975102249073));
#4401=CARTESIAN_POINT('Ctrl Pts',(-0.454413684292669,-59.0948407965587,
-8.69575307787891));
#4402=CARTESIAN_POINT('Ctrl Pts',(0.570757326836265,-61.4150133998401,-8.21465900909926));
#4403=CARTESIAN_POINT('Ctrl Pts',(1.45596455510094,-62.6079725888182,-7.1271161969376));
#4404=CARTESIAN_POINT('Ctrl Pts',(1.66099922067709,-61.5101862990362,-6.21508397712108));
#4405=CARTESIAN_POINT('Ctrl Pts',(1.66099922067709,-60.7609861394718,-5.76975102249074));
#4406=CARTESIAN_POINT('',(1.6609992206771,-60.7609861394719,-5.76975102249075));
#4407=CARTESIAN_POINT('Ctrl Pts',(-1.33900077932291,-57.4191212094285,-8.76975102249073));
#4408=CARTESIAN_POINT('Ctrl Pts',(-1.11772518232874,-57.8113439405215,-8.76975102249073));
#4409=CARTESIAN_POINT('Ctrl Pts',(-0.454413684292669,-59.0948407965587,
-8.69575307787891));
#4410=CARTESIAN_POINT('Ctrl Pts',(0.570757326836265,-61.4150133998401,-8.21465900909926));
#4411=CARTESIAN_POINT('Ctrl Pts',(1.45596455510094,-62.6079725888182,-7.1271161969376));
#4412=CARTESIAN_POINT('Ctrl Pts',(1.66099922067709,-61.5101862990362,-6.21508397712108));
#4413=CARTESIAN_POINT('Ctrl Pts',(1.66099922067709,-60.7609861394718,-5.76975102249074));
#4414=CARTESIAN_POINT('Origin',(21.6609992206771,-60.7609861394719,-5.76975102249102));
#4415=CARTESIAN_POINT('Ctrl Pts',(-38.19232813575,-75.0283279287022,30.6663476973104));
#4416=CARTESIAN_POINT('Ctrl Pts',(-39.0868053601753,-74.9853363872996,30.1527118653393));
#4417=CARTESIAN_POINT('Ctrl Pts',(-41.7248939821478,-74.8881925374506,28.466182794306));
#4418=CARTESIAN_POINT('Ctrl Pts',(-45.7001008293791,-74.8717400661778,24.9455716852677));
#4419=CARTESIAN_POINT('Ctrl Pts',(-49.4891755411653,-74.9006888717007,19.4185210059409));
#4420=CARTESIAN_POINT('Ctrl Pts',(-50.9717447082048,-74.8773791492315,15.2153964621554));
#4421=CARTESIAN_POINT('Ctrl Pts',(-51.440983079143,-74.8796350343583,13.1321193563267));
#4422=CARTESIAN_POINT('Ctrl Pts',(-38.3996248287163,-74.131725900773,28.7241935714143));
#4423=CARTESIAN_POINT('Ctrl Pts',(-39.1752777248971,-74.0421891752436,28.3143498312478));
#4424=CARTESIAN_POINT('Ctrl Pts',(-41.5123330644534,-73.8441003290292,26.9713061501387));
#4425=CARTESIAN_POINT('Ctrl Pts',(-45.2087909396983,-73.8297742126255,24.0305091246508));
#4426=CARTESIAN_POINT('Ctrl Pts',(-48.738905746221,-73.902982150993,19.0777104640699));
#4427=CARTESIAN_POINT('Ctrl Pts',(-49.9827262967553,-73.8428610916045,15.2365802223084));
#4428=CARTESIAN_POINT('Ctrl Pts',(-50.3290241899093,-73.8410014669997,13.3600322001509));
#4429=CARTESIAN_POINT('Ctrl Pts',(-38.9566016066794,-71.7226835688123,25.1422885084401));
#4430=CARTESIAN_POINT('Ctrl Pts',(-39.5114046169898,-71.6052540713638,24.9333746140279));
#4431=CARTESIAN_POINT('Ctrl Pts',(-41.2805471454688,-71.3815593763883,24.2341371209238));
#4432=CARTESIAN_POINT('Ctrl Pts',(-44.4053953220838,-71.5469531505715,22.3469151088483));
#4433=CARTESIAN_POINT('Ctrl Pts',(-47.4027988847388,-71.7634128843333,18.4805536224312));
#4434=CARTESIAN_POINT('Ctrl Pts',(-48.2206980022384,-71.5756772545264,15.349026598386));
#4435=CARTESIAN_POINT('Ctrl Pts',(-48.3524107688935,-71.5118762206187,13.8711244421196));
#4436=CARTESIAN_POINT('Ctrl Pts',(-40.3283492468784,-65.7895849823838,20.557959358219));
#4437=CARTESIAN_POINT('Ctrl Pts',(-40.6022322658652,-65.8203423825833,20.5925485757746));
#4438=CARTESIAN_POINT('Ctrl Pts',(-41.5905315909952,-66.0705507940802,20.6444285495683));
#4439=CARTESIAN_POINT('Ctrl Pts',(-43.6942447965264,-67.0322322393161,20.0284069209149));
#4440=CARTESIAN_POINT('Ctrl Pts',(-45.7190445594002,-67.6449717616495,17.7676881199372));
#4441=CARTESIAN_POINT('Ctrl Pts',(-46.0239263563019,-67.0907068568718,15.7874818778164));
#4442=CARTESIAN_POINT('Ctrl Pts',(-45.9369864081416,-66.771207593063,14.9113943722374));
#4443=CARTESIAN_POINT('Ctrl Pts',(-41.5374458401671,-60.5599865648088,19.2302489775093));
#4444=CARTESIAN_POINT('Ctrl Pts',(-41.7414271851238,-60.8162250244233,19.2848782508076));
#4445=CARTESIAN_POINT('Ctrl Pts',(-42.4448865770957,-61.7146408959901,19.3833112074357));
#4446=CARTESIAN_POINT('Ctrl Pts',(-43.8449361206658,-63.5202890012575,19.0209847545471));
#4447=CARTESIAN_POINT('Ctrl Pts',(-45.1550852555178,-64.4974816521153,17.5802163179648));
#4448=CARTESIAN_POINT('Ctrl Pts',(-45.3373426529595,-63.6014631103061,16.3039993329384));
#4449=CARTESIAN_POINT('Ctrl Pts',(-45.2636219818009,-63.015187181703,15.7355977489794));
#4450=CARTESIAN_POINT('Ctrl Pts',(-42.2636219818009,-57.4191212094284,19.2302489775093));
#4451=CARTESIAN_POINT('Ctrl Pts',(-42.4850581055008,-57.8116284826203,19.2302489775093));
#4452=CARTESIAN_POINT('Ctrl Pts',(-43.1509064435831,-59.1004594708355,19.1552171110822));
#4453=CARTESIAN_POINT('Ctrl Pts',(-44.1726744555111,-61.4131795236627,18.675243099967));
#4454=CARTESIAN_POINT('Ctrl Pts',(-45.0592180768226,-62.6089609072363,17.5871799970635));
#4455=CARTESIAN_POINT('Ctrl Pts',(-45.2636219818009,-61.507680996446,16.6740927522573));
#4456=CARTESIAN_POINT('Ctrl Pts',(-45.2636219818009,-60.7609861394718,16.2302489775093));
#4457=CARTESIAN_POINT('Ctrl Pts',(-42.2636219818009,-57.4191212094284,19.2302489775093));
#4458=CARTESIAN_POINT('Ctrl Pts',(-42.4850581055008,-57.8116284826203,19.2302489775093));
#4459=CARTESIAN_POINT('Ctrl Pts',(-43.1509064435831,-59.1004594708355,19.1552171110822));
#4460=CARTESIAN_POINT('Ctrl Pts',(-44.1726744555111,-61.4131795236627,18.675243099967));
#4461=CARTESIAN_POINT('Ctrl Pts',(-45.0592180768226,-62.6089609072363,17.5871799970635));
#4462=CARTESIAN_POINT('Ctrl Pts',(-45.2636219818009,-61.507680996446,16.6740927522573));
#4463=CARTESIAN_POINT('Ctrl Pts',(-45.2636219818009,-60.7609861394718,16.2302489775093));
#4464=CARTESIAN_POINT('Ctrl Pts',(7.80493012349497,-74.8483368589037,-2.67848932508688));
#4465=CARTESIAN_POINT('Ctrl Pts',(8.25755370235854,-74.8322277807909,-0.576267496910524));
#4466=CARTESIAN_POINT('Ctrl Pts',(8.966108799873,-74.8303602011421,4.80259055461652));
#4467=CARTESIAN_POINT('Ctrl Pts',(8.41013764961406,-74.8267972490205,10.3280853929806));
#4468=CARTESIAN_POINT('Ctrl Pts',(7.80493012349579,-74.8483368589037,13.1389872801016));
#4469=CARTESIAN_POINT('Ctrl Pts',(5.59230290633204,-72.7720145871304,-3.13410767647401));
#4470=CARTESIAN_POINT('Ctrl Pts',(5.89144707083471,-72.7084503457351,-0.875646231888364));
#4471=CARTESIAN_POINT('Ctrl Pts',(6.36619158436267,-72.6882235871257,4.79000208754258));
#4472=CARTESIAN_POINT('Ctrl Pts',(5.99229156844767,-72.687022202551,10.5747941865266));
#4473=CARTESIAN_POINT('Ctrl Pts',(5.59230290633258,-72.7720145871303,13.5946056314885));
#4474=CARTESIAN_POINT('Ctrl Pts',(2.59485925939648,-68.2546279226564,-4.12538166733095));
#4475=CARTESIAN_POINT('Ctrl Pts',(2.66846314366854,-67.9948160028281,-1.54664512712286));
#4476=CARTESIAN_POINT('Ctrl Pts',(2.78599143416706,-67.7610315093498,4.75615571174485));
#4477=CARTESIAN_POINT('Ctrl Pts',(2.69327575114199,-67.9072307993111,11.1378251353708));
#4478=CARTESIAN_POINT('Ctrl Pts',(2.59485925939661,-68.254627922656,14.5858796223448));
#4479=CARTESIAN_POINT('Ctrl Pts',(1.66099922067709,-63.0087256576685,-5.27651768027297));
#4480=CARTESIAN_POINT('Ctrl Pts',(1.66089710364908,-62.4561514619669,-2.34045177880036));
#4481=CARTESIAN_POINT('Ctrl Pts',(1.66088171781889,-61.845769365468,4.71182974330516));
#4482=CARTESIAN_POINT('Ctrl Pts',(1.66086267897492,-62.2698731594904,11.8111724761371));
#4483=CARTESIAN_POINT('Ctrl Pts',(1.66099922067709,-63.0087256576675,15.7370156352862));
#4484=CARTESIAN_POINT('Ctrl Pts',(1.66099922067709,-60.7609861394718,-5.769751022491));
#4485=CARTESIAN_POINT('Ctrl Pts',(1.66099922067709,-60.0831117137051,-2.68057394391197));
#4486=CARTESIAN_POINT('Ctrl Pts',(1.6609992206771,-59.3115370001538,4.692833239751));
#4487=CARTESIAN_POINT('Ctrl Pts',(1.66099922067709,-59.8545934471874,12.0996793280772));
#4488=CARTESIAN_POINT('Ctrl Pts',(1.66099922067709,-60.7609861394706,16.2302489775039));
#4489=CARTESIAN_POINT('',(1.6609992206771,-59.9366819359022,-0.582467730970811));
#4490=CARTESIAN_POINT('Ctrl Pts',(1.66099922067709,-60.7609861394718,-5.769751022491));
#4491=CARTESIAN_POINT('Ctrl Pts',(1.66099922067709,-60.3855310232487,-4.05874483169118));
#4492=CARTESIAN_POINT('Ctrl Pts',(1.66099922067709,-60.1165874573574,-2.32600235034279));
#4493=CARTESIAN_POINT('Ctrl Pts',(1.66099922067709,-59.9361894163324,-0.582519105868307));
#4494=CARTESIAN_POINT('',(3.16262025097211,-67.768657938047,-1.88779706466236));
#4495=CARTESIAN_POINT('Ctrl Pts',(1.66099922067709,-59.9366819359054,-0.582467730972092));
#4496=CARTESIAN_POINT('Ctrl Pts',(1.66099922067709,-62.5380417085201,-1.01602769307455));
#4497=CARTESIAN_POINT('Ctrl Pts',(2.14568734252065,-65.119744352598,-1.44631146708752));
#4498=CARTESIAN_POINT('Ctrl Pts',(3.10635289761845,-67.6253488068955,-1.86391220947044));
#4499=CARTESIAN_POINT('Ctrl Pts',(3.13429682205609,-67.6970824522884,-1.87586781703593));
#4500=CARTESIAN_POINT('Ctrl Pts',(3.16262025097212,-67.768657938047,-1.88779706466236));
#4501=CARTESIAN_POINT('',(3.16262025097211,-67.768657938047,12.3482950196809));
#4502=CARTESIAN_POINT('Ctrl Pts',(3.16262025097212,-67.768657938047,-1.88779706466236));
#4503=CARTESIAN_POINT('Ctrl Pts',(3.35000797759765,-67.768657938047,1.09344843490481));
#4504=CARTESIAN_POINT('Ctrl Pts',(3.41942688658829,-67.768657938047,3.98706962931927));
#4505=CARTESIAN_POINT('Ctrl Pts',(3.3517937802602,-67.768657938047,8.4036570369436));
#4506=CARTESIAN_POINT('Ctrl Pts',(3.30180061528275,-67.7686579382045,9.84696493453348));
#4507=CARTESIAN_POINT('Ctrl Pts',(3.20485898122484,-67.7686579382045,11.6517506154346));
#4508=CARTESIAN_POINT('Ctrl Pts',(3.18438786495809,-67.768657938047,12.0019831112084));
#4509=CARTESIAN_POINT('Ctrl Pts',(3.16262025097212,-67.768657938047,12.3482950196809));
#4510=CARTESIAN_POINT('',(1.6609992206771,-59.9366819359012,11.0429656859888));
#4511=CARTESIAN_POINT('Ctrl Pts',(3.16262025097212,-67.768657938047,12.3482950196809));
#4512=CARTESIAN_POINT('Ctrl Pts',(2.17503204176423,-65.2729464896534,11.9323431116153));
#4513=CARTESIAN_POINT('Ctrl Pts',(1.66099922067709,-62.6156595478227,11.4894619546435));
#4514=CARTESIAN_POINT('Ctrl Pts',(1.66099922067709,-59.9366819359054,11.0429656859906));
#4515=CARTESIAN_POINT('',(1.6609992206771,-60.7609861394695,16.2302489775042));
#4516=CARTESIAN_POINT('Ctrl Pts',(1.66099922067709,-59.928655872081,11.0438031032836));
#4517=CARTESIAN_POINT('Ctrl Pts',(1.66099922067709,-60.1114130129839,12.7847915887867));
#4518=CARTESIAN_POINT('Ctrl Pts',(1.66099922067709,-60.3848839485374,14.5162939686234));
#4519=CARTESIAN_POINT('Ctrl Pts',(1.66099922067709,-60.7609861394706,16.2302489775039));
#4520=CARTESIAN_POINT('Origin',(21.6609992206771,-60.7609861394706,16.2302489775039));
#4521=CARTESIAN_POINT('Ctrl Pts',(7.83557965563684,-74.8770372354962,13.1326894050346));
#4522=CARTESIAN_POINT('Ctrl Pts',(7.60117807686776,-74.8759148476239,14.1737852784757));
#4523=CARTESIAN_POINT('Ctrl Pts',(6.70621708650255,-74.8859715134823,17.304297832781));
#4524=CARTESIAN_POINT('Ctrl Pts',(4.1617407041223,-74.8904116007047,22.3198227791145));
#4525=CARTESIAN_POINT('Ctrl Pts',(-0.19627872665677,-74.8595928591253,27.2173049236891));
#4526=CARTESIAN_POINT('Ctrl Pts',(-3.60483690748098,-74.939070656717,29.6252193944658));
#4527=CARTESIAN_POINT('Ctrl Pts',(-5.40977604779798,-75.0260849645904,30.6614908388997));
#4528=CARTESIAN_POINT('Ctrl Pts',(6.72409016489837,-73.8384421633671,13.3605938016477));
#4529=CARTESIAN_POINT('Ctrl Pts',(6.55111461357388,-73.8393986354702,14.2983840794129));
#4530=CARTESIAN_POINT('Ctrl Pts',(5.84177426135068,-73.8701514148292,17.1380560779265));
#4531=CARTESIAN_POINT('Ctrl Pts',(3.54720505966073,-73.8815131242035,21.7068105923621));
#4532=CARTESIAN_POINT('Ctrl Pts',(-0.546557155665045,-73.794701364872,25.9674459475428));
#4533=CARTESIAN_POINT('Ctrl Pts',(-3.63723878468335,-73.9483503811912,27.893223855599));
#4534=CARTESIAN_POINT('Ctrl Pts',(-5.20241119260526,-74.1291881215637,28.7200466223334));
#4535=CARTESIAN_POINT('Ctrl Pts',(4.74832071706127,-71.5095683191998,13.8716308771028));
#4536=CARTESIAN_POINT('Ctrl Pts',(4.6825544714158,-71.5415136464596,14.6102159636374));
#4537=CARTESIAN_POINT('Ctrl Pts',(4.29923595305152,-71.6736920058112,16.8851217897169));
#4538=CARTESIAN_POINT('Ctrl Pts',(2.48120555101448,-71.7095093219771,20.5865958763123));
#4539=CARTESIAN_POINT('Ctrl Pts',(-1.0515177891412,-71.38301446175,23.6737756435255));
#4540=CARTESIAN_POINT('Ctrl Pts',(-3.52583789981657,-71.4830192924312,24.71809690997));
#4541=CARTESIAN_POINT('Ctrl Pts',(-4.64539344579771,-71.7199685923447,25.139493325527));
#4542=CARTESIAN_POINT('Ctrl Pts',(2.33398163288266,-66.7697872495898,14.9117060456984));
#4543=CARTESIAN_POINT('Ctrl Pts',(2.37744284801499,-66.9295439724835,15.3495667221162));
#4544=CARTESIAN_POINT('Ctrl Pts',(2.3507403035217,-67.4015470831178,16.742993686887));
#4545=CARTESIAN_POINT('Ctrl Pts',(1.25641580701994,-67.5072829474699,19.0607899985884));
#4546=CARTESIAN_POINT('Ctrl Pts',(-1.18994442511127,-66.419527069048,20.5880591119519));
#4547=CARTESIAN_POINT('Ctrl Pts',(-2.72105594689464,-65.8499063358267,20.6269587018994));
#4548=CARTESIAN_POINT('Ctrl Pts',(-3.27382597503873,-65.7876492786381,20.5570991229293));
#4549=CARTESIAN_POINT('Ctrl Pts',(1.66099922067698,-63.0146502700452,15.7357155663363));
#4550=CARTESIAN_POINT('Ctrl Pts',(1.69784052746553,-63.3077273731054,16.0198240420118));
#4551=CARTESIAN_POINT('Ctrl Pts',(1.6980909180237,-64.1142708874061,16.920712854776));
#4552=CARTESIAN_POINT('Ctrl Pts',(0.999238829456401,-64.2847548377408,18.4076018449234));
#4553=CARTESIAN_POINT('Ctrl Pts',(-0.600982931302807,-62.4612161139998,
19.3663631753256));
#4554=CARTESIAN_POINT('Ctrl Pts',(-1.65325029965191,-61.0765322212119,19.3404926510587));
#4555=CARTESIAN_POINT('Ctrl Pts',(-2.06500395871819,-60.5592384646327,19.2302489774189));
#4556=CARTESIAN_POINT('Ctrl Pts',(1.6609992206771,-60.7609861394706,16.2302489775086));
#4557=CARTESIAN_POINT('Ctrl Pts',(1.66099922067715,-61.134231676942,16.4521102997233));
#4558=CARTESIAN_POINT('Ctrl Pts',(1.58865121791377,-62.141742969818,17.1256306297189));
#4559=CARTESIAN_POINT('Ctrl Pts',(1.07513709529847,-62.3513348685621,18.1849358538008));
#4560=CARTESIAN_POINT('Ctrl Pts',(-0.0154373518063691,-60.0858090754174,
19.0323769564907));
#4561=CARTESIAN_POINT('Ctrl Pts',(-0.892022929749667,-58.2114131533185,
19.2302489775649));
#4562=CARTESIAN_POINT('Ctrl Pts',(-1.33900077969629,-57.4191212087666,19.2302489775093));
#4563=CARTESIAN_POINT('Ctrl Pts',(1.6609992206771,-60.7609861394706,16.2302489775086));
#4564=CARTESIAN_POINT('Ctrl Pts',(1.66099922067715,-61.134231676942,16.4521102997233));
#4565=CARTESIAN_POINT('Ctrl Pts',(1.58865121791377,-62.141742969818,17.1256306297189));
#4566=CARTESIAN_POINT('Ctrl Pts',(1.07513709529847,-62.3513348685621,18.1849358538008));
#4567=CARTESIAN_POINT('Ctrl Pts',(-0.0154373517051499,-60.0858090756276,
19.0323769564121));
#4568=CARTESIAN_POINT('Ctrl Pts',(-0.892022929505592,-58.2114131538404,
19.2302489775098));
#4569=CARTESIAN_POINT('Ctrl Pts',(-1.33900077932292,-57.4191212094284,19.2302489775093));
#4570=CARTESIAN_POINT('Origin',(1.6609992206771,-55.668657938047,-8.76975102249072));
#4571=CARTESIAN_POINT('',(1.6609992206771,-55.768657938047,-5.76975102249072));
#4572=CARTESIAN_POINT('',(1.6609992206771,-55.668657938047,-5.76975102249072));
#4573=CARTESIAN_POINT('',(1.6609992206771,-55.768657938047,0.112202935337641));
#4574=CARTESIAN_POINT('',(1.6609992206771,-55.768657938047,-1.76975102249072));
#4575=CARTESIAN_POINT('',(1.6609992206771,-56.3819477690462,0.00998796350444198));
#4576=CARTESIAN_POINT('Origin',(1.6609992206771,-55.668657938047,-8.76975102249072));
#4577=CARTESIAN_POINT('',(1.6609992206771,-55.768657938047,10.3482950196809));
#4578=CARTESIAN_POINT('',(1.6609992206771,-60.1116774987759,11.0721316131357));
#4579=CARTESIAN_POINT('',(1.6609992206771,-55.768657938047,16.2302489775093));
#4580=CARTESIAN_POINT('',(1.6609992206771,-55.768657938047,-1.76975102249072));
#4581=CARTESIAN_POINT('',(1.6609992206771,-55.668657938047,16.2302489775093));
#4582=CARTESIAN_POINT('Origin',(-1.33900077932291,-55.668657938047,-5.76975102249072));
#4583=CARTESIAN_POINT('',(-1.33900077932291,-55.768657938047,-8.76975102249072));
#4584=CARTESIAN_POINT('',(-1.33900077932291,-55.668657938047,-8.76975102249072));
#4585=CARTESIAN_POINT('Origin',(-1.33900077932291,-55.768657938047,-5.76975102249072));
#4586=CARTESIAN_POINT('Origin',(-45.2636219818009,-55.668657938047,-8.76975102249072));
#4587=CARTESIAN_POINT('',(-42.2636219818009,-55.768657938047,-8.76975102249072));
#4588=CARTESIAN_POINT('',(-42.2636219818009,-55.668657938047,-8.76975102249072));
#4589=CARTESIAN_POINT('',(-33.5324666811814,-55.768657938047,-8.76975102249072));
#4590=CARTESIAN_POINT('Origin',(-45.2636219818009,-55.668657938047,19.2302489775093));
#4591=CARTESIAN_POINT('',(-45.2636219818009,-55.768657938047,0.112202935337641));
#4592=CARTESIAN_POINT('',(-45.2636219818009,-54.1116774987759,0.38836634188282));
#4593=CARTESIAN_POINT('',(-45.2636219818009,-55.768657938047,-5.76975102249072));
#4594=CARTESIAN_POINT('',(-45.2636219818009,-55.768657938047,12.2302489775093));
#4595=CARTESIAN_POINT('',(-45.2636219818009,-55.668657938047,-5.76975102249072));
#4596=CARTESIAN_POINT('Origin',(-42.2636219818009,-55.668657938047,-5.76975102249072));
#4597=CARTESIAN_POINT('Origin',(-42.2636219818009,-55.768657938047,-5.76975102249072));
#4598=CARTESIAN_POINT('Origin',(-21.8013113805619,-55.768657938047,5.23024897750928));
#4599=CARTESIAN_POINT('',(-10.0701560799424,-55.768657938047,0.112202935337641));
#4600=CARTESIAN_POINT('Origin',(-42.2636219818009,-55.668657938047,16.2302489775093));
#4601=CARTESIAN_POINT('',(-42.2636219818009,-55.768657938047,19.2302489775093));
#4602=CARTESIAN_POINT('',(-42.2636219818009,-55.668657938047,19.2302489775093));
#4603=CARTESIAN_POINT('',(-45.2636219818009,-55.768657938047,16.2302489775093));
#4604=CARTESIAN_POINT('Origin',(-42.2636219818009,-55.768657938047,16.2302489775093));
#4605=CARTESIAN_POINT('',(-45.2636219818009,-55.668657938047,16.2302489775093));
#4606=CARTESIAN_POINT('Origin',(-21.8013113805619,-55.768657938047,5.23024897750928));
#4607=CARTESIAN_POINT('',(-1.3390007793229,-55.768657938047,19.2302489775093));
#4608=CARTESIAN_POINT('',(-10.0701560799424,-55.768657938047,19.2302489775093));
#4609=CARTESIAN_POINT('Origin',(-1.3390007793229,-55.768657938047,16.2302489775093));
#4610=CARTESIAN_POINT('',(-45.2636219818009,-55.768657938047,10.3482950196809));
#4611=CARTESIAN_POINT('',(-10.0701560799424,-55.768657938047,10.3482950196809));
#4612=CARTESIAN_POINT('',(-45.2636219818009,-55.768657938047,12.2302489775093));
#4613=CARTESIAN_POINT('Origin',(1.66099922067709,-55.668657938047,19.2302489775093));
#4614=CARTESIAN_POINT('',(-1.3390007793229,-55.668657938047,19.2302489775093));
#4615=CARTESIAN_POINT('Origin',(-1.3390007793229,-55.668657938047,16.2302489775093));
#4616=CARTESIAN_POINT('Origin',(1.6609992206771,-67.6522180393165,12.3288883698925));
#4617=CARTESIAN_POINT('',(-45.2636219818009,-62.3819477690462,11.4505099915141));
#4618=CARTESIAN_POINT('',(1.6609992206771,-67.768657938047,12.3482950196809));
#4619=CARTESIAN_POINT('Origin',(1.6609992206771,-67.768657938047,-1.76975102249072));
#4620=CARTESIAN_POINT('',(1.6609992206771,-67.768657938047,-1.88779706466236));
#4621=CARTESIAN_POINT('Origin',(1.6609992206771,-55.6522180393165,0.131609585126063));
#4622=CARTESIAN_POINT('Origin',(-45.2636219818009,-55.668657938047,19.2302489775093));
#4623=UNCERTAINTY_MEASURE_WITH_UNIT(LENGTH_MEASURE(0.01),#4627,
'DISTANCE_ACCURACY_VALUE',
'Maximum model space distance between geometric entities at asserted c
onnectivities');
#4624=UNCERTAINTY_MEASURE_WITH_UNIT(LENGTH_MEASURE(0.01),#4627,
'DISTANCE_ACCURACY_VALUE',
'Maximum model space distance between geometric entities at asserted c
onnectivities');
#4625=(
GEOMETRIC_REPRESENTATION_CONTEXT(3)
GLOBAL_UNCERTAINTY_ASSIGNED_CONTEXT((#4623))
GLOBAL_UNIT_ASSIGNED_CONTEXT((#4627,#4629,#4630))
REPRESENTATION_CONTEXT('','3D')
);
#4626=(
GEOMETRIC_REPRESENTATION_CONTEXT(3)
GLOBAL_UNCERTAINTY_ASSIGNED_CONTEXT((#4624))
GLOBAL_UNIT_ASSIGNED_CONTEXT((#4627,#4629,#4630))
REPRESENTATION_CONTEXT('','3D')
);
#4627=(
LENGTH_UNIT()
NAMED_UNIT(*)
SI_UNIT(.MILLI.,.METRE.)
);
#4628=(
LENGTH_UNIT()
NAMED_UNIT(*)
SI_UNIT($,.METRE.)
);
#4629=(
NAMED_UNIT(*)
PLANE_ANGLE_UNIT()
SI_UNIT($,.RADIAN.)
);
#4630=(
NAMED_UNIT(*)
SI_UNIT($,.STERADIAN.)
SOLID_ANGLE_UNIT()
);
#4631=SHAPE_DEFINITION_REPRESENTATION(#4632,#4633);
#4632=PRODUCT_DEFINITION_SHAPE('',$,#4635);
#4633=SHAPE_REPRESENTATION('',(#1948),#4625);
#4634=PRODUCT_DEFINITION_CONTEXT('part definition',#4639,'design');
#4635=PRODUCT_DEFINITION('Hand_Mount_plate_UR3e_50mm_v3',
'Hand_Mount_plate_UR3e_50mm_v3 v2',#4636,#4634);
#4636=PRODUCT_DEFINITION_FORMATION('',$,#4641);
#4637=PRODUCT_RELATED_PRODUCT_CATEGORY(
'Hand_Mount_plate_UR3e_50mm_v3 v2','Hand_Mount_plate_UR3e_50mm_v3 v2',(#4641));
#4638=APPLICATION_PROTOCOL_DEFINITION('international standard',
'automotive_design',2009,#4639);
#4639=APPLICATION_CONTEXT(
'Core Data for Automotive Mechanical Design Process');
#4640=PRODUCT_CONTEXT('part definition',#4639,'mechanical');
#4641=PRODUCT('Hand_Mount_plate_UR3e_50mm_v3',
'Hand_Mount_plate_UR3e_50mm_v3 v2',$,(#4640));
#4642=PRESENTATION_STYLE_ASSIGNMENT((#4643));
#4643=SURFACE_STYLE_USAGE(.BOTH.,#4644);
#4644=SURFACE_SIDE_STYLE('',(#4645));
#4645=SURFACE_STYLE_FILL_AREA(#4646);
#4646=FILL_AREA_STYLE('Steel - Satin',(#4647));
#4647=FILL_AREA_STYLE_COLOUR('Steel - Satin',#4648);
#4648=COLOUR_RGB('Steel - Satin',0.627450980392157,0.627450980392157,0.627450980392157);
ENDSEC;
END-ISO-10303-21;
