ISO-10303-21;
HEADER;
/* Generated by software containing ST-Developer
 * from STEP Tools, Inc. (www.steptools.com) 
 */

FILE_DESCRIPTION(
/* description */ (''),
/* implementation_level */ '2;1');

FILE_NAME(
/* name */ 'Hand_Mount_plate_UR3e_50mm_v1.step',
/* time_stamp */ '2026-10-08T02:36:06+02:00',
/* author */ (''),
/* organization */ (''),
/* preprocessor_version */ 'ST-DEVELOPER v20.2',
/* originating_system */ 'Autodesk Translation Framework v15.15.0.0',
/* authorisation */ '');

FILE_SCHEMA (('AUTOMOTIVE_DESIGN { 1 0 10303 214 3 1 1 }'));
ENDSEC;

DATA;
#10=MECHANICAL_DESIGN_GEOMETRIC_PRESENTATION_REPRESENTATION('',(#13),#3419);
#11=SHAPE_REPRESENTATION_RELATIONSHIP('SRR','None',#3426,#12);
#12=ADVANCED_BREP_SHAPE_REPRESENTATION('',(#14),#3418);
#13=STYLED_ITEM('',(#3435),#14);
#14=MANIFOLD_SOLID_BREP('Body1',#1602);
#15=ELLIPSE('',#1730,1.62207000807953,1.6);
#16=ELLIPSE('',#1732,1.62207000807953,1.6);
#17=B_SPLINE_SURFACE_WITH_KNOTS('',3,3,((#2394,#2395,#2396,#2397,#2398,
#2399,#2400),(#2401,#2402,#2403,#2404,#2405,#2406,#2407),(#2408,#2409,#2410,
#2411,#2412,#2413,#2414),(#2415,#2416,#2417,#2418,#2419,#2420,#2421),(#2422,
#2423,#2424,#2425,#2426,#2427,#2428),(#2429,#2430,#2431,#2432,#2433,#2434,
#2435)),.UNSPECIFIED.,.F.,.F.,.F.,(4,1,1,4),(4,1,1,1,4),(0.,0.285714285714286,
0.571428571428571,1.),(-28.8282097720579,-28.3058505397802,-27.2611320752248,
-26.2164136106694,-25.171695146114),.UNSPECIFIED.);
#18=B_SPLINE_SURFACE_WITH_KNOTS('',3,3,((#2460,#2461,#2462,#2463,#2464,
#2465,#2466),(#2467,#2468,#2469,#2470,#2471,#2472,#2473),(#2474,#2475,#2476,
#2477,#2478,#2479,#2480),(#2481,#2482,#2483,#2484,#2485,#2486,#2487),(#2488,
#2489,#2490,#2491,#2492,#2493,#2494),(#2495,#2496,#2497,#2498,#2499,#2500,
#2501)),.UNSPECIFIED.,.F.,.F.,.F.,(4,1,1,4),(4,1,1,1,4),(0.,0.285714285714286,
0.571428571428571,1.),(-30.329420119979,-29.2846292513012,-28.7622338169622,
-27.7174429482844,-26.6726520796066),.UNSPECIFIED.);
#19=B_SPLINE_SURFACE_WITH_KNOTS('',3,3,((#2507,#2508,#2509,#2510,#2511,
#2512,#2513,#2514,#2515),(#2516,#2517,#2518,#2519,#2520,#2521,#2522,#2523,
#2524),(#2525,#2526,#2527,#2528,#2529,#2530,#2531,#2532,#2533),(#2534,#2535,
#2536,#2537,#2538,#2539,#2540,#2541,#2542),(#2543,#2544,#2545,#2546,#2547,
#2548,#2549,#2550,#2551),(#2552,#2553,#2554,#2555,#2556,#2557,#2558,#2559,
#2560),(#2561,#2562,#2563,#2564,#2565,#2566,#2567,#2568,#2569)),
 .UNSPECIFIED.,.F.,.F.,.F.,(4,1,1,1,4),(4,1,1,1,1,1,4),(0.,0.285714285714286,
0.571428571428571,0.714285714285714,1.),(-19.3247491245852,-18.7373942227032,
-17.5626844189392,-16.9753295170572,-16.3879746151752,-16.0942971642342,
-15.2132648114112),.UNSPECIFIED.);
#20=B_SPLINE_SURFACE_WITH_KNOTS('',3,3,((#2766,#2767,#2768,#2769,#2770,
#2771,#2772,#2773,#2774),(#2775,#2776,#2777,#2778,#2779,#2780,#2781,#2782,
#2783),(#2784,#2785,#2786,#2787,#2788,#2789,#2790,#2791,#2792),(#2793,#2794,
#2795,#2796,#2797,#2798,#2799,#2800,#2801),(#2802,#2803,#2804,#2805,#2806,
#2807,#2808,#2809,#2810),(#2811,#2812,#2813,#2814,#2815,#2816,#2817,#2818,
#2819),(#2820,#2821,#2822,#2823,#2824,#2825,#2826,#2827,#2828)),
 .UNSPECIFIED.,.F.,.F.,.F.,(4,1,1,1,4),(4,1,1,1,1,1,4),(0.,0.285714285714286,
0.571428571428571,0.714285714285714,1.),(-23.434710089839,-22.8476198617559,
-22.2605296336728,-21.6734394055897,-21.0863491775066,-19.9121687213403,
-19.3250784932572),.UNSPECIFIED.);
#21=B_SPLINE_SURFACE_WITH_KNOTS('',3,3,((#2876,#2877,#2878,#2879,#2880,
#2881,#2882),(#2883,#2884,#2885,#2886,#2887,#2888,#2889),(#2890,#2891,#2892,
#2893,#2894,#2895,#2896),(#2897,#2898,#2899,#2900,#2901,#2902,#2903),(#2904,
#2905,#2906,#2907,#2908,#2909,#2910),(#2911,#2912,#2913,#2914,#2915,#2916,
#2917)),.UNSPECIFIED.,.F.,.F.,.F.,(4,1,1,4),(4,1,1,1,4),(0.,0.285714285714286,
0.571428571428571,1.),(-32.4922892218619,-31.9697245161276,-30.9245951046591,
-29.8794656931906,-28.8343362817221),.UNSPECIFIED.);
#22=B_SPLINE_SURFACE_WITH_KNOTS('',3,3,((#2944,#2945,#2946,#2947,#2948,
#2949,#2950),(#2951,#2952,#2953,#2954,#2955,#2956,#2957),(#2958,#2959,#2960,
#2961,#2962,#2963,#2964),(#2965,#2966,#2967,#2968,#2969,#2970,#2971),(#2972,
#2973,#2974,#2975,#2976,#2977,#2978),(#2979,#2980,#2981,#2982,#2983,#2984,
#2985)),.UNSPECIFIED.,.F.,.F.,.F.,(4,1,1,4),(4,1,1,1,4),(0.,0.285714285714286,
0.571428571428571,1.),(-28.8322625909209,-28.309840499397,-27.2649963163491,
-26.2201521333013,-25.1753079502535),.UNSPECIFIED.);
#23=B_SPLINE_SURFACE_WITH_KNOTS('',3,3,((#3239,#3240,#3241,#3242,#3243),
(#3244,#3245,#3246,#3247,#3248),(#3249,#3250,#3251,#3252,#3253),(#3254,
#3255,#3256,#3257,#3258),(#3259,#3260,#3261,#3262,#3263)),.UNSPECIFIED.,
 .F.,.F.,.F.,(4,1,4),(4,1,4),(0.,0.571428571428571,1.),(-16.2461884117221,
-15.297395513626,-14.0323383161645),.UNSPECIFIED.);
#24=B_SPLINE_SURFACE_WITH_KNOTS('',3,3,((#3316,#3317,#3318,#3319,#3320),
(#3321,#3322,#3323,#3324,#3325),(#3326,#3327,#3328,#3329,#3330),(#3331,
#3332,#3333,#3334,#3335),(#3336,#3337,#3338,#3339,#3340)),.UNSPECIFIED.,
 .F.,.F.,.F.,(4,1,4),(4,1,4),(0.,0.571428571428571,1.),(-14.031877985925,
-13.0830747458413,-11.818003759063),.UNSPECIFIED.);
#25=FACE_BOUND('',#201,.T.);
#26=FACE_BOUND('',#204,.T.);
#27=FACE_BOUND('',#207,.T.);
#28=FACE_BOUND('',#210,.T.);
#29=FACE_BOUND('',#215,.T.);
#30=FACE_BOUND('',#218,.T.);
#31=FACE_BOUND('',#226,.T.);
#32=FACE_BOUND('',#234,.T.);
#33=FACE_BOUND('',#242,.T.);
#34=FACE_BOUND('',#250,.T.);
#35=FACE_BOUND('',#258,.T.);
#36=FACE_BOUND('',#262,.T.);
#37=FACE_BOUND('',#266,.T.);
#38=FACE_BOUND('',#270,.T.);
#39=FACE_BOUND('',#280,.T.);
#40=FACE_BOUND('',#283,.T.);
#41=FACE_BOUND('',#294,.T.);
#42=FACE_BOUND('',#295,.T.);
#43=FACE_BOUND('',#298,.T.);
#44=FACE_BOUND('',#299,.T.);
#45=FACE_BOUND('',#302,.T.);
#46=FACE_BOUND('',#305,.T.);
#47=FACE_BOUND('',#309,.T.);
#48=FACE_BOUND('',#310,.T.);
#49=FACE_BOUND('',#311,.T.);
#50=FACE_BOUND('',#312,.T.);
#51=FACE_BOUND('',#313,.T.);
#52=FACE_BOUND('',#314,.T.);
#53=FACE_BOUND('',#315,.T.);
#54=FACE_BOUND('',#316,.T.);
#55=PLANE('',#1619);
#56=PLANE('',#1624);
#57=PLANE('',#1629);
#58=PLANE('',#1634);
#59=PLANE('',#1645);
#60=PLANE('',#1661);
#61=PLANE('',#1663);
#62=PLANE('',#1664);
#63=PLANE('',#1665);
#64=PLANE('',#1666);
#65=PLANE('',#1667);
#66=PLANE('',#1668);
#67=PLANE('',#1669);
#68=PLANE('',#1671);
#69=PLANE('',#1672);
#70=PLANE('',#1673);
#71=PLANE('',#1674);
#72=PLANE('',#1675);
#73=PLANE('',#1676);
#74=PLANE('',#1677);
#75=PLANE('',#1679);
#76=PLANE('',#1680);
#77=PLANE('',#1681);
#78=PLANE('',#1682);
#79=PLANE('',#1683);
#80=PLANE('',#1684);
#81=PLANE('',#1685);
#82=PLANE('',#1687);
#83=PLANE('',#1688);
#84=PLANE('',#1689);
#85=PLANE('',#1690);
#86=PLANE('',#1691);
#87=PLANE('',#1692);
#88=PLANE('',#1693);
#89=PLANE('',#1699);
#90=PLANE('',#1705);
#91=PLANE('',#1711);
#92=PLANE('',#1717);
#93=PLANE('',#1718);
#94=PLANE('',#1719);
#95=PLANE('',#1720);
#96=PLANE('',#1721);
#97=PLANE('',#1722);
#98=PLANE('',#1723);
#99=PLANE('',#1727);
#100=PLANE('',#1736);
#101=PLANE('',#1737);
#102=PLANE('',#1740);
#103=PLANE('',#1741);
#104=PLANE('',#1742);
#105=PLANE('',#1745);
#106=PLANE('',#1748);
#107=PLANE('',#1749);
#108=PLANE('',#1750);
#109=PLANE('',#1751);
#110=PLANE('',#1754);
#111=FACE_OUTER_BOUND('',#199,.T.);
#112=FACE_OUTER_BOUND('',#200,.T.);
#113=FACE_OUTER_BOUND('',#202,.T.);
#114=FACE_OUTER_BOUND('',#203,.T.);
#115=FACE_OUTER_BOUND('',#205,.T.);
#116=FACE_OUTER_BOUND('',#206,.T.);
#117=FACE_OUTER_BOUND('',#208,.T.);
#118=FACE_OUTER_BOUND('',#209,.T.);
#119=FACE_OUTER_BOUND('',#211,.T.);
#120=FACE_OUTER_BOUND('',#212,.T.);
#121=FACE_OUTER_BOUND('',#213,.T.);
#122=FACE_OUTER_BOUND('',#214,.T.);
#123=FACE_OUTER_BOUND('',#216,.T.);
#124=FACE_OUTER_BOUND('',#217,.T.);
#125=FACE_OUTER_BOUND('',#219,.T.);
#126=FACE_OUTER_BOUND('',#220,.T.);
#127=FACE_OUTER_BOUND('',#221,.T.);
#128=FACE_OUTER_BOUND('',#222,.T.);
#129=FACE_OUTER_BOUND('',#223,.T.);
#130=FACE_OUTER_BOUND('',#224,.T.);
#131=FACE_OUTER_BOUND('',#225,.T.);
#132=FACE_OUTER_BOUND('',#227,.T.);
#133=FACE_OUTER_BOUND('',#228,.T.);
#134=FACE_OUTER_BOUND('',#229,.T.);
#135=FACE_OUTER_BOUND('',#230,.T.);
#136=FACE_OUTER_BOUND('',#231,.T.);
#137=FACE_OUTER_BOUND('',#232,.T.);
#138=FACE_OUTER_BOUND('',#233,.T.);
#139=FACE_OUTER_BOUND('',#235,.T.);
#140=FACE_OUTER_BOUND('',#236,.T.);
#141=FACE_OUTER_BOUND('',#237,.T.);
#142=FACE_OUTER_BOUND('',#238,.T.);
#143=FACE_OUTER_BOUND('',#239,.T.);
#144=FACE_OUTER_BOUND('',#240,.T.);
#145=FACE_OUTER_BOUND('',#241,.T.);
#146=FACE_OUTER_BOUND('',#243,.T.);
#147=FACE_OUTER_BOUND('',#244,.T.);
#148=FACE_OUTER_BOUND('',#245,.T.);
#149=FACE_OUTER_BOUND('',#246,.T.);
#150=FACE_OUTER_BOUND('',#247,.T.);
#151=FACE_OUTER_BOUND('',#248,.T.);
#152=FACE_OUTER_BOUND('',#249,.T.);
#153=FACE_OUTER_BOUND('',#251,.T.);
#154=FACE_OUTER_BOUND('',#252,.T.);
#155=FACE_OUTER_BOUND('',#253,.T.);
#156=FACE_OUTER_BOUND('',#254,.T.);
#157=FACE_OUTER_BOUND('',#255,.T.);
#158=FACE_OUTER_BOUND('',#256,.T.);
#159=FACE_OUTER_BOUND('',#257,.T.);
#160=FACE_OUTER_BOUND('',#259,.T.);
#161=FACE_OUTER_BOUND('',#260,.T.);
#162=FACE_OUTER_BOUND('',#261,.T.);
#163=FACE_OUTER_BOUND('',#263,.T.);
#164=FACE_OUTER_BOUND('',#264,.T.);
#165=FACE_OUTER_BOUND('',#265,.T.);
#166=FACE_OUTER_BOUND('',#267,.T.);
#167=FACE_OUTER_BOUND('',#268,.T.);
#168=FACE_OUTER_BOUND('',#269,.T.);
#169=FACE_OUTER_BOUND('',#271,.T.);
#170=FACE_OUTER_BOUND('',#272,.T.);
#171=FACE_OUTER_BOUND('',#273,.T.);
#172=FACE_OUTER_BOUND('',#274,.T.);
#173=FACE_OUTER_BOUND('',#275,.T.);
#174=FACE_OUTER_BOUND('',#276,.T.);
#175=FACE_OUTER_BOUND('',#277,.T.);
#176=FACE_OUTER_BOUND('',#278,.T.);
#177=FACE_OUTER_BOUND('',#279,.T.);
#178=FACE_OUTER_BOUND('',#281,.T.);
#179=FACE_OUTER_BOUND('',#282,.T.);
#180=FACE_OUTER_BOUND('',#284,.T.);
#181=FACE_OUTER_BOUND('',#285,.T.);
#182=FACE_OUTER_BOUND('',#286,.T.);
#183=FACE_OUTER_BOUND('',#287,.T.);
#184=FACE_OUTER_BOUND('',#288,.T.);
#185=FACE_OUTER_BOUND('',#289,.T.);
#186=FACE_OUTER_BOUND('',#290,.T.);
#187=FACE_OUTER_BOUND('',#291,.T.);
#188=FACE_OUTER_BOUND('',#292,.T.);
#189=FACE_OUTER_BOUND('',#293,.T.);
#190=FACE_OUTER_BOUND('',#296,.T.);
#191=FACE_OUTER_BOUND('',#297,.T.);
#192=FACE_OUTER_BOUND('',#300,.T.);
#193=FACE_OUTER_BOUND('',#301,.T.);
#194=FACE_OUTER_BOUND('',#303,.T.);
#195=FACE_OUTER_BOUND('',#304,.T.);
#196=FACE_OUTER_BOUND('',#306,.T.);
#197=FACE_OUTER_BOUND('',#307,.T.);
#198=FACE_OUTER_BOUND('',#308,.T.);
#199=EDGE_LOOP('',(#1040,#1041,#1042,#1043,#1044,#1045,#1046));
#200=EDGE_LOOP('',(#1047,#1048));
#201=EDGE_LOOP('',(#1049));
#202=EDGE_LOOP('',(#1050,#1051,#1052,#1053,#1054,#1055,#1056));
#203=EDGE_LOOP('',(#1057,#1058));
#204=EDGE_LOOP('',(#1059));
#205=EDGE_LOOP('',(#1060,#1061,#1062,#1063,#1064,#1065,#1066));
#206=EDGE_LOOP('',(#1067,#1068));
#207=EDGE_LOOP('',(#1069));
#208=EDGE_LOOP('',(#1070,#1071,#1072,#1073,#1074,#1075,#1076));
#209=EDGE_LOOP('',(#1077,#1078));
#210=EDGE_LOOP('',(#1079));
#211=EDGE_LOOP('',(#1080,#1081,#1082,#1083,#1084,#1085,#1086));
#212=EDGE_LOOP('',(#1087,#1088,#1089,#1090));
#213=EDGE_LOOP('',(#1091,#1092,#1093,#1094,#1095,#1096,#1097));
#214=EDGE_LOOP('',(#1098,#1099,#1100,#1101,#1102,#1103));
#215=EDGE_LOOP('',(#1104,#1105));
#216=EDGE_LOOP('',(#1106,#1107,#1108,#1109));
#217=EDGE_LOOP('',(#1110,#1111,#1112,#1113,#1114,#1115));
#218=EDGE_LOOP('',(#1116,#1117,#1118,#1119,#1120,#1121));
#219=EDGE_LOOP('',(#1122,#1123,#1124,#1125,#1126,#1127,#1128));
#220=EDGE_LOOP('',(#1129,#1130,#1131,#1132));
#221=EDGE_LOOP('',(#1133,#1134,#1135,#1136));
#222=EDGE_LOOP('',(#1137,#1138,#1139,#1140));
#223=EDGE_LOOP('',(#1141,#1142,#1143,#1144));
#224=EDGE_LOOP('',(#1145,#1146,#1147,#1148,#1149,#1150,#1151));
#225=EDGE_LOOP('',(#1152,#1153,#1154,#1155,#1156,#1157));
#226=EDGE_LOOP('',(#1158));
#227=EDGE_LOOP('',(#1159,#1160,#1161,#1162));
#228=EDGE_LOOP('',(#1163,#1164,#1165,#1166));
#229=EDGE_LOOP('',(#1167,#1168,#1169,#1170));
#230=EDGE_LOOP('',(#1171,#1172,#1173,#1174));
#231=EDGE_LOOP('',(#1175,#1176,#1177,#1178));
#232=EDGE_LOOP('',(#1179,#1180,#1181,#1182));
#233=EDGE_LOOP('',(#1183,#1184,#1185,#1186,#1187,#1188));
#234=EDGE_LOOP('',(#1189));
#235=EDGE_LOOP('',(#1190,#1191,#1192,#1193));
#236=EDGE_LOOP('',(#1194,#1195,#1196,#1197));
#237=EDGE_LOOP('',(#1198,#1199,#1200,#1201));
#238=EDGE_LOOP('',(#1202,#1203,#1204,#1205));
#239=EDGE_LOOP('',(#1206,#1207,#1208,#1209));
#240=EDGE_LOOP('',(#1210,#1211,#1212,#1213));
#241=EDGE_LOOP('',(#1214,#1215,#1216,#1217,#1218,#1219));
#242=EDGE_LOOP('',(#1220));
#243=EDGE_LOOP('',(#1221,#1222,#1223,#1224));
#244=EDGE_LOOP('',(#1225,#1226,#1227,#1228));
#245=EDGE_LOOP('',(#1229,#1230,#1231,#1232));
#246=EDGE_LOOP('',(#1233,#1234,#1235,#1236));
#247=EDGE_LOOP('',(#1237,#1238,#1239,#1240));
#248=EDGE_LOOP('',(#1241,#1242,#1243,#1244));
#249=EDGE_LOOP('',(#1245,#1246,#1247,#1248,#1249,#1250));
#250=EDGE_LOOP('',(#1251));
#251=EDGE_LOOP('',(#1252,#1253,#1254,#1255));
#252=EDGE_LOOP('',(#1256,#1257,#1258,#1259));
#253=EDGE_LOOP('',(#1260,#1261,#1262,#1263));
#254=EDGE_LOOP('',(#1264,#1265,#1266,#1267));
#255=EDGE_LOOP('',(#1268,#1269,#1270,#1271));
#256=EDGE_LOOP('',(#1272,#1273,#1274,#1275));
#257=EDGE_LOOP('',(#1276));
#258=EDGE_LOOP('',(#1277));
#259=EDGE_LOOP('',(#1278,#1279,#1280,#1281));
#260=EDGE_LOOP('',(#1282,#1283,#1284,#1285));
#261=EDGE_LOOP('',(#1286));
#262=EDGE_LOOP('',(#1287));
#263=EDGE_LOOP('',(#1288,#1289,#1290,#1291));
#264=EDGE_LOOP('',(#1292,#1293,#1294,#1295));
#265=EDGE_LOOP('',(#1296));
#266=EDGE_LOOP('',(#1297));
#267=EDGE_LOOP('',(#1298,#1299,#1300,#1301));
#268=EDGE_LOOP('',(#1302,#1303,#1304,#1305));
#269=EDGE_LOOP('',(#1306));
#270=EDGE_LOOP('',(#1307));
#271=EDGE_LOOP('',(#1308,#1309,#1310,#1311));
#272=EDGE_LOOP('',(#1312,#1313,#1314,#1315));
#273=EDGE_LOOP('',(#1316,#1317,#1318,#1319));
#274=EDGE_LOOP('',(#1320,#1321,#1322,#1323));
#275=EDGE_LOOP('',(#1324,#1325,#1326,#1327));
#276=EDGE_LOOP('',(#1328,#1329,#1330,#1331));
#277=EDGE_LOOP('',(#1332,#1333,#1334,#1335));
#278=EDGE_LOOP('',(#1336,#1337,#1338,#1339));
#279=EDGE_LOOP('',(#1340,#1341,#1342,#1343,#1344,#1345));
#280=EDGE_LOOP('',(#1346));
#281=EDGE_LOOP('',(#1347,#1348,#1349,#1350,#1351));
#282=EDGE_LOOP('',(#1352));
#283=EDGE_LOOP('',(#1353));
#284=EDGE_LOOP('',(#1354,#1355,#1356,#1357));
#285=EDGE_LOOP('',(#1358,#1359,#1360,#1361));
#286=EDGE_LOOP('',(#1362,#1363,#1364,#1365,#1366,#1367,#1368,#1369,#1370));
#287=EDGE_LOOP('',(#1371,#1372,#1373,#1374,#1375,#1376,#1377,#1378));
#288=EDGE_LOOP('',(#1379,#1380,#1381,#1382));
#289=EDGE_LOOP('',(#1383,#1384,#1385,#1386));
#290=EDGE_LOOP('',(#1387,#1388,#1389,#1390));
#291=EDGE_LOOP('',(#1391,#1392,#1393,#1394));
#292=EDGE_LOOP('',(#1395,#1396,#1397,#1398));
#293=EDGE_LOOP('',(#1399,#1400,#1401,#1402,#1403,#1404,#1405,#1406));
#294=EDGE_LOOP('',(#1407));
#295=EDGE_LOOP('',(#1408));
#296=EDGE_LOOP('',(#1409,#1410,#1411,#1412));
#297=EDGE_LOOP('',(#1413,#1414,#1415,#1416,#1417,#1418,#1419,#1420));
#298=EDGE_LOOP('',(#1421));
#299=EDGE_LOOP('',(#1422));
#300=EDGE_LOOP('',(#1423,#1424,#1425,#1426));
#301=EDGE_LOOP('',(#1427,#1428,#1429,#1430,#1431,#1432));
#302=EDGE_LOOP('',(#1433));
#303=EDGE_LOOP('',(#1434,#1435,#1436,#1437));
#304=EDGE_LOOP('',(#1438,#1439,#1440,#1441,#1442,#1443));
#305=EDGE_LOOP('',(#1444));
#306=EDGE_LOOP('',(#1445,#1446,#1447,#1448));
#307=EDGE_LOOP('',(#1449,#1450,#1451,#1452,#1453,#1454,#1455,#1456,#1457,
#1458,#1459,#1460));
#308=EDGE_LOOP('',(#1461));
#309=EDGE_LOOP('',(#1462,#1463,#1464,#1465,#1466,#1467));
#310=EDGE_LOOP('',(#1468,#1469,#1470,#1471,#1472,#1473));
#311=EDGE_LOOP('',(#1474,#1475,#1476,#1477,#1478,#1479));
#312=EDGE_LOOP('',(#1480,#1481,#1482,#1483,#1484,#1485));
#313=EDGE_LOOP('',(#1486));
#314=EDGE_LOOP('',(#1487));
#315=EDGE_LOOP('',(#1488));
#316=EDGE_LOOP('',(#1489));
#317=B_SPLINE_CURVE_WITH_KNOTS('',3,(#2171,#2172,#2173,#2174,#2175,#2176,
#2177,#2178,#2179,#2180,#2181,#2182,#2183,#2184,#2185,#2186),
 .UNSPECIFIED.,.F.,.F.,(4,2,2,2,2,2,2,4),(-2.60048315236488,-2.36832638791795,
-2.10898345605922,-1.73271320857258,-1.2755875575796,-0.688314587270504,
-0.279160036263526,0.),.UNSPECIFIED.);
#318=B_SPLINE_CURVE_WITH_KNOTS('',3,(#2190,#2191,#2192,#2193,#2194,#2195,
#2196,#2197),.UNSPECIFIED.,.F.,.F.,(4,2,2,4),(-0.437839480672622,-0.3087037253928,
-0.161045226976747,0.),.UNSPECIFIED.);
#319=B_SPLINE_CURVE_WITH_KNOTS('',3,(#2198,#2199,#2200,#2201,#2202,#2203,
#2204,#2205,#2206,#2207,#2208,#2209,#2210,#2211),.UNSPECIFIED.,.F.,.F.,
(4,2,2,2,2,2,4),(-1.59561672047102,-1.33319352696325,-1.00735903159725,
-0.712335261258847,-0.462509431329104,-0.225600701262175,0.),
 .UNSPECIFIED.);
#320=B_SPLINE_CURVE_WITH_KNOTS('',3,(#2213,#2214,#2215,#2216),
 .UNSPECIFIED.,.F.,.F.,(4,4),(-0.393846932911283,-0.308759616863361),
 .UNSPECIFIED.);
#321=B_SPLINE_CURVE_WITH_KNOTS('',3,(#2222,#2223,#2224,#2225,#2226,#2227,
#2228,#2229),.UNSPECIFIED.,.F.,.F.,(4,2,2,4),(-0.439090748324427,-0.308906220203697,
-0.195418816207778,0.),.UNSPECIFIED.);
#322=B_SPLINE_CURVE_WITH_KNOTS('',3,(#2233,#2234,#2235,#2236,#2237,#2238,
#2239,#2240,#2241,#2242,#2243,#2244,#2245,#2246,#2247,#2248,#2249,#2250),
 .UNSPECIFIED.,.F.,.F.,(4,2,2,2,2,2,2,2,4),(-1.32891016643961,-1.19690568971459,
-1.07349034222433,-0.89788541759178,-0.650675449499964,-0.464545407571008,
-0.267224913530024,-0.129354273396283,0.),.UNSPECIFIED.);
#323=B_SPLINE_CURVE_WITH_KNOTS('',3,(#2257,#2258,#2259,#2260,#2261,#2262,
#2263,#2264,#2265,#2266,#2267,#2268,#2269,#2270),.UNSPECIFIED.,.F.,.F.,
(4,2,2,2,2,2,4),(-4.08768826347361,-3.74140768438665,-3.38111368770818,
-2.7082744419609,-1.92508390643486,-0.704860304811193,0.),.UNSPECIFIED.);
#324=B_SPLINE_CURVE_WITH_KNOTS('',3,(#2272,#2273,#2274,#2275),
 .UNSPECIFIED.,.F.,.F.,(4,4),(-0.313845358765467,-0.244479361458249),
 .UNSPECIFIED.);
#325=B_SPLINE_CURVE_WITH_KNOTS('',3,(#2287,#2288,#2289,#2290,#2291,#2292,
#2293,#2294,#2295,#2296,#2297,#2298,#2299,#2300),.UNSPECIFIED.,.F.,.F.,
(4,2,2,2,2,2,4),(-4.0877364170681,-3.7416258862682,-3.38122532944136,-2.70830892622218,
-1.92509407156389,-0.704860933453515,0.),.UNSPECIFIED.);
#326=B_SPLINE_CURVE_WITH_KNOTS('',3,(#2302,#2303,#2304,#2305,#2306,#2307,
#2308,#2309),.UNSPECIFIED.,.F.,.F.,(4,2,2,4),(-0.439087044065849,-0.308683749328436,
-0.19486441052731,0.),.UNSPECIFIED.);
#327=B_SPLINE_CURVE_WITH_KNOTS('',3,(#2312,#2313,#2314,#2315,#2316,#2317,
#2318,#2319,#2320,#2321,#2322,#2323,#2324,#2325,#2326,#2327,#2328,#2329),
 .UNSPECIFIED.,.F.,.F.,(4,2,2,2,2,2,2,2,4),(-1.32912130996938,-1.19625703846365,
-1.0721772048738,-0.896432050110103,-0.649654269091649,-0.463794835536746,
-0.266659629892635,-0.129901622900698,0.),.UNSPECIFIED.);
#328=B_SPLINE_CURVE_WITH_KNOTS('',3,(#2331,#2332,#2333,#2334),
 .UNSPECIFIED.,.F.,.F.,(4,4),(-0.313845358765408,-0.244479361458196),
 .UNSPECIFIED.);
#329=B_SPLINE_CURVE_WITH_KNOTS('',3,(#2346,#2347,#2348,#2349,#2350,#2351,
#2352,#2353,#2354,#2355,#2356,#2357,#2358,#2359,#2360,#2361),
 .UNSPECIFIED.,.F.,.F.,(4,2,2,2,2,2,2,4),(-2.58762962952114,-2.36030973415965,
-2.10843269255011,-1.74162607746656,-1.29314368021336,-0.702268215694327,
-0.291403324709254,0.),.UNSPECIFIED.);
#330=B_SPLINE_CURVE_WITH_KNOTS('',3,(#2365,#2366,#2367,#2368,#2369,#2370,
#2371,#2372),.UNSPECIFIED.,.F.,.F.,(4,2,2,4),(-0.437838897925571,-0.309034001772541,
-0.161671477938091,0.),.UNSPECIFIED.);
#331=B_SPLINE_CURVE_WITH_KNOTS('',3,(#2373,#2374,#2375,#2376,#2377,#2378,
#2379,#2380,#2381,#2382,#2383,#2384,#2385,#2386),.UNSPECIFIED.,.F.,.F.,
(4,2,2,2,2,2,4),(-1.59563700888428,-1.33321850299714,-1.00741219767465,
-0.712373357772779,-0.462533673449406,-0.225608324045425,0.),
 .UNSPECIFIED.);
#332=B_SPLINE_CURVE_WITH_KNOTS('',3,(#2388,#2389,#2390,#2391),
 .UNSPECIFIED.,.F.,.F.,(4,4),(-0.393846932911276,-0.308759616863343),
 .UNSPECIFIED.);
#333=B_SPLINE_CURVE_WITH_KNOTS('',3,(#2437,#2438,#2439,#2440,#2441,#2442),
 .UNSPECIFIED.,.F.,.F.,(4,1,1,4),(-28.1123488185942,-27.2611320752248,-26.2164136106694,
-25.171695146114),.UNSPECIFIED.);
#334=B_SPLINE_CURVE_WITH_KNOTS('',3,(#2450,#2451,#2452,#2453,#2454,#2455,
#2456),.UNSPECIFIED.,.F.,.F.,(4,1,1,1,4),(-30.329420119979,-29.2846292513012,
-28.7622338169622,-27.7174429482844,-27.3855781922529),.UNSPECIFIED.);
#335=B_SPLINE_CURVE_WITH_KNOTS('',3,(#2571,#2572,#2573,#2574,#2575,#2576,
#2577,#2578),.UNSPECIFIED.,.F.,.F.,(4,1,1,1,1,4),(-18.6561711629204,-17.5626844189392,
-16.9753295170572,-16.3879746151752,-16.0942971642342,-15.881474376776),
 .UNSPECIFIED.);
#336=B_SPLINE_CURVE_WITH_KNOTS('',3,(#2581,#2582,#2583,#2584,#2585,#2586,
#2587),.UNSPECIFIED.,.F.,.F.,(4,3,4),(-1.8095677467369,-1.77245573745495,
-1.75775570620326),.UNSPECIFIED.);
#337=B_SPLINE_CURVE_WITH_KNOTS('',3,(#2588,#2589,#2590,#2591,#2592,#2593,
#2594,#2595,#2596,#2597,#2598,#2599,#2600,#2601,#2602,#2603,#2604,#2605,
#2606,#2607,#2608,#2609,#2610,#2611,#2612,#2613,#2614,#2615,#2616,#2617,
#2618,#2619,#2620,#2621,#2622,#2623,#2624,#2625,#2626,#2627,#2628,#2629,
#2630,#2631,#2632,#2633,#2634,#2635,#2636,#2637,#2638,#2639,#2640,#2641,
#2642,#2643,#2644,#2645,#2646,#2647,#2648,#2649,#2650,#2651,#2652,#2653,
#2654,#2655,#2656,#2657,#2658,#2659,#2660,#2661,#2662,#2663,#2664,#2665,
#2666,#2667,#2668,#2669,#2670,#2671,#2672,#2673,#2674,#2675,#2676,#2677,
#2678,#2679,#2680,#2681,#2682,#2683,#2684,#2685,#2686,#2687,#2688,#2689,
#2690,#2691,#2692,#2693,#2694,#2695,#2696,#2697,#2698,#2699,#2700,#2701,
#2702,#2703,#2704,#2705,#2706,#2707,#2708,#2709,#2710,#2711,#2712,#2713,
#2714,#2715,#2716,#2717,#2718,#2719,#2720,#2721,#2722,#2723,#2724,#2725,
#2726,#2727,#2728,#2729,#2730,#2731,#2732,#2733,#2734,#2735,#2736,#2737,
#2738,#2739,#2740,#2741,#2742,#2743,#2744,#2745,#2746,#2747,#2748,#2749,
#2750,#2751,#2752,#2753,#2754,#2755,#2756),.UNSPECIFIED.,.F.,.F.,(4,3,3,
3,3,3,3,3,3,3,3,3,3,3,3,3,3,3,3,3,3,3,3,3,3,3,3,3,3,3,3,3,3,3,3,3,3,3,3,
3,3,3,3,3,3,3,3,3,3,3,3,3,3,3,3,3,4),(-1.75775570620326,-1.73584139223534,
-1.69872873258673,-1.66135104461589,-1.62326925547186,-1.61728348791726,
-1.5766611627142,-1.53140460847077,-1.49622624391098,-1.49489572536593,
-1.44559922310556,-1.40256195413641,-1.39630272084518,-1.36044148200027,
-1.32593987122788,-1.31702514965675,-1.28338761702737,-1.24929351701402,
-1.24111043734456,-1.20354443624395,-1.16216206383426,-1.15247958778424,
-1.10694283192223,-1.05987141049324,-1.03728478862135,-0.997240187650993,
-0.958403091452631,-0.920564810640314,-0.913897444878327,-0.876954536872381,
-0.840024278404306,-0.802908567530471,-0.798049781546743,-0.759611369741138,
-0.719759002820617,-0.690491283273898,-0.640950294269763,-0.584964404444393,
-0.578804749787634,-0.536399786318959,-0.496701596985388,-0.482240922697674,
-0.445745452542813,-0.409770464780568,-0.40051365734939,-0.364672437488477,
-0.328417230580062,-0.319532199846147,-0.280678254737301,-0.239661149575514,
-0.22542949518261,-0.169933358945192,-0.117794648046337,-0.114437222707774,
-0.0735482689902847,-0.0344702616696958,0.),.UNSPECIFIED.);
#338=B_SPLINE_CURVE_WITH_KNOTS('',3,(#2759,#2760,#2761,#2762,#2763,#2764,
#2765),.UNSPECIFIED.,.F.,.F.,(4,1,1,1,4),(-22.7679937393444,-22.2605296336728,
-21.6734394055897,-21.0863491775066,-19.9932395775519),.UNSPECIFIED.);
#339=B_SPLINE_CURVE_WITH_KNOTS('',3,(#2836,#2837,#2838,#2839),
 .UNSPECIFIED.,.F.,.F.,(4,4),(-0.375136673365614,-0.0503042229764087),
 .UNSPECIFIED.);
#340=B_SPLINE_CURVE_WITH_KNOTS('',3,(#2841,#2842,#2843,#2844,#2845,#2846,
#2847,#2848,#2849,#2850),.UNSPECIFIED.,.F.,.F.,(4,3,3,4),(-0.393107535936184,
-0.266971166248009,-0.141066184326696,-0.0541899448900559),
 .UNSPECIFIED.);
#341=B_SPLINE_CURVE_WITH_KNOTS('',3,(#2852,#2853,#2854,#2855),
 .UNSPECIFIED.,.F.,.F.,(4,4),(-0.38327900204906,-0.0516403876508674),
 .UNSPECIFIED.);
#342=B_SPLINE_CURVE_WITH_KNOTS('',3,(#2857,#2858,#2859,#2860),
 .UNSPECIFIED.,.F.,.F.,(4,4),(-0.382442868734868,-0.0509874643519204),
 .UNSPECIFIED.);
#343=B_SPLINE_CURVE_WITH_KNOTS('',3,(#2862,#2863,#2864,#2865,#2866,#2867,
#2868,#2869,#2870,#2871),.UNSPECIFIED.,.F.,.F.,(4,3,3,4),(-0.389946384946701,
-0.264165601030181,-0.137994947709976,-0.0510287614318056),
 .UNSPECIFIED.);
#344=B_SPLINE_CURVE_WITH_KNOTS('',3,(#2872,#2873,#2874,#2875),
 .UNSPECIFIED.,.F.,.F.,(4,4),(-0.374675863983657,-0.0501033265153656),
 .UNSPECIFIED.);
#345=B_SPLINE_CURVE_WITH_KNOTS('',3,(#2919,#2920,#2921,#2922,#2923,#2924),
 .UNSPECIFIED.,.F.,.F.,(4,1,1,4),(-31.777413090271,-30.9245951046591,-29.8794656931906,
-28.8343362817221),.UNSPECIFIED.);
#346=B_SPLINE_CURVE_WITH_KNOTS('',3,(#2990,#2991,#2992,#2993,#2994,#2995,
#2996),.UNSPECIFIED.,.F.,.F.,(4,1,1,1,4),(-28.8322625909209,-28.309840499397,
-27.2649963163491,-26.2201521333013,-25.8895893793723),.UNSPECIFIED.);
#347=B_SPLINE_CURVE_WITH_KNOTS('',3,(#3266,#3267,#3268,#3269,#3270,#3271),
 .UNSPECIFIED.,.F.,.F.,(4,2,4),(-0.814542160557745,-0.791060403484302,0.),
 .UNSPECIFIED.);
#348=B_SPLINE_CURVE_WITH_KNOTS('',3,(#3272,#3273,#3274,#3275),
 .UNSPECIFIED.,.F.,.F.,(4,4),(-14.5578515946372,-14.0323383161645),
 .UNSPECIFIED.);
#349=B_SPLINE_CURVE_WITH_KNOTS('',3,(#3280,#3281,#3282,#3283),
 .UNSPECIFIED.,.F.,.F.,(4,4),(-16.2461884117221,-15.7211404239965),
 .UNSPECIFIED.);
#350=B_SPLINE_CURVE_WITH_KNOTS('',3,(#3285,#3286,#3287,#3288,#3289,#3290,
#3291,#3292,#3293,#3294,#3295,#3296,#3297,#3298,#3299,#3300,#3301,#3302,
#3303,#3304,#3305,#3306,#3307,#3308,#3309),.UNSPECIFIED.,.F.,.F.,(4,3,3,
3,3,3,3,3,4),(-1.78646026538862,-1.66180938516505,-1.53530445016195,-1.40676479203125,
-1.30558462362701,-1.18312810131727,-1.05942235543625,-0.987423871712265,
-0.973896137793902),.UNSPECIFIED.);
#351=B_SPLINE_CURVE_WITH_KNOTS('',3,(#3310,#3311,#3312,#3313,#3314,#3315),
 .UNSPECIFIED.,.F.,.F.,(4,2,4),(-1.72092808407391,-1.57738056850237,-0.237415684492235),
 .UNSPECIFIED.);
#352=B_SPLINE_CURVE_WITH_KNOTS('',3,(#3343,#3344,#3345,#3346,#3347,#3348),
 .UNSPECIFIED.,.F.,.F.,(4,2,4),(-1.53369265674168,-0.742717283345096,-0.719352923461765),
 .UNSPECIFIED.);
#353=B_SPLINE_CURVE_WITH_KNOTS('',3,(#3350,#3351,#3352,#3353,#3354,#3355,
#3356,#3357),.UNSPECIFIED.,.F.,.F.,(4,2,2,4),(-3.12152406590956,-2.25361773917426,
-1.83006227175175,-1.72591201381384),.UNSPECIFIED.);
#354=B_SPLINE_CURVE_WITH_KNOTS('',3,(#3359,#3360,#3361,#3362),
 .UNSPECIFIED.,.F.,.F.,(4,4),(-0.814779231863921,0.),.UNSPECIFIED.);
#355=B_SPLINE_CURVE_WITH_KNOTS('',3,(#3363,#3364,#3365,#3366),
 .UNSPECIFIED.,.F.,.F.,(4,4),(-12.342937035265,-11.818003759063),
 .UNSPECIFIED.);
#356=B_SPLINE_CURVE_WITH_KNOTS('',3,(#3368,#3369,#3370,#3371),
 .UNSPECIFIED.,.F.,.F.,(4,4),(-14.031877985925,-13.5063629559313),
 .UNSPECIFIED.);
#357=CIRCLE('',#1617,5.3);
#358=CIRCLE('',#1618,5.3);
#359=CIRCLE('',#1620,3.1);
#360=CIRCLE('',#1622,5.3);
#361=CIRCLE('',#1623,5.3);
#362=CIRCLE('',#1625,3.1);
#363=CIRCLE('',#1627,5.3);
#364=CIRCLE('',#1628,5.3);
#365=CIRCLE('',#1630,3.1);
#366=CIRCLE('',#1632,5.3);
#367=CIRCLE('',#1633,5.3);
#368=CIRCLE('',#1635,3.1);
#369=CIRCLE('',#1636,20.);
#370=CIRCLE('',#1637,31.5);
#371=CIRCLE('',#1638,20.);
#372=CIRCLE('',#1640,3.);
#373=CIRCLE('',#1641,20.);
#374=CIRCLE('',#1642,31.5);
#375=CIRCLE('',#1643,20.);
#376=CIRCLE('',#1644,31.5);
#377=CIRCLE('',#1646,20.);
#378=CIRCLE('',#1647,31.5);
#379=CIRCLE('',#1648,20.);
#380=CIRCLE('',#1649,20.);
#381=CIRCLE('',#1650,31.5);
#382=CIRCLE('',#1652,3.1);
#383=CIRCLE('',#1654,3.1);
#384=CIRCLE('',#1656,3.1);
#385=CIRCLE('',#1658,3.1);
#386=CIRCLE('',#1659,31.5);
#387=CIRCLE('',#1660,20.);
#388=CIRCLE('',#1662,1.5);
#389=CIRCLE('',#1670,1.5);
#390=CIRCLE('',#1678,1.5);
#391=CIRCLE('',#1686,1.5);
#392=CIRCLE('',#1694,2.8);
#393=CIRCLE('',#1695,1.5);
#394=CIRCLE('',#1697,2.8);
#395=CIRCLE('',#1700,2.8);
#396=CIRCLE('',#1701,1.5);
#397=CIRCLE('',#1703,2.8);
#398=CIRCLE('',#1706,2.8);
#399=CIRCLE('',#1707,1.5);
#400=CIRCLE('',#1709,2.8);
#401=CIRCLE('',#1712,2.8);
#402=CIRCLE('',#1713,1.5);
#403=CIRCLE('',#1715,2.8);
#404=CIRCLE('',#1724,1.6);
#405=CIRCLE('',#1726,2.8);
#406=CIRCLE('',#1728,1.6);
#407=CIRCLE('',#1733,31.5);
#408=CIRCLE('',#1734,31.5);
#409=CIRCLE('',#1735,31.5);
#410=CIRCLE('',#1739,3.);
#411=CIRCLE('',#1744,3.);
#412=CIRCLE('',#1746,3.);
#413=CIRCLE('',#1753,31.5);
#414=LINE('',#2165,#540);
#415=LINE('',#2169,#541);
#416=LINE('',#2252,#542);
#417=LINE('',#2256,#543);
#418=LINE('',#2281,#544);
#419=LINE('',#2285,#545);
#420=LINE('',#2340,#546);
#421=LINE('',#2344,#547);
#422=LINE('',#2458,#548);
#423=LINE('',#2758,#549);
#424=LINE('',#2931,#550);
#425=LINE('',#2935,#551);
#426=LINE('',#2939,#552);
#427=LINE('',#2943,#553);
#428=LINE('',#3000,#554);
#429=LINE('',#3002,#555);
#430=LINE('',#3004,#556);
#431=LINE('',#3006,#557);
#432=LINE('',#3008,#558);
#433=LINE('',#3009,#559);
#434=LINE('',#3014,#560);
#435=LINE('',#3016,#561);
#436=LINE('',#3017,#562);
#437=LINE('',#3020,#563);
#438=LINE('',#3021,#564);
#439=LINE('',#3024,#565);
#440=LINE('',#3025,#566);
#441=LINE('',#3028,#567);
#442=LINE('',#3029,#568);
#443=LINE('',#3032,#569);
#444=LINE('',#3033,#570);
#445=LINE('',#3035,#571);
#446=LINE('',#3039,#572);
#447=LINE('',#3041,#573);
#448=LINE('',#3043,#574);
#449=LINE('',#3045,#575);
#450=LINE('',#3047,#576);
#451=LINE('',#3048,#577);
#452=LINE('',#3053,#578);
#453=LINE('',#3055,#579);
#454=LINE('',#3056,#580);
#455=LINE('',#3059,#581);
#456=LINE('',#3060,#582);
#457=LINE('',#3063,#583);
#458=LINE('',#3064,#584);
#459=LINE('',#3067,#585);
#460=LINE('',#3068,#586);
#461=LINE('',#3071,#587);
#462=LINE('',#3072,#588);
#463=LINE('',#3074,#589);
#464=LINE('',#3078,#590);
#465=LINE('',#3080,#591);
#466=LINE('',#3082,#592);
#467=LINE('',#3084,#593);
#468=LINE('',#3086,#594);
#469=LINE('',#3087,#595);
#470=LINE('',#3092,#596);
#471=LINE('',#3094,#597);
#472=LINE('',#3095,#598);
#473=LINE('',#3098,#599);
#474=LINE('',#3099,#600);
#475=LINE('',#3102,#601);
#476=LINE('',#3103,#602);
#477=LINE('',#3106,#603);
#478=LINE('',#3107,#604);
#479=LINE('',#3110,#605);
#480=LINE('',#3111,#606);
#481=LINE('',#3113,#607);
#482=LINE('',#3117,#608);
#483=LINE('',#3119,#609);
#484=LINE('',#3121,#610);
#485=LINE('',#3123,#611);
#486=LINE('',#3125,#612);
#487=LINE('',#3126,#613);
#488=LINE('',#3131,#614);
#489=LINE('',#3133,#615);
#490=LINE('',#3134,#616);
#491=LINE('',#3137,#617);
#492=LINE('',#3138,#618);
#493=LINE('',#3141,#619);
#494=LINE('',#3142,#620);
#495=LINE('',#3145,#621);
#496=LINE('',#3146,#622);
#497=LINE('',#3149,#623);
#498=LINE('',#3150,#624);
#499=LINE('',#3152,#625);
#500=LINE('',#3161,#626);
#501=LINE('',#3163,#627);
#502=LINE('',#3172,#628);
#503=LINE('',#3174,#629);
#504=LINE('',#3183,#630);
#505=LINE('',#3185,#631);
#506=LINE('',#3194,#632);
#507=LINE('',#3196,#633);
#508=LINE('',#3199,#634);
#509=LINE('',#3201,#635);
#510=LINE('',#3202,#636);
#511=LINE('',#3205,#637);
#512=LINE('',#3206,#638);
#513=LINE('',#3209,#639);
#514=LINE('',#3210,#640);
#515=LINE('',#3213,#641);
#516=LINE('',#3214,#642);
#517=LINE('',#3217,#643);
#518=LINE('',#3218,#644);
#519=LINE('',#3220,#645);
#520=LINE('',#3226,#646);
#521=LINE('',#3233,#647);
#522=LINE('',#3238,#648);
#523=LINE('',#3374,#649);
#524=LINE('',#3376,#650);
#525=LINE('',#3377,#651);
#526=LINE('',#3380,#652);
#527=LINE('',#3382,#653);
#528=LINE('',#3383,#654);
#529=LINE('',#3387,#655);
#530=LINE('',#3390,#656);
#531=LINE('',#3391,#657);
#532=LINE('',#3393,#658);
#533=LINE('',#3397,#659);
#534=LINE('',#3401,#660);
#535=LINE('',#3402,#661);
#536=LINE('',#3405,#662);
#537=LINE('',#3406,#663);
#538=LINE('',#3408,#664);
#539=LINE('',#3414,#665);
#540=VECTOR('',#1759,10.);
#541=VECTOR('',#1762,10.);
#542=VECTOR('',#1773,10.);
#543=VECTOR('',#1776,10.);
#544=VECTOR('',#1783,10.);
#545=VECTOR('',#1786,10.);
#546=VECTOR('',#1795,10.);
#547=VECTOR('',#1798,10.);
#548=VECTOR('',#1813,10.);
#549=VECTOR('',#1826,10.);
#550=VECTOR('',#1841,3.1);
#551=VECTOR('',#1846,3.1);
#552=VECTOR('',#1851,3.1);
#553=VECTOR('',#1856,3.1);
#554=VECTOR('',#1863,10.);
#555=VECTOR('',#1864,10.);
#556=VECTOR('',#1865,10.);
#557=VECTOR('',#1866,10.);
#558=VECTOR('',#1867,10.);
#559=VECTOR('',#1868,10.);
#560=VECTOR('',#1873,10.);
#561=VECTOR('',#1874,10.);
#562=VECTOR('',#1875,10.);
#563=VECTOR('',#1878,10.);
#564=VECTOR('',#1879,10.);
#565=VECTOR('',#1882,10.);
#566=VECTOR('',#1883,10.);
#567=VECTOR('',#1886,10.);
#568=VECTOR('',#1887,10.);
#569=VECTOR('',#1890,10.);
#570=VECTOR('',#1891,10.);
#571=VECTOR('',#1894,10.);
#572=VECTOR('',#1897,10.);
#573=VECTOR('',#1898,10.);
#574=VECTOR('',#1899,10.);
#575=VECTOR('',#1900,10.);
#576=VECTOR('',#1901,10.);
#577=VECTOR('',#1902,10.);
#578=VECTOR('',#1907,10.);
#579=VECTOR('',#1908,10.);
#580=VECTOR('',#1909,10.);
#581=VECTOR('',#1912,10.);
#582=VECTOR('',#1913,10.);
#583=VECTOR('',#1916,10.);
#584=VECTOR('',#1917,10.);
#585=VECTOR('',#1920,10.);
#586=VECTOR('',#1921,10.);
#587=VECTOR('',#1924,10.);
#588=VECTOR('',#1925,10.);
#589=VECTOR('',#1928,10.);
#590=VECTOR('',#1931,10.);
#591=VECTOR('',#1932,10.);
#592=VECTOR('',#1933,10.);
#593=VECTOR('',#1934,10.);
#594=VECTOR('',#1935,10.);
#595=VECTOR('',#1936,10.);
#596=VECTOR('',#1941,10.);
#597=VECTOR('',#1942,10.);
#598=VECTOR('',#1943,10.);
#599=VECTOR('',#1946,10.);
#600=VECTOR('',#1947,10.);
#601=VECTOR('',#1950,10.);
#602=VECTOR('',#1951,10.);
#603=VECTOR('',#1954,10.);
#604=VECTOR('',#1955,10.);
#605=VECTOR('',#1958,10.);
#606=VECTOR('',#1959,10.);
#607=VECTOR('',#1962,10.);
#608=VECTOR('',#1965,10.);
#609=VECTOR('',#1966,10.);
#610=VECTOR('',#1967,10.);
#611=VECTOR('',#1968,10.);
#612=VECTOR('',#1969,10.);
#613=VECTOR('',#1970,10.);
#614=VECTOR('',#1975,10.);
#615=VECTOR('',#1976,10.);
#616=VECTOR('',#1977,10.);
#617=VECTOR('',#1980,10.);
#618=VECTOR('',#1981,10.);
#619=VECTOR('',#1984,10.);
#620=VECTOR('',#1985,10.);
#621=VECTOR('',#1988,10.);
#622=VECTOR('',#1989,10.);
#623=VECTOR('',#1992,10.);
#624=VECTOR('',#1993,10.);
#625=VECTOR('',#1996,10.);
#626=VECTOR('',#2007,2.8);
#627=VECTOR('',#2010,1.5);
#628=VECTOR('',#2021,2.8);
#629=VECTOR('',#2024,1.5);
#630=VECTOR('',#2035,2.8);
#631=VECTOR('',#2038,1.5);
#632=VECTOR('',#2049,2.8);
#633=VECTOR('',#2052,1.5);
#634=VECTOR('',#2055,10.);
#635=VECTOR('',#2056,10.);
#636=VECTOR('',#2057,10.);
#637=VECTOR('',#2060,10.);
#638=VECTOR('',#2061,10.);
#639=VECTOR('',#2064,10.);
#640=VECTOR('',#2065,10.);
#641=VECTOR('',#2068,10.);
#642=VECTOR('',#2069,10.);
#643=VECTOR('',#2072,10.);
#644=VECTOR('',#2073,10.);
#645=VECTOR('',#2076,10.);
#646=VECTOR('',#2083,2.8);
#647=VECTOR('',#2092,1.6);
#648=VECTOR('',#2099,1.6);
#649=VECTOR('',#2108,10.);
#650=VECTOR('',#2109,10.);
#651=VECTOR('',#2110,10.);
#652=VECTOR('',#2113,10.);
#653=VECTOR('',#2114,10.);
#654=VECTOR('',#2115,10.);
#655=VECTOR('',#2122,10.);
#656=VECTOR('',#2125,10.);
#657=VECTOR('',#2126,10.);
#658=VECTOR('',#2129,10.);
#659=VECTOR('',#2134,10.);
#660=VECTOR('',#2139,10.);
#661=VECTOR('',#2140,10.);
#662=VECTOR('',#2145,10.);
#663=VECTOR('',#2146,10.);
#664=VECTOR('',#2149,10.);
#665=VECTOR('',#2158,31.5);
#666=VERTEX_POINT('',#2163);
#667=VERTEX_POINT('',#2164);
#668=VERTEX_POINT('',#2166);
#669=VERTEX_POINT('',#2168);
#670=VERTEX_POINT('',#2170);
#671=VERTEX_POINT('',#2187);
#672=VERTEX_POINT('',#2189);
#673=VERTEX_POINT('',#2217);
#674=VERTEX_POINT('',#2220);
#675=VERTEX_POINT('',#2221);
#676=VERTEX_POINT('',#2230);
#677=VERTEX_POINT('',#2232);
#678=VERTEX_POINT('',#2251);
#679=VERTEX_POINT('',#2253);
#680=VERTEX_POINT('',#2255);
#681=VERTEX_POINT('',#2276);
#682=VERTEX_POINT('',#2279);
#683=VERTEX_POINT('',#2280);
#684=VERTEX_POINT('',#2282);
#685=VERTEX_POINT('',#2284);
#686=VERTEX_POINT('',#2286);
#687=VERTEX_POINT('',#2301);
#688=VERTEX_POINT('',#2310);
#689=VERTEX_POINT('',#2335);
#690=VERTEX_POINT('',#2338);
#691=VERTEX_POINT('',#2339);
#692=VERTEX_POINT('',#2341);
#693=VERTEX_POINT('',#2343);
#694=VERTEX_POINT('',#2345);
#695=VERTEX_POINT('',#2362);
#696=VERTEX_POINT('',#2364);
#697=VERTEX_POINT('',#2392);
#698=VERTEX_POINT('',#2436);
#699=VERTEX_POINT('',#2443);
#700=VERTEX_POINT('',#2445);
#701=VERTEX_POINT('',#2449);
#702=VERTEX_POINT('',#2457);
#703=VERTEX_POINT('',#2502);
#704=VERTEX_POINT('',#2504);
#705=VERTEX_POINT('',#2579);
#706=VERTEX_POINT('',#2580);
#707=VERTEX_POINT('',#2829);
#708=VERTEX_POINT('',#2831);
#709=VERTEX_POINT('',#2834);
#710=VERTEX_POINT('',#2835);
#711=VERTEX_POINT('',#2840);
#712=VERTEX_POINT('',#2851);
#713=VERTEX_POINT('',#2856);
#714=VERTEX_POINT('',#2861);
#715=VERTEX_POINT('',#2918);
#716=VERTEX_POINT('',#2925);
#717=VERTEX_POINT('',#2929);
#718=VERTEX_POINT('',#2933);
#719=VERTEX_POINT('',#2937);
#720=VERTEX_POINT('',#2941);
#721=VERTEX_POINT('',#2986);
#722=VERTEX_POINT('',#2988);
#723=VERTEX_POINT('',#2998);
#724=VERTEX_POINT('',#2999);
#725=VERTEX_POINT('',#3001);
#726=VERTEX_POINT('',#3003);
#727=VERTEX_POINT('',#3005);
#728=VERTEX_POINT('',#3007);
#729=VERTEX_POINT('',#3010);
#730=VERTEX_POINT('',#3013);
#731=VERTEX_POINT('',#3015);
#732=VERTEX_POINT('',#3019);
#733=VERTEX_POINT('',#3023);
#734=VERTEX_POINT('',#3027);
#735=VERTEX_POINT('',#3031);
#736=VERTEX_POINT('',#3037);
#737=VERTEX_POINT('',#3038);
#738=VERTEX_POINT('',#3040);
#739=VERTEX_POINT('',#3042);
#740=VERTEX_POINT('',#3044);
#741=VERTEX_POINT('',#3046);
#742=VERTEX_POINT('',#3049);
#743=VERTEX_POINT('',#3052);
#744=VERTEX_POINT('',#3054);
#745=VERTEX_POINT('',#3058);
#746=VERTEX_POINT('',#3062);
#747=VERTEX_POINT('',#3066);
#748=VERTEX_POINT('',#3070);
#749=VERTEX_POINT('',#3076);
#750=VERTEX_POINT('',#3077);
#751=VERTEX_POINT('',#3079);
#752=VERTEX_POINT('',#3081);
#753=VERTEX_POINT('',#3083);
#754=VERTEX_POINT('',#3085);
#755=VERTEX_POINT('',#3088);
#756=VERTEX_POINT('',#3091);
#757=VERTEX_POINT('',#3093);
#758=VERTEX_POINT('',#3097);
#759=VERTEX_POINT('',#3101);
#760=VERTEX_POINT('',#3105);
#761=VERTEX_POINT('',#3109);
#762=VERTEX_POINT('',#3115);
#763=VERTEX_POINT('',#3116);
#764=VERTEX_POINT('',#3118);
#765=VERTEX_POINT('',#3120);
#766=VERTEX_POINT('',#3122);
#767=VERTEX_POINT('',#3124);
#768=VERTEX_POINT('',#3127);
#769=VERTEX_POINT('',#3130);
#770=VERTEX_POINT('',#3132);
#771=VERTEX_POINT('',#3136);
#772=VERTEX_POINT('',#3140);
#773=VERTEX_POINT('',#3144);
#774=VERTEX_POINT('',#3148);
#775=VERTEX_POINT('',#3154);
#776=VERTEX_POINT('',#3156);
#777=VERTEX_POINT('',#3159);
#778=VERTEX_POINT('',#3165);
#779=VERTEX_POINT('',#3167);
#780=VERTEX_POINT('',#3170);
#781=VERTEX_POINT('',#3176);
#782=VERTEX_POINT('',#3178);
#783=VERTEX_POINT('',#3181);
#784=VERTEX_POINT('',#3187);
#785=VERTEX_POINT('',#3189);
#786=VERTEX_POINT('',#3192);
#787=VERTEX_POINT('',#3198);
#788=VERTEX_POINT('',#3200);
#789=VERTEX_POINT('',#3204);
#790=VERTEX_POINT('',#3208);
#791=VERTEX_POINT('',#3212);
#792=VERTEX_POINT('',#3216);
#793=VERTEX_POINT('',#3222);
#794=VERTEX_POINT('',#3225);
#795=VERTEX_POINT('',#3229);
#796=VERTEX_POINT('',#3232);
#797=VERTEX_POINT('',#3236);
#798=VERTEX_POINT('',#3264);
#799=VERTEX_POINT('',#3265);
#800=VERTEX_POINT('',#3276);
#801=VERTEX_POINT('',#3279);
#802=VERTEX_POINT('',#3284);
#803=VERTEX_POINT('',#3341);
#804=VERTEX_POINT('',#3342);
#805=VERTEX_POINT('',#3349);
#806=VERTEX_POINT('',#3358);
#807=VERTEX_POINT('',#3373);
#808=VERTEX_POINT('',#3375);
#809=VERTEX_POINT('',#3379);
#810=VERTEX_POINT('',#3381);
#811=VERTEX_POINT('',#3389);
#812=VERTEX_POINT('',#3395);
#813=VERTEX_POINT('',#3400);
#814=VERTEX_POINT('',#3412);
#815=EDGE_CURVE('',#666,#667,#414,.T.);
#816=EDGE_CURVE('',#668,#666,#357,.T.);
#817=EDGE_CURVE('',#669,#668,#415,.T.);
#818=EDGE_CURVE('',#670,#669,#317,.T.);
#819=EDGE_CURVE('',#670,#671,#358,.T.);
#820=EDGE_CURVE('',#672,#671,#318,.T.);
#821=EDGE_CURVE('',#667,#672,#319,.T.);
#822=EDGE_CURVE('',#671,#670,#320,.T.);
#823=EDGE_CURVE('',#673,#673,#359,.T.);
#824=EDGE_CURVE('',#674,#675,#321,.T.);
#825=EDGE_CURVE('',#674,#676,#360,.T.);
#826=EDGE_CURVE('',#677,#676,#322,.T.);
#827=EDGE_CURVE('',#678,#677,#416,.T.);
#828=EDGE_CURVE('',#679,#678,#361,.T.);
#829=EDGE_CURVE('',#680,#679,#417,.T.);
#830=EDGE_CURVE('',#675,#680,#323,.T.);
#831=EDGE_CURVE('',#676,#674,#324,.T.);
#832=EDGE_CURVE('',#681,#681,#362,.T.);
#833=EDGE_CURVE('',#682,#683,#418,.T.);
#834=EDGE_CURVE('',#684,#682,#363,.T.);
#835=EDGE_CURVE('',#685,#684,#419,.T.);
#836=EDGE_CURVE('',#686,#685,#325,.T.);
#837=EDGE_CURVE('',#687,#686,#326,.T.);
#838=EDGE_CURVE('',#687,#688,#364,.T.);
#839=EDGE_CURVE('',#683,#688,#327,.T.);
#840=EDGE_CURVE('',#688,#687,#328,.T.);
#841=EDGE_CURVE('',#689,#689,#365,.T.);
#842=EDGE_CURVE('',#690,#691,#420,.T.);
#843=EDGE_CURVE('',#692,#690,#366,.T.);
#844=EDGE_CURVE('',#693,#692,#421,.T.);
#845=EDGE_CURVE('',#694,#693,#329,.T.);
#846=EDGE_CURVE('',#694,#695,#367,.T.);
#847=EDGE_CURVE('',#696,#695,#330,.T.);
#848=EDGE_CURVE('',#691,#696,#331,.T.);
#849=EDGE_CURVE('',#695,#694,#332,.T.);
#850=EDGE_CURVE('',#697,#697,#368,.T.);
#851=EDGE_CURVE('',#669,#698,#333,.T.);
#852=EDGE_CURVE('',#698,#699,#369,.T.);
#853=EDGE_CURVE('',#700,#699,#370,.T.);
#854=EDGE_CURVE('',#672,#700,#371,.T.);
#855=EDGE_CURVE('',#701,#683,#334,.T.);
#856=EDGE_CURVE('',#701,#702,#422,.T.);
#857=EDGE_CURVE('',#702,#682,#372,.T.);
#858=EDGE_CURVE('',#686,#703,#373,.T.);
#859=EDGE_CURVE('',#704,#703,#374,.T.);
#860=EDGE_CURVE('',#704,#701,#375,.T.);
#861=EDGE_CURVE('',#703,#700,#376,.T.);
#862=EDGE_CURVE('',#685,#667,#335,.T.);
#863=EDGE_CURVE('',#705,#706,#336,.T.);
#864=EDGE_CURVE('',#706,#705,#337,.T.);
#865=EDGE_CURVE('',#690,#679,#423,.F.);
#866=EDGE_CURVE('',#680,#691,#338,.T.);
#867=EDGE_CURVE('',#707,#696,#377,.T.);
#868=EDGE_CURVE('',#708,#707,#378,.T.);
#869=EDGE_CURVE('',#708,#675,#379,.T.);
#870=EDGE_CURVE('',#709,#710,#339,.T.);
#871=EDGE_CURVE('',#710,#711,#340,.T.);
#872=EDGE_CURVE('',#711,#712,#341,.T.);
#873=EDGE_CURVE('',#712,#713,#342,.T.);
#874=EDGE_CURVE('',#713,#714,#343,.T.);
#875=EDGE_CURVE('',#714,#709,#344,.T.);
#876=EDGE_CURVE('',#693,#715,#345,.T.);
#877=EDGE_CURVE('',#716,#715,#380,.T.);
#878=EDGE_CURVE('',#707,#716,#381,.T.);
#879=EDGE_CURVE('',#717,#717,#382,.T.);
#880=EDGE_CURVE('',#717,#681,#424,.T.);
#881=EDGE_CURVE('',#718,#718,#383,.T.);
#882=EDGE_CURVE('',#718,#673,#425,.T.);
#883=EDGE_CURVE('',#719,#719,#384,.T.);
#884=EDGE_CURVE('',#719,#697,#426,.T.);
#885=EDGE_CURVE('',#720,#720,#385,.T.);
#886=EDGE_CURVE('',#720,#689,#427,.T.);
#887=EDGE_CURVE('',#721,#708,#386,.T.);
#888=EDGE_CURVE('',#722,#721,#387,.T.);
#889=EDGE_CURVE('',#722,#677,#346,.T.);
#890=EDGE_CURVE('',#723,#724,#428,.T.);
#891=EDGE_CURVE('',#725,#723,#429,.T.);
#892=EDGE_CURVE('',#726,#725,#430,.T.);
#893=EDGE_CURVE('',#727,#726,#431,.T.);
#894=EDGE_CURVE('',#728,#727,#432,.T.);
#895=EDGE_CURVE('',#724,#728,#433,.T.);
#896=EDGE_CURVE('',#729,#729,#388,.T.);
#897=EDGE_CURVE('',#730,#724,#434,.T.);
#898=EDGE_CURVE('',#731,#728,#435,.T.);
#899=EDGE_CURVE('',#730,#731,#436,.T.);
#900=EDGE_CURVE('',#732,#727,#437,.T.);
#901=EDGE_CURVE('',#731,#732,#438,.T.);
#902=EDGE_CURVE('',#733,#726,#439,.T.);
#903=EDGE_CURVE('',#732,#733,#440,.T.);
#904=EDGE_CURVE('',#734,#725,#441,.T.);
#905=EDGE_CURVE('',#733,#734,#442,.T.);
#906=EDGE_CURVE('',#723,#735,#443,.T.);
#907=EDGE_CURVE('',#734,#735,#444,.T.);
#908=EDGE_CURVE('',#735,#730,#445,.T.);
#909=EDGE_CURVE('',#736,#737,#446,.T.);
#910=EDGE_CURVE('',#738,#736,#447,.T.);
#911=EDGE_CURVE('',#739,#738,#448,.T.);
#912=EDGE_CURVE('',#740,#739,#449,.T.);
#913=EDGE_CURVE('',#741,#740,#450,.T.);
#914=EDGE_CURVE('',#737,#741,#451,.T.);
#915=EDGE_CURVE('',#742,#742,#389,.T.);
#916=EDGE_CURVE('',#743,#737,#452,.T.);
#917=EDGE_CURVE('',#744,#741,#453,.T.);
#918=EDGE_CURVE('',#743,#744,#454,.T.);
#919=EDGE_CURVE('',#745,#740,#455,.T.);
#920=EDGE_CURVE('',#744,#745,#456,.T.);
#921=EDGE_CURVE('',#746,#739,#457,.T.);
#922=EDGE_CURVE('',#745,#746,#458,.T.);
#923=EDGE_CURVE('',#747,#738,#459,.T.);
#924=EDGE_CURVE('',#746,#747,#460,.T.);
#925=EDGE_CURVE('',#736,#748,#461,.T.);
#926=EDGE_CURVE('',#747,#748,#462,.T.);
#927=EDGE_CURVE('',#748,#743,#463,.T.);
#928=EDGE_CURVE('',#749,#750,#464,.T.);
#929=EDGE_CURVE('',#751,#749,#465,.T.);
#930=EDGE_CURVE('',#752,#751,#466,.T.);
#931=EDGE_CURVE('',#753,#752,#467,.T.);
#932=EDGE_CURVE('',#754,#753,#468,.T.);
#933=EDGE_CURVE('',#750,#754,#469,.T.);
#934=EDGE_CURVE('',#755,#755,#390,.T.);
#935=EDGE_CURVE('',#756,#750,#470,.T.);
#936=EDGE_CURVE('',#757,#754,#471,.T.);
#937=EDGE_CURVE('',#756,#757,#472,.T.);
#938=EDGE_CURVE('',#758,#753,#473,.T.);
#939=EDGE_CURVE('',#757,#758,#474,.T.);
#940=EDGE_CURVE('',#759,#752,#475,.T.);
#941=EDGE_CURVE('',#758,#759,#476,.T.);
#942=EDGE_CURVE('',#760,#751,#477,.T.);
#943=EDGE_CURVE('',#759,#760,#478,.T.);
#944=EDGE_CURVE('',#749,#761,#479,.T.);
#945=EDGE_CURVE('',#760,#761,#480,.T.);
#946=EDGE_CURVE('',#761,#756,#481,.T.);
#947=EDGE_CURVE('',#762,#763,#482,.T.);
#948=EDGE_CURVE('',#764,#762,#483,.T.);
#949=EDGE_CURVE('',#765,#764,#484,.T.);
#950=EDGE_CURVE('',#766,#765,#485,.T.);
#951=EDGE_CURVE('',#767,#766,#486,.T.);
#952=EDGE_CURVE('',#763,#767,#487,.T.);
#953=EDGE_CURVE('',#768,#768,#391,.T.);
#954=EDGE_CURVE('',#769,#763,#488,.T.);
#955=EDGE_CURVE('',#770,#767,#489,.T.);
#956=EDGE_CURVE('',#769,#770,#490,.T.);
#957=EDGE_CURVE('',#771,#766,#491,.T.);
#958=EDGE_CURVE('',#770,#771,#492,.T.);
#959=EDGE_CURVE('',#772,#765,#493,.T.);
#960=EDGE_CURVE('',#771,#772,#494,.T.);
#961=EDGE_CURVE('',#773,#764,#495,.T.);
#962=EDGE_CURVE('',#772,#773,#496,.T.);
#963=EDGE_CURVE('',#762,#774,#497,.T.);
#964=EDGE_CURVE('',#773,#774,#498,.T.);
#965=EDGE_CURVE('',#774,#769,#499,.T.);
#966=EDGE_CURVE('',#775,#775,#392,.T.);
#967=EDGE_CURVE('',#776,#776,#393,.T.);
#968=EDGE_CURVE('',#777,#777,#394,.T.);
#969=EDGE_CURVE('',#777,#775,#500,.T.);
#970=EDGE_CURVE('',#776,#729,#501,.T.);
#971=EDGE_CURVE('',#778,#778,#395,.T.);
#972=EDGE_CURVE('',#779,#779,#396,.T.);
#973=EDGE_CURVE('',#780,#780,#397,.T.);
#974=EDGE_CURVE('',#780,#778,#502,.T.);
#975=EDGE_CURVE('',#779,#742,#503,.T.);
#976=EDGE_CURVE('',#781,#781,#398,.T.);
#977=EDGE_CURVE('',#782,#782,#399,.T.);
#978=EDGE_CURVE('',#783,#783,#400,.T.);
#979=EDGE_CURVE('',#783,#781,#504,.T.);
#980=EDGE_CURVE('',#782,#768,#505,.T.);
#981=EDGE_CURVE('',#784,#784,#401,.T.);
#982=EDGE_CURVE('',#785,#785,#402,.T.);
#983=EDGE_CURVE('',#786,#786,#403,.T.);
#984=EDGE_CURVE('',#786,#784,#506,.T.);
#985=EDGE_CURVE('',#785,#755,#507,.T.);
#986=EDGE_CURVE('',#712,#787,#508,.T.);
#987=EDGE_CURVE('',#787,#788,#509,.T.);
#988=EDGE_CURVE('',#713,#788,#510,.T.);
#989=EDGE_CURVE('',#788,#789,#511,.T.);
#990=EDGE_CURVE('',#714,#789,#512,.T.);
#991=EDGE_CURVE('',#789,#790,#513,.T.);
#992=EDGE_CURVE('',#709,#790,#514,.T.);
#993=EDGE_CURVE('',#790,#791,#515,.T.);
#994=EDGE_CURVE('',#710,#791,#516,.T.);
#995=EDGE_CURVE('',#711,#792,#517,.T.);
#996=EDGE_CURVE('',#792,#787,#518,.T.);
#997=EDGE_CURVE('',#791,#792,#519,.T.);
#998=EDGE_CURVE('',#793,#793,#404,.T.);
#999=EDGE_CURVE('',#706,#794,#520,.T.);
#1000=EDGE_CURVE('',#794,#794,#405,.T.);
#1001=EDGE_CURVE('',#795,#795,#406,.T.);
#1002=EDGE_CURVE('',#795,#796,#521,.T.);
#1003=EDGE_CURVE('',#796,#796,#15,.T.);
#1004=EDGE_CURVE('',#797,#797,#16,.T.);
#1005=EDGE_CURVE('',#797,#793,#522,.T.);
#1006=EDGE_CURVE('',#798,#799,#347,.T.);
#1007=EDGE_CURVE('',#799,#701,#348,.T.);
#1008=EDGE_CURVE('',#800,#704,#407,.T.);
#1009=EDGE_CURVE('',#716,#800,#408,.T.);
#1010=EDGE_CURVE('',#715,#801,#349,.T.);
#1011=EDGE_CURVE('',#801,#802,#350,.T.);
#1012=EDGE_CURVE('',#798,#802,#351,.F.);
#1013=EDGE_CURVE('',#803,#804,#352,.F.);
#1014=EDGE_CURVE('',#803,#805,#353,.T.);
#1015=EDGE_CURVE('',#806,#805,#354,.F.);
#1016=EDGE_CURVE('',#806,#722,#355,.T.);
#1017=EDGE_CURVE('',#699,#721,#409,.T.);
#1018=EDGE_CURVE('',#698,#804,#356,.T.);
#1019=EDGE_CURVE('',#807,#698,#523,.T.);
#1020=EDGE_CURVE('',#808,#807,#524,.F.);
#1021=EDGE_CURVE('',#808,#804,#525,.T.);
#1022=EDGE_CURVE('',#806,#809,#526,.T.);
#1023=EDGE_CURVE('',#810,#809,#527,.F.);
#1024=EDGE_CURVE('',#722,#810,#528,.T.);
#1025=EDGE_CURVE('',#668,#807,#410,.T.);
#1026=EDGE_CURVE('',#666,#684,#529,.F.);
#1027=EDGE_CURVE('',#799,#811,#530,.T.);
#1028=EDGE_CURVE('',#702,#811,#531,.F.);
#1029=EDGE_CURVE('',#811,#808,#532,.T.);
#1030=EDGE_CURVE('',#692,#812,#411,.T.);
#1031=EDGE_CURVE('',#812,#715,#533,.T.);
#1032=EDGE_CURVE('',#810,#678,#412,.T.);
#1033=EDGE_CURVE('',#809,#813,#534,.T.);
#1034=EDGE_CURVE('',#813,#812,#535,.F.);
#1035=EDGE_CURVE('',#813,#801,#536,.T.);
#1036=EDGE_CURVE('',#802,#805,#537,.T.);
#1037=EDGE_CURVE('',#798,#803,#538,.T.);
#1038=EDGE_CURVE('',#814,#814,#413,.T.);
#1039=EDGE_CURVE('',#814,#800,#539,.T.);
#1040=ORIENTED_EDGE('',*,*,#815,.F.);
#1041=ORIENTED_EDGE('',*,*,#816,.F.);
#1042=ORIENTED_EDGE('',*,*,#817,.F.);
#1043=ORIENTED_EDGE('',*,*,#818,.F.);
#1044=ORIENTED_EDGE('',*,*,#819,.T.);
#1045=ORIENTED_EDGE('',*,*,#820,.F.);
#1046=ORIENTED_EDGE('',*,*,#821,.F.);
#1047=ORIENTED_EDGE('',*,*,#822,.F.);
#1048=ORIENTED_EDGE('',*,*,#819,.F.);
#1049=ORIENTED_EDGE('',*,*,#823,.F.);
#1050=ORIENTED_EDGE('',*,*,#824,.F.);
#1051=ORIENTED_EDGE('',*,*,#825,.T.);
#1052=ORIENTED_EDGE('',*,*,#826,.F.);
#1053=ORIENTED_EDGE('',*,*,#827,.F.);
#1054=ORIENTED_EDGE('',*,*,#828,.F.);
#1055=ORIENTED_EDGE('',*,*,#829,.F.);
#1056=ORIENTED_EDGE('',*,*,#830,.F.);
#1057=ORIENTED_EDGE('',*,*,#831,.F.);
#1058=ORIENTED_EDGE('',*,*,#825,.F.);
#1059=ORIENTED_EDGE('',*,*,#832,.F.);
#1060=ORIENTED_EDGE('',*,*,#833,.F.);
#1061=ORIENTED_EDGE('',*,*,#834,.F.);
#1062=ORIENTED_EDGE('',*,*,#835,.F.);
#1063=ORIENTED_EDGE('',*,*,#836,.F.);
#1064=ORIENTED_EDGE('',*,*,#837,.F.);
#1065=ORIENTED_EDGE('',*,*,#838,.T.);
#1066=ORIENTED_EDGE('',*,*,#839,.F.);
#1067=ORIENTED_EDGE('',*,*,#840,.F.);
#1068=ORIENTED_EDGE('',*,*,#838,.F.);
#1069=ORIENTED_EDGE('',*,*,#841,.F.);
#1070=ORIENTED_EDGE('',*,*,#842,.F.);
#1071=ORIENTED_EDGE('',*,*,#843,.F.);
#1072=ORIENTED_EDGE('',*,*,#844,.F.);
#1073=ORIENTED_EDGE('',*,*,#845,.F.);
#1074=ORIENTED_EDGE('',*,*,#846,.T.);
#1075=ORIENTED_EDGE('',*,*,#847,.F.);
#1076=ORIENTED_EDGE('',*,*,#848,.F.);
#1077=ORIENTED_EDGE('',*,*,#849,.F.);
#1078=ORIENTED_EDGE('',*,*,#846,.F.);
#1079=ORIENTED_EDGE('',*,*,#850,.F.);
#1080=ORIENTED_EDGE('',*,*,#820,.T.);
#1081=ORIENTED_EDGE('',*,*,#822,.T.);
#1082=ORIENTED_EDGE('',*,*,#818,.T.);
#1083=ORIENTED_EDGE('',*,*,#851,.T.);
#1084=ORIENTED_EDGE('',*,*,#852,.T.);
#1085=ORIENTED_EDGE('',*,*,#853,.F.);
#1086=ORIENTED_EDGE('',*,*,#854,.F.);
#1087=ORIENTED_EDGE('',*,*,#833,.T.);
#1088=ORIENTED_EDGE('',*,*,#855,.F.);
#1089=ORIENTED_EDGE('',*,*,#856,.T.);
#1090=ORIENTED_EDGE('',*,*,#857,.T.);
#1091=ORIENTED_EDGE('',*,*,#839,.T.);
#1092=ORIENTED_EDGE('',*,*,#840,.T.);
#1093=ORIENTED_EDGE('',*,*,#837,.T.);
#1094=ORIENTED_EDGE('',*,*,#858,.T.);
#1095=ORIENTED_EDGE('',*,*,#859,.F.);
#1096=ORIENTED_EDGE('',*,*,#860,.T.);
#1097=ORIENTED_EDGE('',*,*,#855,.T.);
#1098=ORIENTED_EDGE('',*,*,#821,.T.);
#1099=ORIENTED_EDGE('',*,*,#854,.T.);
#1100=ORIENTED_EDGE('',*,*,#861,.F.);
#1101=ORIENTED_EDGE('',*,*,#858,.F.);
#1102=ORIENTED_EDGE('',*,*,#836,.T.);
#1103=ORIENTED_EDGE('',*,*,#862,.T.);
#1104=ORIENTED_EDGE('',*,*,#863,.T.);
#1105=ORIENTED_EDGE('',*,*,#864,.T.);
#1106=ORIENTED_EDGE('',*,*,#829,.T.);
#1107=ORIENTED_EDGE('',*,*,#865,.F.);
#1108=ORIENTED_EDGE('',*,*,#842,.T.);
#1109=ORIENTED_EDGE('',*,*,#866,.F.);
#1110=ORIENTED_EDGE('',*,*,#830,.T.);
#1111=ORIENTED_EDGE('',*,*,#866,.T.);
#1112=ORIENTED_EDGE('',*,*,#848,.T.);
#1113=ORIENTED_EDGE('',*,*,#867,.F.);
#1114=ORIENTED_EDGE('',*,*,#868,.F.);
#1115=ORIENTED_EDGE('',*,*,#869,.T.);
#1116=ORIENTED_EDGE('',*,*,#870,.T.);
#1117=ORIENTED_EDGE('',*,*,#871,.T.);
#1118=ORIENTED_EDGE('',*,*,#872,.T.);
#1119=ORIENTED_EDGE('',*,*,#873,.T.);
#1120=ORIENTED_EDGE('',*,*,#874,.T.);
#1121=ORIENTED_EDGE('',*,*,#875,.T.);
#1122=ORIENTED_EDGE('',*,*,#847,.T.);
#1123=ORIENTED_EDGE('',*,*,#849,.T.);
#1124=ORIENTED_EDGE('',*,*,#845,.T.);
#1125=ORIENTED_EDGE('',*,*,#876,.T.);
#1126=ORIENTED_EDGE('',*,*,#877,.F.);
#1127=ORIENTED_EDGE('',*,*,#878,.F.);
#1128=ORIENTED_EDGE('',*,*,#867,.T.);
#1129=ORIENTED_EDGE('',*,*,#879,.F.);
#1130=ORIENTED_EDGE('',*,*,#880,.T.);
#1131=ORIENTED_EDGE('',*,*,#832,.T.);
#1132=ORIENTED_EDGE('',*,*,#880,.F.);
#1133=ORIENTED_EDGE('',*,*,#881,.F.);
#1134=ORIENTED_EDGE('',*,*,#882,.T.);
#1135=ORIENTED_EDGE('',*,*,#823,.T.);
#1136=ORIENTED_EDGE('',*,*,#882,.F.);
#1137=ORIENTED_EDGE('',*,*,#883,.F.);
#1138=ORIENTED_EDGE('',*,*,#884,.T.);
#1139=ORIENTED_EDGE('',*,*,#850,.T.);
#1140=ORIENTED_EDGE('',*,*,#884,.F.);
#1141=ORIENTED_EDGE('',*,*,#885,.F.);
#1142=ORIENTED_EDGE('',*,*,#886,.T.);
#1143=ORIENTED_EDGE('',*,*,#841,.T.);
#1144=ORIENTED_EDGE('',*,*,#886,.F.);
#1145=ORIENTED_EDGE('',*,*,#824,.T.);
#1146=ORIENTED_EDGE('',*,*,#869,.F.);
#1147=ORIENTED_EDGE('',*,*,#887,.F.);
#1148=ORIENTED_EDGE('',*,*,#888,.F.);
#1149=ORIENTED_EDGE('',*,*,#889,.T.);
#1150=ORIENTED_EDGE('',*,*,#826,.T.);
#1151=ORIENTED_EDGE('',*,*,#831,.T.);
#1152=ORIENTED_EDGE('',*,*,#890,.F.);
#1153=ORIENTED_EDGE('',*,*,#891,.F.);
#1154=ORIENTED_EDGE('',*,*,#892,.F.);
#1155=ORIENTED_EDGE('',*,*,#893,.F.);
#1156=ORIENTED_EDGE('',*,*,#894,.F.);
#1157=ORIENTED_EDGE('',*,*,#895,.F.);
#1158=ORIENTED_EDGE('',*,*,#896,.F.);
#1159=ORIENTED_EDGE('',*,*,#897,.T.);
#1160=ORIENTED_EDGE('',*,*,#895,.T.);
#1161=ORIENTED_EDGE('',*,*,#898,.F.);
#1162=ORIENTED_EDGE('',*,*,#899,.F.);
#1163=ORIENTED_EDGE('',*,*,#898,.T.);
#1164=ORIENTED_EDGE('',*,*,#894,.T.);
#1165=ORIENTED_EDGE('',*,*,#900,.F.);
#1166=ORIENTED_EDGE('',*,*,#901,.F.);
#1167=ORIENTED_EDGE('',*,*,#900,.T.);
#1168=ORIENTED_EDGE('',*,*,#893,.T.);
#1169=ORIENTED_EDGE('',*,*,#902,.F.);
#1170=ORIENTED_EDGE('',*,*,#903,.F.);
#1171=ORIENTED_EDGE('',*,*,#902,.T.);
#1172=ORIENTED_EDGE('',*,*,#892,.T.);
#1173=ORIENTED_EDGE('',*,*,#904,.F.);
#1174=ORIENTED_EDGE('',*,*,#905,.F.);
#1175=ORIENTED_EDGE('',*,*,#904,.T.);
#1176=ORIENTED_EDGE('',*,*,#891,.T.);
#1177=ORIENTED_EDGE('',*,*,#906,.T.);
#1178=ORIENTED_EDGE('',*,*,#907,.F.);
#1179=ORIENTED_EDGE('',*,*,#906,.F.);
#1180=ORIENTED_EDGE('',*,*,#890,.T.);
#1181=ORIENTED_EDGE('',*,*,#897,.F.);
#1182=ORIENTED_EDGE('',*,*,#908,.F.);
#1183=ORIENTED_EDGE('',*,*,#909,.F.);
#1184=ORIENTED_EDGE('',*,*,#910,.F.);
#1185=ORIENTED_EDGE('',*,*,#911,.F.);
#1186=ORIENTED_EDGE('',*,*,#912,.F.);
#1187=ORIENTED_EDGE('',*,*,#913,.F.);
#1188=ORIENTED_EDGE('',*,*,#914,.F.);
#1189=ORIENTED_EDGE('',*,*,#915,.F.);
#1190=ORIENTED_EDGE('',*,*,#916,.T.);
#1191=ORIENTED_EDGE('',*,*,#914,.T.);
#1192=ORIENTED_EDGE('',*,*,#917,.F.);
#1193=ORIENTED_EDGE('',*,*,#918,.F.);
#1194=ORIENTED_EDGE('',*,*,#917,.T.);
#1195=ORIENTED_EDGE('',*,*,#913,.T.);
#1196=ORIENTED_EDGE('',*,*,#919,.F.);
#1197=ORIENTED_EDGE('',*,*,#920,.F.);
#1198=ORIENTED_EDGE('',*,*,#919,.T.);
#1199=ORIENTED_EDGE('',*,*,#912,.T.);
#1200=ORIENTED_EDGE('',*,*,#921,.F.);
#1201=ORIENTED_EDGE('',*,*,#922,.F.);
#1202=ORIENTED_EDGE('',*,*,#921,.T.);
#1203=ORIENTED_EDGE('',*,*,#911,.T.);
#1204=ORIENTED_EDGE('',*,*,#923,.F.);
#1205=ORIENTED_EDGE('',*,*,#924,.F.);
#1206=ORIENTED_EDGE('',*,*,#923,.T.);
#1207=ORIENTED_EDGE('',*,*,#910,.T.);
#1208=ORIENTED_EDGE('',*,*,#925,.T.);
#1209=ORIENTED_EDGE('',*,*,#926,.F.);
#1210=ORIENTED_EDGE('',*,*,#925,.F.);
#1211=ORIENTED_EDGE('',*,*,#909,.T.);
#1212=ORIENTED_EDGE('',*,*,#916,.F.);
#1213=ORIENTED_EDGE('',*,*,#927,.F.);
#1214=ORIENTED_EDGE('',*,*,#928,.F.);
#1215=ORIENTED_EDGE('',*,*,#929,.F.);
#1216=ORIENTED_EDGE('',*,*,#930,.F.);
#1217=ORIENTED_EDGE('',*,*,#931,.F.);
#1218=ORIENTED_EDGE('',*,*,#932,.F.);
#1219=ORIENTED_EDGE('',*,*,#933,.F.);
#1220=ORIENTED_EDGE('',*,*,#934,.F.);
#1221=ORIENTED_EDGE('',*,*,#935,.T.);
#1222=ORIENTED_EDGE('',*,*,#933,.T.);
#1223=ORIENTED_EDGE('',*,*,#936,.F.);
#1224=ORIENTED_EDGE('',*,*,#937,.F.);
#1225=ORIENTED_EDGE('',*,*,#936,.T.);
#1226=ORIENTED_EDGE('',*,*,#932,.T.);
#1227=ORIENTED_EDGE('',*,*,#938,.F.);
#1228=ORIENTED_EDGE('',*,*,#939,.F.);
#1229=ORIENTED_EDGE('',*,*,#938,.T.);
#1230=ORIENTED_EDGE('',*,*,#931,.T.);
#1231=ORIENTED_EDGE('',*,*,#940,.F.);
#1232=ORIENTED_EDGE('',*,*,#941,.F.);
#1233=ORIENTED_EDGE('',*,*,#940,.T.);
#1234=ORIENTED_EDGE('',*,*,#930,.T.);
#1235=ORIENTED_EDGE('',*,*,#942,.F.);
#1236=ORIENTED_EDGE('',*,*,#943,.F.);
#1237=ORIENTED_EDGE('',*,*,#942,.T.);
#1238=ORIENTED_EDGE('',*,*,#929,.T.);
#1239=ORIENTED_EDGE('',*,*,#944,.T.);
#1240=ORIENTED_EDGE('',*,*,#945,.F.);
#1241=ORIENTED_EDGE('',*,*,#944,.F.);
#1242=ORIENTED_EDGE('',*,*,#928,.T.);
#1243=ORIENTED_EDGE('',*,*,#935,.F.);
#1244=ORIENTED_EDGE('',*,*,#946,.F.);
#1245=ORIENTED_EDGE('',*,*,#947,.F.);
#1246=ORIENTED_EDGE('',*,*,#948,.F.);
#1247=ORIENTED_EDGE('',*,*,#949,.F.);
#1248=ORIENTED_EDGE('',*,*,#950,.F.);
#1249=ORIENTED_EDGE('',*,*,#951,.F.);
#1250=ORIENTED_EDGE('',*,*,#952,.F.);
#1251=ORIENTED_EDGE('',*,*,#953,.F.);
#1252=ORIENTED_EDGE('',*,*,#954,.T.);
#1253=ORIENTED_EDGE('',*,*,#952,.T.);
#1254=ORIENTED_EDGE('',*,*,#955,.F.);
#1255=ORIENTED_EDGE('',*,*,#956,.F.);
#1256=ORIENTED_EDGE('',*,*,#955,.T.);
#1257=ORIENTED_EDGE('',*,*,#951,.T.);
#1258=ORIENTED_EDGE('',*,*,#957,.F.);
#1259=ORIENTED_EDGE('',*,*,#958,.F.);
#1260=ORIENTED_EDGE('',*,*,#957,.T.);
#1261=ORIENTED_EDGE('',*,*,#950,.T.);
#1262=ORIENTED_EDGE('',*,*,#959,.F.);
#1263=ORIENTED_EDGE('',*,*,#960,.F.);
#1264=ORIENTED_EDGE('',*,*,#959,.T.);
#1265=ORIENTED_EDGE('',*,*,#949,.T.);
#1266=ORIENTED_EDGE('',*,*,#961,.F.);
#1267=ORIENTED_EDGE('',*,*,#962,.F.);
#1268=ORIENTED_EDGE('',*,*,#961,.T.);
#1269=ORIENTED_EDGE('',*,*,#948,.T.);
#1270=ORIENTED_EDGE('',*,*,#963,.T.);
#1271=ORIENTED_EDGE('',*,*,#964,.F.);
#1272=ORIENTED_EDGE('',*,*,#963,.F.);
#1273=ORIENTED_EDGE('',*,*,#947,.T.);
#1274=ORIENTED_EDGE('',*,*,#954,.F.);
#1275=ORIENTED_EDGE('',*,*,#965,.F.);
#1276=ORIENTED_EDGE('',*,*,#966,.F.);
#1277=ORIENTED_EDGE('',*,*,#967,.T.);
#1278=ORIENTED_EDGE('',*,*,#968,.F.);
#1279=ORIENTED_EDGE('',*,*,#969,.T.);
#1280=ORIENTED_EDGE('',*,*,#966,.T.);
#1281=ORIENTED_EDGE('',*,*,#969,.F.);
#1282=ORIENTED_EDGE('',*,*,#967,.F.);
#1283=ORIENTED_EDGE('',*,*,#970,.T.);
#1284=ORIENTED_EDGE('',*,*,#896,.T.);
#1285=ORIENTED_EDGE('',*,*,#970,.F.);
#1286=ORIENTED_EDGE('',*,*,#971,.F.);
#1287=ORIENTED_EDGE('',*,*,#972,.T.);
#1288=ORIENTED_EDGE('',*,*,#973,.F.);
#1289=ORIENTED_EDGE('',*,*,#974,.T.);
#1290=ORIENTED_EDGE('',*,*,#971,.T.);
#1291=ORIENTED_EDGE('',*,*,#974,.F.);
#1292=ORIENTED_EDGE('',*,*,#972,.F.);
#1293=ORIENTED_EDGE('',*,*,#975,.T.);
#1294=ORIENTED_EDGE('',*,*,#915,.T.);
#1295=ORIENTED_EDGE('',*,*,#975,.F.);
#1296=ORIENTED_EDGE('',*,*,#976,.F.);
#1297=ORIENTED_EDGE('',*,*,#977,.T.);
#1298=ORIENTED_EDGE('',*,*,#978,.F.);
#1299=ORIENTED_EDGE('',*,*,#979,.T.);
#1300=ORIENTED_EDGE('',*,*,#976,.T.);
#1301=ORIENTED_EDGE('',*,*,#979,.F.);
#1302=ORIENTED_EDGE('',*,*,#977,.F.);
#1303=ORIENTED_EDGE('',*,*,#980,.T.);
#1304=ORIENTED_EDGE('',*,*,#953,.T.);
#1305=ORIENTED_EDGE('',*,*,#980,.F.);
#1306=ORIENTED_EDGE('',*,*,#981,.F.);
#1307=ORIENTED_EDGE('',*,*,#982,.T.);
#1308=ORIENTED_EDGE('',*,*,#983,.F.);
#1309=ORIENTED_EDGE('',*,*,#984,.T.);
#1310=ORIENTED_EDGE('',*,*,#981,.T.);
#1311=ORIENTED_EDGE('',*,*,#984,.F.);
#1312=ORIENTED_EDGE('',*,*,#982,.F.);
#1313=ORIENTED_EDGE('',*,*,#985,.T.);
#1314=ORIENTED_EDGE('',*,*,#934,.T.);
#1315=ORIENTED_EDGE('',*,*,#985,.F.);
#1316=ORIENTED_EDGE('',*,*,#873,.F.);
#1317=ORIENTED_EDGE('',*,*,#986,.T.);
#1318=ORIENTED_EDGE('',*,*,#987,.T.);
#1319=ORIENTED_EDGE('',*,*,#988,.F.);
#1320=ORIENTED_EDGE('',*,*,#874,.F.);
#1321=ORIENTED_EDGE('',*,*,#988,.T.);
#1322=ORIENTED_EDGE('',*,*,#989,.T.);
#1323=ORIENTED_EDGE('',*,*,#990,.F.);
#1324=ORIENTED_EDGE('',*,*,#875,.F.);
#1325=ORIENTED_EDGE('',*,*,#990,.T.);
#1326=ORIENTED_EDGE('',*,*,#991,.T.);
#1327=ORIENTED_EDGE('',*,*,#992,.F.);
#1328=ORIENTED_EDGE('',*,*,#870,.F.);
#1329=ORIENTED_EDGE('',*,*,#992,.T.);
#1330=ORIENTED_EDGE('',*,*,#993,.T.);
#1331=ORIENTED_EDGE('',*,*,#994,.F.);
#1332=ORIENTED_EDGE('',*,*,#872,.F.);
#1333=ORIENTED_EDGE('',*,*,#995,.T.);
#1334=ORIENTED_EDGE('',*,*,#996,.T.);
#1335=ORIENTED_EDGE('',*,*,#986,.F.);
#1336=ORIENTED_EDGE('',*,*,#871,.F.);
#1337=ORIENTED_EDGE('',*,*,#994,.T.);
#1338=ORIENTED_EDGE('',*,*,#997,.T.);
#1339=ORIENTED_EDGE('',*,*,#995,.F.);
#1340=ORIENTED_EDGE('',*,*,#997,.F.);
#1341=ORIENTED_EDGE('',*,*,#993,.F.);
#1342=ORIENTED_EDGE('',*,*,#991,.F.);
#1343=ORIENTED_EDGE('',*,*,#989,.F.);
#1344=ORIENTED_EDGE('',*,*,#987,.F.);
#1345=ORIENTED_EDGE('',*,*,#996,.F.);
#1346=ORIENTED_EDGE('',*,*,#998,.F.);
#1347=ORIENTED_EDGE('',*,*,#863,.F.);
#1348=ORIENTED_EDGE('',*,*,#864,.F.);
#1349=ORIENTED_EDGE('',*,*,#999,.T.);
#1350=ORIENTED_EDGE('',*,*,#1000,.T.);
#1351=ORIENTED_EDGE('',*,*,#999,.F.);
#1352=ORIENTED_EDGE('',*,*,#1000,.F.);
#1353=ORIENTED_EDGE('',*,*,#1001,.F.);
#1354=ORIENTED_EDGE('',*,*,#1001,.T.);
#1355=ORIENTED_EDGE('',*,*,#1002,.T.);
#1356=ORIENTED_EDGE('',*,*,#1003,.F.);
#1357=ORIENTED_EDGE('',*,*,#1002,.F.);
#1358=ORIENTED_EDGE('',*,*,#1004,.F.);
#1359=ORIENTED_EDGE('',*,*,#1005,.T.);
#1360=ORIENTED_EDGE('',*,*,#998,.T.);
#1361=ORIENTED_EDGE('',*,*,#1005,.F.);
#1362=ORIENTED_EDGE('',*,*,#1006,.T.);
#1363=ORIENTED_EDGE('',*,*,#1007,.T.);
#1364=ORIENTED_EDGE('',*,*,#860,.F.);
#1365=ORIENTED_EDGE('',*,*,#1008,.F.);
#1366=ORIENTED_EDGE('',*,*,#1009,.F.);
#1367=ORIENTED_EDGE('',*,*,#877,.T.);
#1368=ORIENTED_EDGE('',*,*,#1010,.T.);
#1369=ORIENTED_EDGE('',*,*,#1011,.T.);
#1370=ORIENTED_EDGE('',*,*,#1012,.F.);
#1371=ORIENTED_EDGE('',*,*,#1013,.F.);
#1372=ORIENTED_EDGE('',*,*,#1014,.T.);
#1373=ORIENTED_EDGE('',*,*,#1015,.F.);
#1374=ORIENTED_EDGE('',*,*,#1016,.T.);
#1375=ORIENTED_EDGE('',*,*,#888,.T.);
#1376=ORIENTED_EDGE('',*,*,#1017,.F.);
#1377=ORIENTED_EDGE('',*,*,#852,.F.);
#1378=ORIENTED_EDGE('',*,*,#1018,.T.);
#1379=ORIENTED_EDGE('',*,*,#1018,.F.);
#1380=ORIENTED_EDGE('',*,*,#1019,.F.);
#1381=ORIENTED_EDGE('',*,*,#1020,.F.);
#1382=ORIENTED_EDGE('',*,*,#1021,.T.);
#1383=ORIENTED_EDGE('',*,*,#1016,.F.);
#1384=ORIENTED_EDGE('',*,*,#1022,.T.);
#1385=ORIENTED_EDGE('',*,*,#1023,.F.);
#1386=ORIENTED_EDGE('',*,*,#1024,.F.);
#1387=ORIENTED_EDGE('',*,*,#817,.T.);
#1388=ORIENTED_EDGE('',*,*,#1025,.T.);
#1389=ORIENTED_EDGE('',*,*,#1019,.T.);
#1390=ORIENTED_EDGE('',*,*,#851,.F.);
#1391=ORIENTED_EDGE('',*,*,#815,.T.);
#1392=ORIENTED_EDGE('',*,*,#862,.F.);
#1393=ORIENTED_EDGE('',*,*,#835,.T.);
#1394=ORIENTED_EDGE('',*,*,#1026,.F.);
#1395=ORIENTED_EDGE('',*,*,#1007,.F.);
#1396=ORIENTED_EDGE('',*,*,#1027,.T.);
#1397=ORIENTED_EDGE('',*,*,#1028,.F.);
#1398=ORIENTED_EDGE('',*,*,#856,.F.);
#1399=ORIENTED_EDGE('',*,*,#816,.T.);
#1400=ORIENTED_EDGE('',*,*,#1026,.T.);
#1401=ORIENTED_EDGE('',*,*,#834,.T.);
#1402=ORIENTED_EDGE('',*,*,#857,.F.);
#1403=ORIENTED_EDGE('',*,*,#1028,.T.);
#1404=ORIENTED_EDGE('',*,*,#1029,.T.);
#1405=ORIENTED_EDGE('',*,*,#1020,.T.);
#1406=ORIENTED_EDGE('',*,*,#1025,.F.);
#1407=ORIENTED_EDGE('',*,*,#968,.T.);
#1408=ORIENTED_EDGE('',*,*,#978,.T.);
#1409=ORIENTED_EDGE('',*,*,#844,.T.);
#1410=ORIENTED_EDGE('',*,*,#1030,.T.);
#1411=ORIENTED_EDGE('',*,*,#1031,.T.);
#1412=ORIENTED_EDGE('',*,*,#876,.F.);
#1413=ORIENTED_EDGE('',*,*,#828,.T.);
#1414=ORIENTED_EDGE('',*,*,#1032,.F.);
#1415=ORIENTED_EDGE('',*,*,#1023,.T.);
#1416=ORIENTED_EDGE('',*,*,#1033,.T.);
#1417=ORIENTED_EDGE('',*,*,#1034,.T.);
#1418=ORIENTED_EDGE('',*,*,#1030,.F.);
#1419=ORIENTED_EDGE('',*,*,#843,.T.);
#1420=ORIENTED_EDGE('',*,*,#865,.T.);
#1421=ORIENTED_EDGE('',*,*,#973,.T.);
#1422=ORIENTED_EDGE('',*,*,#983,.T.);
#1423=ORIENTED_EDGE('',*,*,#827,.T.);
#1424=ORIENTED_EDGE('',*,*,#889,.F.);
#1425=ORIENTED_EDGE('',*,*,#1024,.T.);
#1426=ORIENTED_EDGE('',*,*,#1032,.T.);
#1427=ORIENTED_EDGE('',*,*,#1035,.F.);
#1428=ORIENTED_EDGE('',*,*,#1033,.F.);
#1429=ORIENTED_EDGE('',*,*,#1022,.F.);
#1430=ORIENTED_EDGE('',*,*,#1015,.T.);
#1431=ORIENTED_EDGE('',*,*,#1036,.F.);
#1432=ORIENTED_EDGE('',*,*,#1011,.F.);
#1433=ORIENTED_EDGE('',*,*,#1004,.T.);
#1434=ORIENTED_EDGE('',*,*,#1036,.T.);
#1435=ORIENTED_EDGE('',*,*,#1014,.F.);
#1436=ORIENTED_EDGE('',*,*,#1037,.F.);
#1437=ORIENTED_EDGE('',*,*,#1012,.T.);
#1438=ORIENTED_EDGE('',*,*,#1037,.T.);
#1439=ORIENTED_EDGE('',*,*,#1013,.T.);
#1440=ORIENTED_EDGE('',*,*,#1021,.F.);
#1441=ORIENTED_EDGE('',*,*,#1029,.F.);
#1442=ORIENTED_EDGE('',*,*,#1027,.F.);
#1443=ORIENTED_EDGE('',*,*,#1006,.F.);
#1444=ORIENTED_EDGE('',*,*,#1003,.T.);
#1445=ORIENTED_EDGE('',*,*,#1010,.F.);
#1446=ORIENTED_EDGE('',*,*,#1031,.F.);
#1447=ORIENTED_EDGE('',*,*,#1034,.F.);
#1448=ORIENTED_EDGE('',*,*,#1035,.T.);
#1449=ORIENTED_EDGE('',*,*,#1038,.F.);
#1450=ORIENTED_EDGE('',*,*,#1039,.T.);
#1451=ORIENTED_EDGE('',*,*,#1008,.T.);
#1452=ORIENTED_EDGE('',*,*,#859,.T.);
#1453=ORIENTED_EDGE('',*,*,#861,.T.);
#1454=ORIENTED_EDGE('',*,*,#853,.T.);
#1455=ORIENTED_EDGE('',*,*,#1017,.T.);
#1456=ORIENTED_EDGE('',*,*,#887,.T.);
#1457=ORIENTED_EDGE('',*,*,#868,.T.);
#1458=ORIENTED_EDGE('',*,*,#878,.T.);
#1459=ORIENTED_EDGE('',*,*,#1009,.T.);
#1460=ORIENTED_EDGE('',*,*,#1039,.F.);
#1461=ORIENTED_EDGE('',*,*,#1038,.T.);
#1462=ORIENTED_EDGE('',*,*,#956,.T.);
#1463=ORIENTED_EDGE('',*,*,#958,.T.);
#1464=ORIENTED_EDGE('',*,*,#960,.T.);
#1465=ORIENTED_EDGE('',*,*,#962,.T.);
#1466=ORIENTED_EDGE('',*,*,#964,.T.);
#1467=ORIENTED_EDGE('',*,*,#965,.T.);
#1468=ORIENTED_EDGE('',*,*,#937,.T.);
#1469=ORIENTED_EDGE('',*,*,#939,.T.);
#1470=ORIENTED_EDGE('',*,*,#941,.T.);
#1471=ORIENTED_EDGE('',*,*,#943,.T.);
#1472=ORIENTED_EDGE('',*,*,#945,.T.);
#1473=ORIENTED_EDGE('',*,*,#946,.T.);
#1474=ORIENTED_EDGE('',*,*,#918,.T.);
#1475=ORIENTED_EDGE('',*,*,#920,.T.);
#1476=ORIENTED_EDGE('',*,*,#922,.T.);
#1477=ORIENTED_EDGE('',*,*,#924,.T.);
#1478=ORIENTED_EDGE('',*,*,#926,.T.);
#1479=ORIENTED_EDGE('',*,*,#927,.T.);
#1480=ORIENTED_EDGE('',*,*,#899,.T.);
#1481=ORIENTED_EDGE('',*,*,#901,.T.);
#1482=ORIENTED_EDGE('',*,*,#903,.T.);
#1483=ORIENTED_EDGE('',*,*,#905,.T.);
#1484=ORIENTED_EDGE('',*,*,#907,.T.);
#1485=ORIENTED_EDGE('',*,*,#908,.T.);
#1486=ORIENTED_EDGE('',*,*,#885,.T.);
#1487=ORIENTED_EDGE('',*,*,#883,.T.);
#1488=ORIENTED_EDGE('',*,*,#881,.T.);
#1489=ORIENTED_EDGE('',*,*,#879,.T.);
#1490=CYLINDRICAL_SURFACE('',#1616,5.3);
#1491=CYLINDRICAL_SURFACE('',#1621,5.3);
#1492=CYLINDRICAL_SURFACE('',#1626,5.3);
#1493=CYLINDRICAL_SURFACE('',#1631,5.3);
#1494=CYLINDRICAL_SURFACE('',#1639,3.);
#1495=CYLINDRICAL_SURFACE('',#1651,3.1);
#1496=CYLINDRICAL_SURFACE('',#1653,3.1);
#1497=CYLINDRICAL_SURFACE('',#1655,3.1);
#1498=CYLINDRICAL_SURFACE('',#1657,3.1);
#1499=CYLINDRICAL_SURFACE('',#1696,2.8);
#1500=CYLINDRICAL_SURFACE('',#1698,1.5);
#1501=CYLINDRICAL_SURFACE('',#1702,2.8);
#1502=CYLINDRICAL_SURFACE('',#1704,1.5);
#1503=CYLINDRICAL_SURFACE('',#1708,2.8);
#1504=CYLINDRICAL_SURFACE('',#1710,1.5);
#1505=CYLINDRICAL_SURFACE('',#1714,2.8);
#1506=CYLINDRICAL_SURFACE('',#1716,1.5);
#1507=CYLINDRICAL_SURFACE('',#1725,2.8);
#1508=CYLINDRICAL_SURFACE('',#1729,1.6);
#1509=CYLINDRICAL_SURFACE('',#1731,1.6);
#1510=CYLINDRICAL_SURFACE('',#1738,3.);
#1511=CYLINDRICAL_SURFACE('',#1743,3.);
#1512=CYLINDRICAL_SURFACE('',#1747,3.);
#1513=CYLINDRICAL_SURFACE('',#1752,31.5);
#1514=ADVANCED_FACE('',(#111),#1490,.F.);
#1515=ADVANCED_FACE('',(#112,#25),#55,.T.);
#1516=ADVANCED_FACE('',(#113),#1491,.F.);
#1517=ADVANCED_FACE('',(#114,#26),#56,.T.);
#1518=ADVANCED_FACE('',(#115),#1492,.F.);
#1519=ADVANCED_FACE('',(#116,#27),#57,.T.);
#1520=ADVANCED_FACE('',(#117),#1493,.F.);
#1521=ADVANCED_FACE('',(#118,#28),#58,.T.);
#1522=ADVANCED_FACE('',(#119),#17,.T.);
#1523=ADVANCED_FACE('',(#120),#1494,.T.);
#1524=ADVANCED_FACE('',(#121),#18,.T.);
#1525=ADVANCED_FACE('',(#122,#29),#19,.T.);
#1526=ADVANCED_FACE('',(#123),#59,.T.);
#1527=ADVANCED_FACE('',(#124,#30),#20,.T.);
#1528=ADVANCED_FACE('',(#125),#21,.T.);
#1529=ADVANCED_FACE('',(#126),#1495,.F.);
#1530=ADVANCED_FACE('',(#127),#1496,.F.);
#1531=ADVANCED_FACE('',(#128),#1497,.F.);
#1532=ADVANCED_FACE('',(#129),#1498,.F.);
#1533=ADVANCED_FACE('',(#130),#22,.T.);
#1534=ADVANCED_FACE('',(#131,#31),#60,.F.);
#1535=ADVANCED_FACE('',(#132),#61,.F.);
#1536=ADVANCED_FACE('',(#133),#62,.F.);
#1537=ADVANCED_FACE('',(#134),#63,.F.);
#1538=ADVANCED_FACE('',(#135),#64,.F.);
#1539=ADVANCED_FACE('',(#136),#65,.F.);
#1540=ADVANCED_FACE('',(#137),#66,.F.);
#1541=ADVANCED_FACE('',(#138,#32),#67,.F.);
#1542=ADVANCED_FACE('',(#139),#68,.F.);
#1543=ADVANCED_FACE('',(#140),#69,.F.);
#1544=ADVANCED_FACE('',(#141),#70,.F.);
#1545=ADVANCED_FACE('',(#142),#71,.F.);
#1546=ADVANCED_FACE('',(#143),#72,.F.);
#1547=ADVANCED_FACE('',(#144),#73,.F.);
#1548=ADVANCED_FACE('',(#145,#33),#74,.F.);
#1549=ADVANCED_FACE('',(#146),#75,.F.);
#1550=ADVANCED_FACE('',(#147),#76,.F.);
#1551=ADVANCED_FACE('',(#148),#77,.F.);
#1552=ADVANCED_FACE('',(#149),#78,.F.);
#1553=ADVANCED_FACE('',(#150),#79,.F.);
#1554=ADVANCED_FACE('',(#151),#80,.F.);
#1555=ADVANCED_FACE('',(#152,#34),#81,.F.);
#1556=ADVANCED_FACE('',(#153),#82,.F.);
#1557=ADVANCED_FACE('',(#154),#83,.F.);
#1558=ADVANCED_FACE('',(#155),#84,.F.);
#1559=ADVANCED_FACE('',(#156),#85,.F.);
#1560=ADVANCED_FACE('',(#157),#86,.F.);
#1561=ADVANCED_FACE('',(#158),#87,.F.);
#1562=ADVANCED_FACE('',(#159,#35),#88,.F.);
#1563=ADVANCED_FACE('',(#160),#1499,.F.);
#1564=ADVANCED_FACE('',(#161),#1500,.F.);
#1565=ADVANCED_FACE('',(#162,#36),#89,.F.);
#1566=ADVANCED_FACE('',(#163),#1501,.F.);
#1567=ADVANCED_FACE('',(#164),#1502,.F.);
#1568=ADVANCED_FACE('',(#165,#37),#90,.F.);
#1569=ADVANCED_FACE('',(#166),#1503,.F.);
#1570=ADVANCED_FACE('',(#167),#1504,.F.);
#1571=ADVANCED_FACE('',(#168,#38),#91,.F.);
#1572=ADVANCED_FACE('',(#169),#1505,.F.);
#1573=ADVANCED_FACE('',(#170),#1506,.F.);
#1574=ADVANCED_FACE('',(#171),#92,.F.);
#1575=ADVANCED_FACE('',(#172),#93,.F.);
#1576=ADVANCED_FACE('',(#173),#94,.F.);
#1577=ADVANCED_FACE('',(#174),#95,.F.);
#1578=ADVANCED_FACE('',(#175),#96,.F.);
#1579=ADVANCED_FACE('',(#176),#97,.F.);
#1580=ADVANCED_FACE('',(#177,#39),#98,.F.);
#1581=ADVANCED_FACE('',(#178),#1507,.F.);
#1582=ADVANCED_FACE('',(#179,#40),#99,.F.);
#1583=ADVANCED_FACE('',(#180),#1508,.F.);
#1584=ADVANCED_FACE('',(#181),#1509,.F.);
#1585=ADVANCED_FACE('',(#182),#23,.T.);
#1586=ADVANCED_FACE('',(#183),#24,.T.);
#1587=ADVANCED_FACE('',(#184),#100,.T.);
#1588=ADVANCED_FACE('',(#185),#101,.T.);
#1589=ADVANCED_FACE('',(#186),#1510,.T.);
#1590=ADVANCED_FACE('',(#187),#102,.T.);
#1591=ADVANCED_FACE('',(#188),#103,.T.);
#1592=ADVANCED_FACE('',(#189,#41,#42),#104,.F.);
#1593=ADVANCED_FACE('',(#190),#1511,.T.);
#1594=ADVANCED_FACE('',(#191,#43,#44),#105,.F.);
#1595=ADVANCED_FACE('',(#192),#1512,.T.);
#1596=ADVANCED_FACE('',(#193,#45),#106,.F.);
#1597=ADVANCED_FACE('',(#194),#107,.F.);
#1598=ADVANCED_FACE('',(#195,#46),#108,.F.);
#1599=ADVANCED_FACE('',(#196),#109,.T.);
#1600=ADVANCED_FACE('',(#197),#1513,.T.);
#1601=ADVANCED_FACE('',(#198,#47,#48,#49,#50,#51,#52,#53,#54),#110,.T.);
#1602=CLOSED_SHELL('',(#1514,#1515,#1516,#1517,#1518,#1519,#1520,#1521,
#1522,#1523,#1524,#1525,#1526,#1527,#1528,#1529,#1530,#1531,#1532,#1533,
#1534,#1535,#1536,#1537,#1538,#1539,#1540,#1541,#1542,#1543,#1544,#1545,
#1546,#1547,#1548,#1549,#1550,#1551,#1552,#1553,#1554,#1555,#1556,#1557,
#1558,#1559,#1560,#1561,#1562,#1563,#1564,#1565,#1566,#1567,#1568,#1569,
#1570,#1571,#1572,#1573,#1574,#1575,#1576,#1577,#1578,#1579,#1580,#1581,
#1582,#1583,#1584,#1585,#1586,#1587,#1588,#1589,#1590,#1591,#1592,#1593,
#1594,#1595,#1596,#1597,#1598,#1599,#1600,#1601));
#1603=DERIVED_UNIT_ELEMENT(#1605,1.);
#1604=DERIVED_UNIT_ELEMENT(#3421,-3.);
#1605=(
MASS_UNIT()
NAMED_UNIT(*)
SI_UNIT(.KILO.,.GRAM.)
);
#1606=DERIVED_UNIT((#1603,#1604));
#1607=MEASURE_REPRESENTATION_ITEM('density measure',
POSITIVE_RATIO_MEASURE(1060.),#1606);
#1608=PROPERTY_DEFINITION_REPRESENTATION(#1613,#1610);
#1609=PROPERTY_DEFINITION_REPRESENTATION(#1614,#1611);
#1610=REPRESENTATION('material name',(#1612),#3418);
#1611=REPRESENTATION('density',(#1607),#3418);
#1612=DESCRIPTIVE_REPRESENTATION_ITEM('ABS Plastic','ABS Plastic');
#1613=PROPERTY_DEFINITION('material property','material name',#3428);
#1614=PROPERTY_DEFINITION('material property','density of part',#3428);
#1615=AXIS2_PLACEMENT_3D('',#2161,#1755,#1756);
#1616=AXIS2_PLACEMENT_3D('',#2162,#1757,#1758);
#1617=AXIS2_PLACEMENT_3D('',#2167,#1760,#1761);
#1618=AXIS2_PLACEMENT_3D('',#2188,#1763,#1764);
#1619=AXIS2_PLACEMENT_3D('',#2212,#1765,#1766);
#1620=AXIS2_PLACEMENT_3D('',#2218,#1767,#1768);
#1621=AXIS2_PLACEMENT_3D('',#2219,#1769,#1770);
#1622=AXIS2_PLACEMENT_3D('',#2231,#1771,#1772);
#1623=AXIS2_PLACEMENT_3D('',#2254,#1774,#1775);
#1624=AXIS2_PLACEMENT_3D('',#2271,#1777,#1778);
#1625=AXIS2_PLACEMENT_3D('',#2277,#1779,#1780);
#1626=AXIS2_PLACEMENT_3D('',#2278,#1781,#1782);
#1627=AXIS2_PLACEMENT_3D('',#2283,#1784,#1785);
#1628=AXIS2_PLACEMENT_3D('',#2311,#1787,#1788);
#1629=AXIS2_PLACEMENT_3D('',#2330,#1789,#1790);
#1630=AXIS2_PLACEMENT_3D('',#2336,#1791,#1792);
#1631=AXIS2_PLACEMENT_3D('',#2337,#1793,#1794);
#1632=AXIS2_PLACEMENT_3D('',#2342,#1796,#1797);
#1633=AXIS2_PLACEMENT_3D('',#2363,#1799,#1800);
#1634=AXIS2_PLACEMENT_3D('',#2387,#1801,#1802);
#1635=AXIS2_PLACEMENT_3D('',#2393,#1803,#1804);
#1636=AXIS2_PLACEMENT_3D('',#2444,#1805,#1806);
#1637=AXIS2_PLACEMENT_3D('',#2446,#1807,#1808);
#1638=AXIS2_PLACEMENT_3D('',#2447,#1809,#1810);
#1639=AXIS2_PLACEMENT_3D('',#2448,#1811,#1812);
#1640=AXIS2_PLACEMENT_3D('',#2459,#1814,#1815);
#1641=AXIS2_PLACEMENT_3D('',#2503,#1816,#1817);
#1642=AXIS2_PLACEMENT_3D('',#2505,#1818,#1819);
#1643=AXIS2_PLACEMENT_3D('',#2506,#1820,#1821);
#1644=AXIS2_PLACEMENT_3D('',#2570,#1822,#1823);
#1645=AXIS2_PLACEMENT_3D('',#2757,#1824,#1825);
#1646=AXIS2_PLACEMENT_3D('',#2830,#1827,#1828);
#1647=AXIS2_PLACEMENT_3D('',#2832,#1829,#1830);
#1648=AXIS2_PLACEMENT_3D('',#2833,#1831,#1832);
#1649=AXIS2_PLACEMENT_3D('',#2926,#1833,#1834);
#1650=AXIS2_PLACEMENT_3D('',#2927,#1835,#1836);
#1651=AXIS2_PLACEMENT_3D('',#2928,#1837,#1838);
#1652=AXIS2_PLACEMENT_3D('',#2930,#1839,#1840);
#1653=AXIS2_PLACEMENT_3D('',#2932,#1842,#1843);
#1654=AXIS2_PLACEMENT_3D('',#2934,#1844,#1845);
#1655=AXIS2_PLACEMENT_3D('',#2936,#1847,#1848);
#1656=AXIS2_PLACEMENT_3D('',#2938,#1849,#1850);
#1657=AXIS2_PLACEMENT_3D('',#2940,#1852,#1853);
#1658=AXIS2_PLACEMENT_3D('',#2942,#1854,#1855);
#1659=AXIS2_PLACEMENT_3D('',#2987,#1857,#1858);
#1660=AXIS2_PLACEMENT_3D('',#2989,#1859,#1860);
#1661=AXIS2_PLACEMENT_3D('',#2997,#1861,#1862);
#1662=AXIS2_PLACEMENT_3D('',#3011,#1869,#1870);
#1663=AXIS2_PLACEMENT_3D('',#3012,#1871,#1872);
#1664=AXIS2_PLACEMENT_3D('',#3018,#1876,#1877);
#1665=AXIS2_PLACEMENT_3D('',#3022,#1880,#1881);
#1666=AXIS2_PLACEMENT_3D('',#3026,#1884,#1885);
#1667=AXIS2_PLACEMENT_3D('',#3030,#1888,#1889);
#1668=AXIS2_PLACEMENT_3D('',#3034,#1892,#1893);
#1669=AXIS2_PLACEMENT_3D('',#3036,#1895,#1896);
#1670=AXIS2_PLACEMENT_3D('',#3050,#1903,#1904);
#1671=AXIS2_PLACEMENT_3D('',#3051,#1905,#1906);
#1672=AXIS2_PLACEMENT_3D('',#3057,#1910,#1911);
#1673=AXIS2_PLACEMENT_3D('',#3061,#1914,#1915);
#1674=AXIS2_PLACEMENT_3D('',#3065,#1918,#1919);
#1675=AXIS2_PLACEMENT_3D('',#3069,#1922,#1923);
#1676=AXIS2_PLACEMENT_3D('',#3073,#1926,#1927);
#1677=AXIS2_PLACEMENT_3D('',#3075,#1929,#1930);
#1678=AXIS2_PLACEMENT_3D('',#3089,#1937,#1938);
#1679=AXIS2_PLACEMENT_3D('',#3090,#1939,#1940);
#1680=AXIS2_PLACEMENT_3D('',#3096,#1944,#1945);
#1681=AXIS2_PLACEMENT_3D('',#3100,#1948,#1949);
#1682=AXIS2_PLACEMENT_3D('',#3104,#1952,#1953);
#1683=AXIS2_PLACEMENT_3D('',#3108,#1956,#1957);
#1684=AXIS2_PLACEMENT_3D('',#3112,#1960,#1961);
#1685=AXIS2_PLACEMENT_3D('',#3114,#1963,#1964);
#1686=AXIS2_PLACEMENT_3D('',#3128,#1971,#1972);
#1687=AXIS2_PLACEMENT_3D('',#3129,#1973,#1974);
#1688=AXIS2_PLACEMENT_3D('',#3135,#1978,#1979);
#1689=AXIS2_PLACEMENT_3D('',#3139,#1982,#1983);
#1690=AXIS2_PLACEMENT_3D('',#3143,#1986,#1987);
#1691=AXIS2_PLACEMENT_3D('',#3147,#1990,#1991);
#1692=AXIS2_PLACEMENT_3D('',#3151,#1994,#1995);
#1693=AXIS2_PLACEMENT_3D('',#3153,#1997,#1998);
#1694=AXIS2_PLACEMENT_3D('',#3155,#1999,#2000);
#1695=AXIS2_PLACEMENT_3D('',#3157,#2001,#2002);
#1696=AXIS2_PLACEMENT_3D('',#3158,#2003,#2004);
#1697=AXIS2_PLACEMENT_3D('',#3160,#2005,#2006);
#1698=AXIS2_PLACEMENT_3D('',#3162,#2008,#2009);
#1699=AXIS2_PLACEMENT_3D('',#3164,#2011,#2012);
#1700=AXIS2_PLACEMENT_3D('',#3166,#2013,#2014);
#1701=AXIS2_PLACEMENT_3D('',#3168,#2015,#2016);
#1702=AXIS2_PLACEMENT_3D('',#3169,#2017,#2018);
#1703=AXIS2_PLACEMENT_3D('',#3171,#2019,#2020);
#1704=AXIS2_PLACEMENT_3D('',#3173,#2022,#2023);
#1705=AXIS2_PLACEMENT_3D('',#3175,#2025,#2026);
#1706=AXIS2_PLACEMENT_3D('',#3177,#2027,#2028);
#1707=AXIS2_PLACEMENT_3D('',#3179,#2029,#2030);
#1708=AXIS2_PLACEMENT_3D('',#3180,#2031,#2032);
#1709=AXIS2_PLACEMENT_3D('',#3182,#2033,#2034);
#1710=AXIS2_PLACEMENT_3D('',#3184,#2036,#2037);
#1711=AXIS2_PLACEMENT_3D('',#3186,#2039,#2040);
#1712=AXIS2_PLACEMENT_3D('',#3188,#2041,#2042);
#1713=AXIS2_PLACEMENT_3D('',#3190,#2043,#2044);
#1714=AXIS2_PLACEMENT_3D('',#3191,#2045,#2046);
#1715=AXIS2_PLACEMENT_3D('',#3193,#2047,#2048);
#1716=AXIS2_PLACEMENT_3D('',#3195,#2050,#2051);
#1717=AXIS2_PLACEMENT_3D('',#3197,#2053,#2054);
#1718=AXIS2_PLACEMENT_3D('',#3203,#2058,#2059);
#1719=AXIS2_PLACEMENT_3D('',#3207,#2062,#2063);
#1720=AXIS2_PLACEMENT_3D('',#3211,#2066,#2067);
#1721=AXIS2_PLACEMENT_3D('',#3215,#2070,#2071);
#1722=AXIS2_PLACEMENT_3D('',#3219,#2074,#2075);
#1723=AXIS2_PLACEMENT_3D('',#3221,#2077,#2078);
#1724=AXIS2_PLACEMENT_3D('',#3223,#2079,#2080);
#1725=AXIS2_PLACEMENT_3D('',#3224,#2081,#2082);
#1726=AXIS2_PLACEMENT_3D('',#3227,#2084,#2085);
#1727=AXIS2_PLACEMENT_3D('',#3228,#2086,#2087);
#1728=AXIS2_PLACEMENT_3D('',#3230,#2088,#2089);
#1729=AXIS2_PLACEMENT_3D('',#3231,#2090,#2091);
#1730=AXIS2_PLACEMENT_3D('',#3234,#2093,#2094);
#1731=AXIS2_PLACEMENT_3D('',#3235,#2095,#2096);
#1732=AXIS2_PLACEMENT_3D('',#3237,#2097,#2098);
#1733=AXIS2_PLACEMENT_3D('',#3277,#2100,#2101);
#1734=AXIS2_PLACEMENT_3D('',#3278,#2102,#2103);
#1735=AXIS2_PLACEMENT_3D('',#3367,#2104,#2105);
#1736=AXIS2_PLACEMENT_3D('',#3372,#2106,#2107);
#1737=AXIS2_PLACEMENT_3D('',#3378,#2111,#2112);
#1738=AXIS2_PLACEMENT_3D('',#3384,#2116,#2117);
#1739=AXIS2_PLACEMENT_3D('',#3385,#2118,#2119);
#1740=AXIS2_PLACEMENT_3D('',#3386,#2120,#2121);
#1741=AXIS2_PLACEMENT_3D('',#3388,#2123,#2124);
#1742=AXIS2_PLACEMENT_3D('',#3392,#2127,#2128);
#1743=AXIS2_PLACEMENT_3D('',#3394,#2130,#2131);
#1744=AXIS2_PLACEMENT_3D('',#3396,#2132,#2133);
#1745=AXIS2_PLACEMENT_3D('',#3398,#2135,#2136);
#1746=AXIS2_PLACEMENT_3D('',#3399,#2137,#2138);
#1747=AXIS2_PLACEMENT_3D('',#3403,#2141,#2142);
#1748=AXIS2_PLACEMENT_3D('',#3404,#2143,#2144);
#1749=AXIS2_PLACEMENT_3D('',#3407,#2147,#2148);
#1750=AXIS2_PLACEMENT_3D('',#3409,#2150,#2151);
#1751=AXIS2_PLACEMENT_3D('',#3410,#2152,#2153);
#1752=AXIS2_PLACEMENT_3D('',#3411,#2154,#2155);
#1753=AXIS2_PLACEMENT_3D('',#3413,#2156,#2157);
#1754=AXIS2_PLACEMENT_3D('',#3415,#2159,#2160);
#1755=DIRECTION('axis',(0.,0.,1.));
#1756=DIRECTION('refdir',(1.,0.,0.));
#1757=DIRECTION('center_axis',(0.,-1.,0.));
#1758=DIRECTION('ref_axis',(-0.638516743237534,0.,0.769607931745335));
#1759=DIRECTION('',(0.,-1.,0.));
#1760=DIRECTION('center_axis',(3.30707435303202E-31,-1.,7.91628933034463E-31));
#1761=DIRECTION('ref_axis',(-1.,0.,0.));
#1762=DIRECTION('',(0.,1.,0.));
#1763=DIRECTION('center_axis',(0.,-1.,0.));
#1764=DIRECTION('ref_axis',(-1.,0.,0.));
#1765=DIRECTION('center_axis',(0.,1.,0.));
#1766=DIRECTION('ref_axis',(-1.,0.,0.));
#1767=DIRECTION('center_axis',(0.,1.,0.));
#1768=DIRECTION('ref_axis',(1.,0.,0.));
#1769=DIRECTION('center_axis',(0.,-1.,0.));
#1770=DIRECTION('ref_axis',(-0.63851674323753,0.,-0.769607931745339));
#1771=DIRECTION('center_axis',(0.,-1.,0.));
#1772=DIRECTION('ref_axis',(-1.,0.,0.));
#1773=DIRECTION('',(0.,-1.,0.));
#1774=DIRECTION('center_axis',(3.30707435303202E-31,-1.,7.91628933034463E-31));
#1775=DIRECTION('ref_axis',(-1.,0.,0.));
#1776=DIRECTION('',(0.,1.,0.));
#1777=DIRECTION('center_axis',(0.,1.,0.));
#1778=DIRECTION('ref_axis',(-1.,0.,0.));
#1779=DIRECTION('center_axis',(0.,1.,0.));
#1780=DIRECTION('ref_axis',(1.,0.,0.));
#1781=DIRECTION('center_axis',(0.,-1.,0.));
#1782=DIRECTION('ref_axis',(0.638516743237539,0.,0.769607931745331));
#1783=DIRECTION('',(0.,-1.,0.));
#1784=DIRECTION('center_axis',(3.30707435303202E-31,-1.,7.91628933034463E-31));
#1785=DIRECTION('ref_axis',(-1.,0.,0.));
#1786=DIRECTION('',(0.,1.,0.));
#1787=DIRECTION('center_axis',(0.,-1.,0.));
#1788=DIRECTION('ref_axis',(-1.,0.,0.));
#1789=DIRECTION('center_axis',(0.,1.,0.));
#1790=DIRECTION('ref_axis',(-1.,0.,0.));
#1791=DIRECTION('center_axis',(0.,1.,0.));
#1792=DIRECTION('ref_axis',(1.,0.,0.));
#1793=DIRECTION('center_axis',(0.,-1.,0.));
#1794=DIRECTION('ref_axis',(0.63851674323753,0.,-0.769607931745339));
#1795=DIRECTION('',(0.,-1.,0.));
#1796=DIRECTION('center_axis',(3.30707435303202E-31,-1.,7.91628933034463E-31));
#1797=DIRECTION('ref_axis',(-1.,0.,0.));
#1798=DIRECTION('',(0.,1.,0.));
#1799=DIRECTION('center_axis',(0.,-1.,0.));
#1800=DIRECTION('ref_axis',(-1.,0.,0.));
#1801=DIRECTION('center_axis',(0.,1.,0.));
#1802=DIRECTION('ref_axis',(-1.,0.,0.));
#1803=DIRECTION('center_axis',(0.,1.,0.));
#1804=DIRECTION('ref_axis',(1.,0.,0.));
#1805=DIRECTION('center_axis',(1.34058638436258E-14,0.214335616847257,0.97676007460927));
#1806=DIRECTION('ref_axis',(-1.,-4.44089209850063E-16,1.38222766565832E-14));
#1807=DIRECTION('center_axis',(0.,-1.,0.));
#1808=DIRECTION('ref_axis',(1.,0.,0.));
#1809=DIRECTION('center_axis',(0.974298608387781,-0.225260342034795,-9.19435435708509E-16));
#1810=DIRECTION('ref_axis',(9.43689570931383E-16,0.,1.));
#1811=DIRECTION('center_axis',(0.,-1.,0.));
#1812=DIRECTION('ref_axis',(-0.707106781186548,0.,-0.707106781186547));
#1813=DIRECTION('',(0.,1.,0.));
#1814=DIRECTION('center_axis',(3.30707435303202E-31,-1.,7.91628933034463E-31));
#1815=DIRECTION('ref_axis',(-0.707106781186548,0.,-0.707106781186547));
#1816=DIRECTION('center_axis',(0.974298608387783,0.225260342034789,3.94060031732199E-14));
#1817=DIRECTION('ref_axis',(-4.08562073062058E-14,1.77635683940025E-15,
1.));
#1818=DIRECTION('center_axis',(0.,-1.,0.));
#1819=DIRECTION('ref_axis',(1.,0.,0.));
#1820=DIRECTION('center_axis',(-2.23113783611335E-14,0.214335616847254,
0.97676007460927));
#1821=DIRECTION('ref_axis',(0.646258694625894,-0.745383589928756,0.163563454002892));
#1822=DIRECTION('center_axis',(0.,-1.,0.));
#1823=DIRECTION('ref_axis',(1.,0.,0.));
#1824=DIRECTION('center_axis',(-2.36658271566304E-30,0.,1.));
#1825=DIRECTION('ref_axis',(-1.,-3.94430452610506E-31,-2.36658271566304E-30));
#1826=DIRECTION('',(-1.,-3.30707435303202E-31,-2.36658271566304E-30));
#1827=DIRECTION('center_axis',(0.974298608387781,0.225260342034796,1.29802649747084E-15));
#1828=DIRECTION('ref_axis',(0.210966989487324,-0.912476836430927,-0.350540942435635));
#1829=DIRECTION('center_axis',(0.,-1.,0.));
#1830=DIRECTION('ref_axis',(1.,0.,0.));
#1831=DIRECTION('center_axis',(0.974298608387781,-0.225260342034796,3.5175406181758E-17));
#1832=DIRECTION('ref_axis',(-0.210966989487324,-0.912476836430927,-0.350540942435633));
#1833=DIRECTION('center_axis',(8.27763166368171E-16,-0.214335616847257,
0.97676007460927));
#1834=DIRECTION('ref_axis',(0.64625869462589,-0.745383589928762,-0.163563454002882));
#1835=DIRECTION('center_axis',(0.,-1.,0.));
#1836=DIRECTION('ref_axis',(1.,0.,0.));
#1837=DIRECTION('center_axis',(0.,1.,0.));
#1838=DIRECTION('ref_axis',(1.,0.,0.));
#1839=DIRECTION('center_axis',(0.,1.,0.));
#1840=DIRECTION('ref_axis',(1.,0.,0.));
#1841=DIRECTION('',(0.,1.,0.));
#1842=DIRECTION('center_axis',(0.,1.,0.));
#1843=DIRECTION('ref_axis',(1.,0.,0.));
#1844=DIRECTION('center_axis',(0.,1.,0.));
#1845=DIRECTION('ref_axis',(1.,0.,0.));
#1846=DIRECTION('',(0.,1.,0.));
#1847=DIRECTION('center_axis',(0.,1.,0.));
#1848=DIRECTION('ref_axis',(1.,0.,0.));
#1849=DIRECTION('center_axis',(0.,1.,0.));
#1850=DIRECTION('ref_axis',(1.,0.,0.));
#1851=DIRECTION('',(0.,1.,0.));
#1852=DIRECTION('center_axis',(0.,1.,0.));
#1853=DIRECTION('ref_axis',(1.,0.,0.));
#1854=DIRECTION('center_axis',(0.,1.,0.));
#1855=DIRECTION('ref_axis',(1.,0.,0.));
#1856=DIRECTION('',(0.,1.,0.));
#1857=DIRECTION('center_axis',(0.,-1.,0.));
#1858=DIRECTION('ref_axis',(1.,0.,0.));
#1859=DIRECTION('center_axis',(-4.56180753601057E-16,-0.21433561684713,
0.976760074609297));
#1860=DIRECTION('ref_axis',(-1.,5.37347943918576E-14,1.13242748511766E-14));
#1861=DIRECTION('center_axis',(0.,1.,0.));
#1862=DIRECTION('ref_axis',(0.,0.,1.));
#1863=DIRECTION('',(1.,0.,3.43386193997065E-16));
#1864=DIRECTION('',(0.499999999999999,0.,0.866025403784439));
#1865=DIRECTION('',(-0.5,0.,0.866025403784439));
#1866=DIRECTION('',(-1.,0.,3.43386193997065E-16));
#1867=DIRECTION('',(-0.5,0.,-0.866025403784438));
#1868=DIRECTION('',(0.499999999999999,0.,-0.866025403784439));
#1869=DIRECTION('center_axis',(0.,-1.,0.));
#1870=DIRECTION('ref_axis',(0.,0.,1.));
#1871=DIRECTION('center_axis',(0.866025403784439,0.,0.499999999999999));
#1872=DIRECTION('ref_axis',(-0.499999999999999,0.,0.866025403784439));
#1873=DIRECTION('',(0.,1.,0.));
#1874=DIRECTION('',(0.,1.,0.));
#1875=DIRECTION('',(0.499999999999999,0.,-0.866025403784439));
#1876=DIRECTION('center_axis',(0.866025403784438,0.,-0.5));
#1877=DIRECTION('ref_axis',(0.5,0.,0.866025403784438));
#1878=DIRECTION('',(0.,1.,0.));
#1879=DIRECTION('',(-0.5,0.,-0.866025403784438));
#1880=DIRECTION('center_axis',(-3.43386193997065E-16,0.,-1.));
#1881=DIRECTION('ref_axis',(1.,0.,-3.43386193997065E-16));
#1882=DIRECTION('',(0.,1.,0.));
#1883=DIRECTION('',(-1.,0.,3.43386193997065E-16));
#1884=DIRECTION('center_axis',(-0.866025403784439,0.,-0.5));
#1885=DIRECTION('ref_axis',(0.5,0.,-0.866025403784439));
#1886=DIRECTION('',(0.,1.,0.));
#1887=DIRECTION('',(-0.5,0.,0.866025403784439));
#1888=DIRECTION('center_axis',(-0.866025403784439,0.,0.499999999999999));
#1889=DIRECTION('ref_axis',(-0.499999999999999,0.,-0.866025403784439));
#1890=DIRECTION('',(0.,-1.,0.));
#1891=DIRECTION('',(0.499999999999999,0.,0.866025403784439));
#1892=DIRECTION('center_axis',(-3.43386193997065E-16,0.,1.));
#1893=DIRECTION('ref_axis',(-1.,0.,-3.43386193997065E-16));
#1894=DIRECTION('',(1.,0.,3.43386193997065E-16));
#1895=DIRECTION('center_axis',(0.,1.,0.));
#1896=DIRECTION('ref_axis',(0.,0.,1.));
#1897=DIRECTION('',(1.,0.,6.8677238799413E-16));
#1898=DIRECTION('',(0.5,0.,0.866025403784439));
#1899=DIRECTION('',(-0.5,0.,0.866025403784439));
#1900=DIRECTION('',(-1.,0.,-6.8677238799413E-16));
#1901=DIRECTION('',(-0.5,0.,-0.866025403784439));
#1902=DIRECTION('',(0.5,0.,-0.866025403784439));
#1903=DIRECTION('center_axis',(0.,-1.,0.));
#1904=DIRECTION('ref_axis',(0.,0.,1.));
#1905=DIRECTION('center_axis',(0.866025403784439,0.,0.5));
#1906=DIRECTION('ref_axis',(-0.5,0.,0.866025403784439));
#1907=DIRECTION('',(0.,1.,0.));
#1908=DIRECTION('',(0.,1.,0.));
#1909=DIRECTION('',(0.5,0.,-0.866025403784439));
#1910=DIRECTION('center_axis',(0.866025403784439,0.,-0.5));
#1911=DIRECTION('ref_axis',(0.5,0.,0.866025403784439));
#1912=DIRECTION('',(0.,1.,0.));
#1913=DIRECTION('',(-0.5,0.,-0.866025403784439));
#1914=DIRECTION('center_axis',(6.8677238799413E-16,0.,-1.));
#1915=DIRECTION('ref_axis',(1.,0.,6.8677238799413E-16));
#1916=DIRECTION('',(0.,1.,0.));
#1917=DIRECTION('',(-1.,0.,-6.8677238799413E-16));
#1918=DIRECTION('center_axis',(-0.866025403784439,0.,-0.5));
#1919=DIRECTION('ref_axis',(0.5,0.,-0.866025403784439));
#1920=DIRECTION('',(0.,1.,0.));
#1921=DIRECTION('',(-0.5,0.,0.866025403784439));
#1922=DIRECTION('center_axis',(-0.866025403784439,0.,0.5));
#1923=DIRECTION('ref_axis',(-0.5,0.,-0.866025403784439));
#1924=DIRECTION('',(0.,-1.,0.));
#1925=DIRECTION('',(0.5,0.,0.866025403784439));
#1926=DIRECTION('center_axis',(-6.8677238799413E-16,0.,1.));
#1927=DIRECTION('ref_axis',(-1.,0.,-6.8677238799413E-16));
#1928=DIRECTION('',(1.,0.,6.8677238799413E-16));
#1929=DIRECTION('center_axis',(0.,1.,0.));
#1930=DIRECTION('ref_axis',(0.,0.,1.));
#1931=DIRECTION('',(-1.,0.,0.));
#1932=DIRECTION('',(-0.499999999999999,0.,-0.866025403784439));
#1933=DIRECTION('',(0.499999999999999,0.,-0.866025403784439));
#1934=DIRECTION('',(1.,0.,-6.8677238799413E-16));
#1935=DIRECTION('',(0.5,0.,0.866025403784438));
#1936=DIRECTION('',(-0.499999999999999,0.,0.866025403784439));
#1937=DIRECTION('center_axis',(0.,-1.,0.));
#1938=DIRECTION('ref_axis',(0.,0.,1.));
#1939=DIRECTION('center_axis',(-0.866025403784439,0.,-0.499999999999999));
#1940=DIRECTION('ref_axis',(0.499999999999999,0.,-0.866025403784439));
#1941=DIRECTION('',(0.,1.,0.));
#1942=DIRECTION('',(0.,1.,0.));
#1943=DIRECTION('',(-0.499999999999999,0.,0.866025403784439));
#1944=DIRECTION('center_axis',(-0.866025403784438,0.,0.5));
#1945=DIRECTION('ref_axis',(-0.5,0.,-0.866025403784438));
#1946=DIRECTION('',(0.,1.,0.));
#1947=DIRECTION('',(0.5,0.,0.866025403784438));
#1948=DIRECTION('center_axis',(6.8677238799413E-16,0.,1.));
#1949=DIRECTION('ref_axis',(-1.,0.,6.8677238799413E-16));
#1950=DIRECTION('',(0.,1.,0.));
#1951=DIRECTION('',(1.,0.,-6.8677238799413E-16));
#1952=DIRECTION('center_axis',(0.866025403784439,0.,0.499999999999999));
#1953=DIRECTION('ref_axis',(-0.499999999999999,0.,0.866025403784439));
#1954=DIRECTION('',(0.,1.,0.));
#1955=DIRECTION('',(0.499999999999999,0.,-0.866025403784439));
#1956=DIRECTION('center_axis',(0.866025403784439,0.,-0.499999999999999));
#1957=DIRECTION('ref_axis',(0.499999999999999,0.,0.866025403784439));
#1958=DIRECTION('',(0.,-1.,0.));
#1959=DIRECTION('',(-0.499999999999999,0.,-0.866025403784439));
#1960=DIRECTION('center_axis',(0.,0.,-1.));
#1961=DIRECTION('ref_axis',(1.,0.,0.));
#1962=DIRECTION('',(-1.,0.,0.));
#1963=DIRECTION('center_axis',(0.,1.,0.));
#1964=DIRECTION('ref_axis',(0.,0.,1.));
#1965=DIRECTION('',(1.,0.,1.71693096998532E-16));
#1966=DIRECTION('',(0.5,0.,0.866025403784439));
#1967=DIRECTION('',(-0.500000000000001,0.,0.866025403784438));
#1968=DIRECTION('',(-1.,0.,-3.43386193997065E-16));
#1969=DIRECTION('',(-0.5,0.,-0.866025403784439));
#1970=DIRECTION('',(0.5,0.,-0.866025403784439));
#1971=DIRECTION('center_axis',(0.,-1.,0.));
#1972=DIRECTION('ref_axis',(0.,0.,1.));
#1973=DIRECTION('center_axis',(0.866025403784439,0.,0.5));
#1974=DIRECTION('ref_axis',(-0.5,0.,0.866025403784439));
#1975=DIRECTION('',(0.,1.,0.));
#1976=DIRECTION('',(0.,1.,0.));
#1977=DIRECTION('',(0.5,0.,-0.866025403784439));
#1978=DIRECTION('center_axis',(0.866025403784439,0.,-0.5));
#1979=DIRECTION('ref_axis',(0.5,0.,0.866025403784439));
#1980=DIRECTION('',(0.,1.,0.));
#1981=DIRECTION('',(-0.5,0.,-0.866025403784439));
#1982=DIRECTION('center_axis',(3.43386193997065E-16,0.,-1.));
#1983=DIRECTION('ref_axis',(1.,0.,3.43386193997065E-16));
#1984=DIRECTION('',(0.,1.,0.));
#1985=DIRECTION('',(-1.,0.,-3.43386193997065E-16));
#1986=DIRECTION('center_axis',(-0.866025403784438,0.,-0.500000000000001));
#1987=DIRECTION('ref_axis',(0.500000000000001,0.,-0.866025403784438));
#1988=DIRECTION('',(0.,1.,0.));
#1989=DIRECTION('',(-0.500000000000001,0.,0.866025403784438));
#1990=DIRECTION('center_axis',(-0.866025403784439,0.,0.5));
#1991=DIRECTION('ref_axis',(-0.5,0.,-0.866025403784439));
#1992=DIRECTION('',(0.,-1.,0.));
#1993=DIRECTION('',(0.5,0.,0.866025403784439));
#1994=DIRECTION('center_axis',(-1.71693096998532E-16,0.,1.));
#1995=DIRECTION('ref_axis',(-1.,0.,-1.71693096998532E-16));
#1996=DIRECTION('',(1.,0.,1.71693096998532E-16));
#1997=DIRECTION('center_axis',(0.,-1.,0.));
#1998=DIRECTION('ref_axis',(0.,0.,1.));
#1999=DIRECTION('center_axis',(0.,-1.,0.));
#2000=DIRECTION('ref_axis',(0.,0.,1.));
#2001=DIRECTION('center_axis',(0.,-1.,0.));
#2002=DIRECTION('ref_axis',(0.,0.,1.));
#2003=DIRECTION('center_axis',(0.,-1.,0.));
#2004=DIRECTION('ref_axis',(0.,0.,1.));
#2005=DIRECTION('center_axis',(3.30707435303202E-31,-1.,7.91628933034463E-31));
#2006=DIRECTION('ref_axis',(0.,0.,1.));
#2007=DIRECTION('',(0.,-1.,0.));
#2008=DIRECTION('center_axis',(0.,-1.,0.));
#2009=DIRECTION('ref_axis',(0.,0.,1.));
#2010=DIRECTION('',(0.,-1.,0.));
#2011=DIRECTION('center_axis',(0.,-1.,0.));
#2012=DIRECTION('ref_axis',(0.,0.,1.));
#2013=DIRECTION('center_axis',(0.,-1.,0.));
#2014=DIRECTION('ref_axis',(0.,0.,1.));
#2015=DIRECTION('center_axis',(0.,-1.,0.));
#2016=DIRECTION('ref_axis',(0.,0.,1.));
#2017=DIRECTION('center_axis',(0.,-1.,0.));
#2018=DIRECTION('ref_axis',(0.,0.,1.));
#2019=DIRECTION('center_axis',(3.30707435303202E-31,-1.,7.91628933034463E-31));
#2020=DIRECTION('ref_axis',(0.,0.,1.));
#2021=DIRECTION('',(0.,-1.,0.));
#2022=DIRECTION('center_axis',(0.,-1.,0.));
#2023=DIRECTION('ref_axis',(0.,0.,1.));
#2024=DIRECTION('',(0.,-1.,0.));
#2025=DIRECTION('center_axis',(0.,-1.,0.));
#2026=DIRECTION('ref_axis',(0.,0.,1.));
#2027=DIRECTION('center_axis',(0.,-1.,0.));
#2028=DIRECTION('ref_axis',(0.,0.,1.));
#2029=DIRECTION('center_axis',(0.,-1.,0.));
#2030=DIRECTION('ref_axis',(0.,0.,1.));
#2031=DIRECTION('center_axis',(0.,-1.,0.));
#2032=DIRECTION('ref_axis',(0.,0.,1.));
#2033=DIRECTION('center_axis',(3.30707435303202E-31,-1.,7.91628933034463E-31));
#2034=DIRECTION('ref_axis',(0.,0.,1.));
#2035=DIRECTION('',(0.,-1.,0.));
#2036=DIRECTION('center_axis',(0.,-1.,0.));
#2037=DIRECTION('ref_axis',(0.,0.,1.));
#2038=DIRECTION('',(0.,-1.,0.));
#2039=DIRECTION('center_axis',(0.,-1.,0.));
#2040=DIRECTION('ref_axis',(0.,0.,1.));
#2041=DIRECTION('center_axis',(0.,-1.,0.));
#2042=DIRECTION('ref_axis',(0.,0.,1.));
#2043=DIRECTION('center_axis',(0.,-1.,0.));
#2044=DIRECTION('ref_axis',(0.,0.,1.));
#2045=DIRECTION('center_axis',(0.,-1.,0.));
#2046=DIRECTION('ref_axis',(0.,0.,1.));
#2047=DIRECTION('center_axis',(3.30707435303202E-31,-1.,7.91628933034463E-31));
#2048=DIRECTION('ref_axis',(0.,0.,1.));
#2049=DIRECTION('',(0.,-1.,0.));
#2050=DIRECTION('center_axis',(0.,-1.,0.));
#2051=DIRECTION('ref_axis',(0.,0.,1.));
#2052=DIRECTION('',(0.,-1.,0.));
#2053=DIRECTION('center_axis',(-0.5,-0.866025403784439,0.));
#2054=DIRECTION('ref_axis',(-0.866025403784439,0.5,0.));
#2055=DIRECTION('',(0.,0.,-1.));
#2056=DIRECTION('',(-0.866025403784439,0.5,0.));
#2057=DIRECTION('',(0.,0.,-1.));
#2058=DIRECTION('center_axis',(-1.,0.,0.));
#2059=DIRECTION('ref_axis',(0.,1.,0.));
#2060=DIRECTION('',(0.,1.,0.));
#2061=DIRECTION('',(0.,0.,-1.));
#2062=DIRECTION('center_axis',(-0.5,0.866025403784439,0.));
#2063=DIRECTION('ref_axis',(0.866025403784439,0.5,0.));
#2064=DIRECTION('',(0.866025403784439,0.5,0.));
#2065=DIRECTION('',(0.,0.,-1.));
#2066=DIRECTION('center_axis',(0.500000000000001,0.866025403784438,0.));
#2067=DIRECTION('ref_axis',(0.866025403784438,-0.500000000000001,0.));
#2068=DIRECTION('',(0.866025403784438,-0.500000000000001,0.));
#2069=DIRECTION('',(0.,0.,-1.));
#2070=DIRECTION('center_axis',(0.5,-0.866025403784439,0.));
#2071=DIRECTION('ref_axis',(-0.866025403784439,-0.5,0.));
#2072=DIRECTION('',(0.,0.,-1.));
#2073=DIRECTION('',(-0.866025403784439,-0.5,0.));
#2074=DIRECTION('center_axis',(1.,1.37354477598826E-15,0.));
#2075=DIRECTION('ref_axis',(1.37354477598826E-15,-1.,0.));
#2076=DIRECTION('',(1.37354477598826E-15,-1.,0.));
#2077=DIRECTION('center_axis',(0.,0.,-1.));
#2078=DIRECTION('ref_axis',(-1.,0.,0.));
#2079=DIRECTION('center_axis',(0.,0.,1.));
#2080=DIRECTION('ref_axis',(1.,0.,0.));
#2081=DIRECTION('center_axis',(0.,0.,1.));
#2082=DIRECTION('ref_axis',(1.,0.,0.));
#2083=DIRECTION('',(0.,0.,1.));
#2084=DIRECTION('center_axis',(0.,0.,1.));
#2085=DIRECTION('ref_axis',(1.,0.,0.));
#2086=DIRECTION('center_axis',(0.,0.,1.));
#2087=DIRECTION('ref_axis',(1.,0.,0.));
#2088=DIRECTION('center_axis',(0.,0.,-1.));
#2089=DIRECTION('ref_axis',(1.,0.,0.));
#2090=DIRECTION('center_axis',(0.,0.,1.));
#2091=DIRECTION('ref_axis',(1.,0.,0.));
#2092=DIRECTION('',(0.,0.,1.));
#2093=DIRECTION('center_axis',(0.,0.164398987305357,-0.986393923832144));
#2094=DIRECTION('ref_axis',(0.,0.986393923832144,0.164398987305357));
#2095=DIRECTION('center_axis',(0.,0.,1.));
#2096=DIRECTION('ref_axis',(1.,0.,0.));
#2097=DIRECTION('center_axis',(0.,0.164398987305357,0.986393923832144));
#2098=DIRECTION('ref_axis',(0.,0.986393923832144,-0.164398987305357));
#2099=DIRECTION('',(0.,0.,1.));
#2100=DIRECTION('center_axis',(0.,-1.,0.));
#2101=DIRECTION('ref_axis',(1.,0.,0.));
#2102=DIRECTION('center_axis',(0.,-1.,0.));
#2103=DIRECTION('ref_axis',(1.,0.,0.));
#2104=DIRECTION('center_axis',(0.,-1.,0.));
#2105=DIRECTION('ref_axis',(1.,0.,0.));
#2106=DIRECTION('center_axis',(1.,0.,2.36658271566304E-30));
#2107=DIRECTION('ref_axis',(-2.36658271566304E-30,7.67558579441779E-31,
1.));
#2108=DIRECTION('',(0.,-1.,0.));
#2109=DIRECTION('',(-2.36658271566304E-30,7.91628933034463E-31,1.));
#2110=DIRECTION('',(3.89063801829365E-31,-0.986393923832144,-0.164398987305357));
#2111=DIRECTION('center_axis',(1.,0.,2.36658271566304E-30));
#2112=DIRECTION('ref_axis',(-2.36658271566304E-30,7.67558579441779E-31,
1.));
#2113=DIRECTION('',(3.89063801829365E-31,0.986393923832144,-0.164398987305357));
#2114=DIRECTION('',(-2.36658271566304E-30,7.91628933034463E-31,1.));
#2115=DIRECTION('',(0.,1.,0.));
#2116=DIRECTION('center_axis',(0.,-1.,0.));
#2117=DIRECTION('ref_axis',(0.707106781186548,0.,-0.707106781186547));
#2118=DIRECTION('center_axis',(3.30707435303202E-31,-1.,7.91628933034463E-31));
#2119=DIRECTION('ref_axis',(0.707106781186548,0.,-0.707106781186547));
#2120=DIRECTION('center_axis',(2.36658271566304E-30,0.,-1.));
#2121=DIRECTION('ref_axis',(1.,2.89462930475912E-31,2.36658271566304E-30));
#2122=DIRECTION('',(1.,3.30707435303202E-31,2.36658271566304E-30));
#2123=DIRECTION('center_axis',(-1.,0.,-2.36658271566304E-30));
#2124=DIRECTION('ref_axis',(2.36658271566304E-30,-5.91645678915759E-31,
-1.));
#2125=DIRECTION('',(-3.89063801829365E-31,0.986393923832144,0.164398987305357));
#2126=DIRECTION('',(2.36658271566304E-30,-7.91628933034463E-31,-1.));
#2127=DIRECTION('center_axis',(3.30707435303202E-31,-1.,7.91628933034463E-31));
#2128=DIRECTION('ref_axis',(-1.,-3.30707435303202E-31,-2.36658271566304E-30));
#2129=DIRECTION('',(1.,3.30707435303202E-31,5.51179058838671E-32));
#2130=DIRECTION('center_axis',(0.,-1.,0.));
#2131=DIRECTION('ref_axis',(-0.707106781186547,0.,0.707106781186548));
#2132=DIRECTION('center_axis',(3.30707435303202E-31,-1.,7.91628933034463E-31));
#2133=DIRECTION('ref_axis',(-0.707106781186547,0.,0.707106781186548));
#2134=DIRECTION('',(0.,-1.,0.));
#2135=DIRECTION('center_axis',(3.30707435303202E-31,-1.,7.91628933034463E-31));
#2136=DIRECTION('ref_axis',(-1.,-3.30707435303202E-31,-2.36658271566304E-30));
#2137=DIRECTION('center_axis',(3.30707435303202E-31,-1.,7.91628933034463E-31));
#2138=DIRECTION('ref_axis',(0.707106781186548,0.,0.707106781186547));
#2139=DIRECTION('',(-1.,-3.30707435303202E-31,5.51179058838671E-32));
#2140=DIRECTION('',(2.36658271566304E-30,-7.91628933034463E-31,-1.));
#2141=DIRECTION('center_axis',(0.,-1.,0.));
#2142=DIRECTION('ref_axis',(0.707106781186548,0.,0.707106781186547));
#2143=DIRECTION('center_axis',(0.,0.164398987305357,0.986393923832144));
#2144=DIRECTION('ref_axis',(0.,0.986393923832144,-0.164398987305357));
#2145=DIRECTION('',(-3.89063801829365E-31,-0.986393923832144,0.164398987305357));
#2146=DIRECTION('',(1.,0.,0.));
#2147=DIRECTION('center_axis',(0.,-1.,0.));
#2148=DIRECTION('ref_axis',(0.,0.,1.));
#2149=DIRECTION('',(1.,0.,0.));
#2150=DIRECTION('center_axis',(0.,0.164398987305357,-0.986393923832144));
#2151=DIRECTION('ref_axis',(0.,-0.986393923832144,-0.164398987305357));
#2152=DIRECTION('center_axis',(-1.,0.,-2.36658271566304E-30));
#2153=DIRECTION('ref_axis',(2.36658271566304E-30,-5.91645678915759E-31,
-1.));
#2154=DIRECTION('center_axis',(0.,-1.,0.));
#2155=DIRECTION('ref_axis',(1.,0.,0.));
#2156=DIRECTION('center_axis',(0.,-1.,0.));
#2157=DIRECTION('ref_axis',(1.,0.,0.));
#2158=DIRECTION('',(0.,1.,0.));
#2159=DIRECTION('center_axis',(0.,-1.,0.));
#2160=DIRECTION('ref_axis',(1.,0.,0.));
#2161=CARTESIAN_POINT('',(0.,0.,0.));
#2162=CARTESIAN_POINT('Origin',(-4.12364185089823,-55.768657938047,-12.4474205521544));
#2163=CARTESIAN_POINT('',(-7.94002060969344,-55.768657938047,-8.76975102249072));
#2164=CARTESIAN_POINT('',(-7.94002060993876,-56.3610611002078,-8.76975102257346));
#2165=CARTESIAN_POINT('',(-7.94002060969344,-55.768657938047,-8.76975102249072));
#2166=CARTESIAN_POINT('',(-0.443849210984806,-55.768657938047,-8.63308887711107));
#2167=CARTESIAN_POINT('Origin',(-4.12364185089823,-55.768657938047,-12.4474205521544));
#2168=CARTESIAN_POINT('',(-0.443849210984587,-59.1722376802345,-8.63308887711107));
#2169=CARTESIAN_POINT('',(-0.443849210984806,-55.768657938047,-8.63308887711107));
#2170=CARTESIAN_POINT('',(-0.449658159410516,-74.618657938047,-16.2673477549532));
#2171=CARTESIAN_POINT('Ctrl Pts',(-0.449658159410517,-74.618657938047,-16.2673477549532));
#2172=CARTESIAN_POINT('Ctrl Pts',(-0.173862000626142,-74.598710072504,-16.0020886189136));
#2173=CARTESIAN_POINT('Ctrl Pts',(0.0693232121312257,-74.5481381504216,
-15.7106238368373));
#2174=CARTESIAN_POINT('Ctrl Pts',(0.509835161890086,-74.3660244151852,-15.0541263457226));
#2175=CARTESIAN_POINT('Ctrl Pts',(0.692495030104853,-74.2281562642647,-14.6936825885815));
#2176=CARTESIAN_POINT('Ctrl Pts',(1.03074288006835,-73.7846663620437,-13.803847280474));
#2177=CARTESIAN_POINT('Ctrl Pts',(1.14147539128182,-73.4254458866938,-13.2578594556819));
#2178=CARTESIAN_POINT('Ctrl Pts',(1.20301036172736,-72.3629024689188,-12.0702610855701));
#2179=CARTESIAN_POINT('Ctrl Pts',(1.11314925005313,-71.6169060348595,-11.4492703243343));
#2180=CARTESIAN_POINT('Ctrl Pts',(0.729694279725549,-69.4378634875816,-10.1934783929355));
#2181=CARTESIAN_POINT('Ctrl Pts',(0.395992349003886,-67.9253545819627,-9.63746524253617));
#2182=CARTESIAN_POINT('Ctrl Pts',(-0.0976697389528737,-64.7102298460154,
-8.98409594105758));
#2183=CARTESIAN_POINT('Ctrl Pts',(-0.25436398987557,-63.3341047821643,-8.8230975305236));
#2184=CARTESIAN_POINT('Ctrl Pts',(-0.408336855095936,-61.0544079812067,
-8.66662225166701));
#2185=CARTESIAN_POINT('Ctrl Pts',(-0.443849210984806,-60.1027711344455,
-8.63308887711107));
#2186=CARTESIAN_POINT('Ctrl Pts',(-0.443849210984806,-59.1722376802338,
-8.63308887711107));
#2187=CARTESIAN_POINT('',(-1.04755042003665,-74.618657938047,-16.7633980206985));
#2188=CARTESIAN_POINT('Origin',(-4.12364185089823,-74.618657938047,-12.4474205521544));
#2189=CARTESIAN_POINT('',(-5.08511408799923,-73.6218533483261,-17.6594807146318));
#2190=CARTESIAN_POINT('Ctrl Pts',(-5.08511408799923,-73.6218533483261,-17.6594807146318));
#2191=CARTESIAN_POINT('Ctrl Pts',(-4.68470791612218,-73.7650765365704,-17.7333439099562));
#2192=CARTESIAN_POINT('Ctrl Pts',(-4.27442675776776,-73.9029908123464,-17.7613181433211));
#2193=CARTESIAN_POINT('Ctrl Pts',(-3.39110780385288,-74.1735391287207,-17.7177126098241));
#2194=CARTESIAN_POINT('Ctrl Pts',(-2.9195134107282,-74.3021249881418,-17.63130923905));
#2195=CARTESIAN_POINT('Ctrl Pts',(-1.9620261778937,-74.5145036144463,-17.3150829189592));
#2196=CARTESIAN_POINT('Ctrl Pts',(-1.48416554805191,-74.5921252339677,-17.0745831609502));
#2197=CARTESIAN_POINT('Ctrl Pts',(-1.04755042003666,-74.618657938047,-16.7633980206985));
#2198=CARTESIAN_POINT('Ctrl Pts',(-7.94002060969344,-56.3610611002416,-8.76975102249071));
#2199=CARTESIAN_POINT('Ctrl Pts',(-7.94002060969344,-58.315783009637,-8.76975102249071));
#2200=CARTESIAN_POINT('Ctrl Pts',(-8.21382439717761,-59.9627939851968,-9.05290378434055));
#2201=CARTESIAN_POINT('Ctrl Pts',(-8.73628184816693,-62.8343755101818,-9.78963540710348));
#2202=CARTESIAN_POINT('Ctrl Pts',(-9.07992983296758,-64.3679557409151,-10.3989045832764));
#2203=CARTESIAN_POINT('Ctrl Pts',(-9.44882882120194,-67.1379857580506,-11.915767068656));
#2204=CARTESIAN_POINT('Ctrl Pts',(-9.48205130893561,-68.2610510888092,-12.7163175001432));
#2205=CARTESIAN_POINT('Ctrl Pts',(-9.16694790710873,-70.074329020185,-14.2231807999577));
#2206=CARTESIAN_POINT('Ctrl Pts',(-8.88292559417468,-70.7612231740456,-14.8896825868776));
#2207=CARTESIAN_POINT('Ctrl Pts',(-8.07384781033082,-71.8955951267246,-16.0471940819865));
#2208=CARTESIAN_POINT('Ctrl Pts',(-7.57094775928832,-72.3418461048896,-16.5330632123853));
#2209=CARTESIAN_POINT('Ctrl Pts',(-6.42467501993729,-73.0751437602711,-17.2678267355052));
#2210=CARTESIAN_POINT('Ctrl Pts',(-5.78273711054112,-73.3723172509861,-17.5307897273394));
#2211=CARTESIAN_POINT('Ctrl Pts',(-5.08511408799921,-73.6218533483261,-17.6594807146318));
#2212=CARTESIAN_POINT('Origin',(-4.12364185089823,-74.618657938047,-12.4474205521544));
#2213=CARTESIAN_POINT('Ctrl Pts',(-1.04464339641491,-74.6183537000211,-16.7613562701681));
#2214=CARTESIAN_POINT('Ctrl Pts',(-0.844943508610267,-74.6184460392965,
-16.6014527966835));
#2215=CARTESIAN_POINT('Ctrl Pts',(-0.645492788304484,-74.6185572509092,
-16.4361063869273));
#2216=CARTESIAN_POINT('Ctrl Pts',(-0.446639743612888,-74.6186476599957,
-16.265296132181));
#2217=CARTESIAN_POINT('',(-7.22364185089823,-74.618657938047,-12.4474205521544));
#2218=CARTESIAN_POINT('Origin',(-4.12364185089823,-74.618657938047,-12.4474205521544));
#2219=CARTESIAN_POINT('Origin',(-4.12364185089822,-55.768657938047,22.907918507173));
#2220=CARTESIAN_POINT('',(-1.04755042003667,-74.618657938047,27.223895975717));
#2221=CARTESIAN_POINT('',(-5.08511408799925,-73.6218533483261,28.1199786696504));
#2222=CARTESIAN_POINT('Ctrl Pts',(-1.04755042003668,-74.618657938047,27.223895975717));
#2223=CARTESIAN_POINT('Ctrl Pts',(-1.39957565198012,-74.5972656849887,27.4747920490447));
#2224=CARTESIAN_POINT('Ctrl Pts',(-1.77882520407237,-74.5425099601684,27.6800537994856));
#2225=CARTESIAN_POINT('Ctrl Pts',(-2.52026190283721,-74.3955121083743,27.9731979328161));
#2226=CARTESIAN_POINT('Ctrl Pts',(-2.87605838159432,-74.3093926954013,28.0718885599461));
#2227=CARTESIAN_POINT('Ctrl Pts',(-3.85488500120391,-74.0418971471204,28.2382354009239));
#2228=CARTESIAN_POINT('Ctrl Pts',(-4.480822238715,-73.8380053743769,28.2314527928915));
#2229=CARTESIAN_POINT('Ctrl Pts',(-5.08511408911786,-73.621853347926,28.119978669444));
#2230=CARTESIAN_POINT('',(-0.449658159410528,-74.618657938047,26.7278457099718));
#2231=CARTESIAN_POINT('Origin',(-4.12364185089822,-74.618657938047,22.907918507173));
#2232=CARTESIAN_POINT('',(-0.443849210972293,-59.1722376802722,19.09358683213));
#2233=CARTESIAN_POINT('Ctrl Pts',(-0.443849210984791,-59.1722376802338,
19.0935868321296));
#2234=CARTESIAN_POINT('Ctrl Pts',(-0.443849210984792,-59.9939428924906,
19.0935868321296));
#2235=CARTESIAN_POINT('Ctrl Pts',(-0.416222680634188,-60.8301636265556,
19.119792127483));
#2236=CARTESIAN_POINT('Ctrl Pts',(-0.321083658528317,-62.4117552695987,
19.2153857861113));
#2237=CARTESIAN_POINT('Ctrl Pts',(-0.254875467225697,-63.1825837916982,
19.2832312494555));
#2238=CARTESIAN_POINT('Ctrl Pts',(-0.0525350923090382,-65.0182566751997,
19.509698673148));
#2239=CARTESIAN_POINT('Ctrl Pts',(0.10454784315365,-66.0878101653873,19.6958796355602));
#2240=CARTESIAN_POINT('Ctrl Pts',(0.537305480885318,-68.5867359312689,20.3440881797877));
#2241=CARTESIAN_POINT('Ctrl Pts',(0.796137858928166,-69.7932770837842,20.8406250506279));
#2242=CARTESIAN_POINT('Ctrl Pts',(1.09871958124274,-71.5543162682299,21.8896560427979));
#2243=CARTESIAN_POINT('Ctrl Pts',(1.17650143943787,-72.1767502351433,22.3861251901813));
#2244=CARTESIAN_POINT('Ctrl Pts',(1.17620583301262,-73.234235449831,23.4640771350991));
#2245=CARTESIAN_POINT('Ctrl Pts',(1.08803205138583,-73.6427938233262,24.0357327119175));
#2246=CARTESIAN_POINT('Ctrl Pts',(0.771774075029624,-74.1535524223885,24.9797787625626));
#2247=CARTESIAN_POINT('Ctrl Pts',(0.591433660340172,-74.3150773731606,25.368907436289));
#2248=CARTESIAN_POINT('Ctrl Pts',(0.129269319513981,-74.5350349521389,26.0981216568481));
#2249=CARTESIAN_POINT('Ctrl Pts',(-0.13930981099405,-74.5962109715881,26.4293544795821));
#2250=CARTESIAN_POINT('Ctrl Pts',(-0.449658159410526,-74.618657938047,26.7278457099718));
#2251=CARTESIAN_POINT('',(-0.443849210984791,-55.768657938047,19.0935868321296));
#2252=CARTESIAN_POINT('',(-0.443849210984791,-55.768657938047,19.0935868321296));
#2253=CARTESIAN_POINT('',(-7.94002060969344,-55.768657938047,19.2302489775093));
#2254=CARTESIAN_POINT('Origin',(-4.12364185089822,-55.768657938047,22.907918507173));
#2255=CARTESIAN_POINT('',(-7.94002060969348,-56.3610611002416,19.2302489775093));
#2256=CARTESIAN_POINT('',(-7.94002060969344,-55.768657938047,19.2302489775093));
#2257=CARTESIAN_POINT('Ctrl Pts',(-5.08511408799921,-73.6218533483261,28.1199786696504));
#2258=CARTESIAN_POINT('Ctrl Pts',(-5.50410684802859,-73.4719818349542,28.0426867939321));
#2259=CARTESIAN_POINT('Ctrl Pts',(-5.90492265530624,-73.3040498112425,27.9164908927585));
#2260=CARTESIAN_POINT('Ctrl Pts',(-6.6706245372585,-72.9196617523261,27.5754203011827));
#2261=CARTESIAN_POINT('Ctrl Pts',(-7.02840123682821,-72.7039052008878,27.359538827818));
#2262=CARTESIAN_POINT('Ctrl Pts',(-7.95119512426182,-72.0194906055726,26.6514059989401));
#2263=CARTESIAN_POINT('Ctrl Pts',(-8.44074485058212,-71.4850963424191,26.0712497108092));
#2264=CARTESIAN_POINT('Ctrl Pts',(-9.20283786634761,-70.0343341862259,24.6521801834854));
#2265=CARTESIAN_POINT('Ctrl Pts',(-9.41012832150451,-69.0991271508485,23.8156321259598));
#2266=CARTESIAN_POINT('Ctrl Pts',(-9.44304727240094,-66.1461220443974,21.70512513156));
#2267=CARTESIAN_POINT('Ctrl Pts',(-8.99419192785531,-64.1227136192519,20.6777970209885));
#2268=CARTESIAN_POINT('Ctrl Pts',(-8.32626097828276,-60.6268707443034,19.6475349321796));
#2269=CARTESIAN_POINT('Ctrl Pts',(-7.94002060969343,-58.7105954496123,19.2302489775093));
#2270=CARTESIAN_POINT('Ctrl Pts',(-7.94002060969343,-56.3610611002416,19.2302489775093));
#2271=CARTESIAN_POINT('Origin',(-4.12364185089822,-74.618657938047,22.907918507173));
#2272=CARTESIAN_POINT('Ctrl Pts',(-0.453187588910396,-74.6183344537667,
26.7315266368662));
#2273=CARTESIAN_POINT('Ctrl Pts',(-0.651386311475699,-74.6183295354799,
26.9018911829342));
#2274=CARTESIAN_POINT('Ctrl Pts',(-0.849994155483635,-74.6183400041575,
27.0666422459894));
#2275=CARTESIAN_POINT('Ctrl Pts',(-1.04879755610594,-74.6183527798851,27.2258691353744));
#2276=CARTESIAN_POINT('',(-7.22364185089822,-74.618657938047,22.907918507173));
#2277=CARTESIAN_POINT('Origin',(-4.12364185089822,-74.618657938047,22.907918507173));
#2278=CARTESIAN_POINT('Origin',(-39.4789809102256,-55.768657938047,-12.4474205521544));
#2279=CARTESIAN_POINT('',(-43.158773550139,-55.768657938047,-8.63308887711106));
#2280=CARTESIAN_POINT('',(-43.1587735501391,-59.172237680234,-8.63308887711106));
#2281=CARTESIAN_POINT('',(-43.158773550139,-55.768657938047,-8.63308887711106));
#2282=CARTESIAN_POINT('',(-35.6626021514304,-55.768657938047,-8.76975102249072));
#2283=CARTESIAN_POINT('Origin',(-39.4789809102256,-55.768657938047,-12.4474205521544));
#2284=CARTESIAN_POINT('',(-35.6626021514303,-56.3610611002416,-8.76975102249076));
#2285=CARTESIAN_POINT('',(-35.6626021514304,-55.768657938047,-8.76975102249072));
#2286=CARTESIAN_POINT('',(-38.5175086731243,-73.621853348326,-17.6594807146318));
#2287=CARTESIAN_POINT('Ctrl Pts',(-38.5175086731241,-73.6218533483259,-17.6594807146317));
#2288=CARTESIAN_POINT('Ctrl Pts',(-38.0987308943399,-73.4720587326182,-17.582228496648));
#2289=CARTESIAN_POINT('Ctrl Pts',(-37.6981100481476,-73.3042215052928,-17.4561221458463));
#2290=CARTESIAN_POINT('Ctrl Pts',(-36.9324370811995,-72.9199175166596,-17.115173344423));
#2291=CARTESIAN_POINT('Ctrl Pts',(-36.5745378342954,-72.7041180714645,-16.8992578594402));
#2292=CARTESIAN_POINT('Ctrl Pts',(-35.6515524180683,-72.0196237036269,-16.191051839961));
#2293=CARTESIAN_POINT('Ctrl Pts',(-35.1619341406086,-71.4851916299048,-15.6108467008603));
#2294=CARTESIAN_POINT('Ctrl Pts',(-34.399787379073,-70.0343525968698,-14.191698212745));
#2295=CARTESIAN_POINT('Ctrl Pts',(-34.1924917617564,-69.099128991069,-13.3551331283885));
#2296=CARTESIAN_POINT('Ctrl Pts',(-34.1595794448044,-66.146099796811,-11.2446149496323));
#2297=CARTESIAN_POINT('Ctrl Pts',(-34.6084346235953,-64.1226951868108,-10.2172920795166));
#2298=CARTESIAN_POINT('Ctrl Pts',(-35.2763615246859,-60.6268712835498,-9.18703803387421));
#2299=CARTESIAN_POINT('Ctrl Pts',(-35.6626021514304,-58.7105975450867,-8.76975102249072));
#2300=CARTESIAN_POINT('Ctrl Pts',(-35.6626021514304,-56.3610611002416,-8.76975102249072));
#2301=CARTESIAN_POINT('',(-42.5550723410871,-74.618657938047,-16.7633980206985));
#2302=CARTESIAN_POINT('Ctrl Pts',(-42.5550723410871,-74.618657938047,-16.7633980206985));
#2303=CARTESIAN_POINT('Ctrl Pts',(-42.2024533937175,-74.5972296054424,-17.014717247981));
#2304=CARTESIAN_POINT('Ctrl Pts',(-41.8225212030381,-74.5423261535132,-17.2202457839752));
#2305=CARTESIAN_POINT('Ctrl Pts',(-41.0793080473479,-74.3948460903382,-17.5137443645899));
#2306=CARTESIAN_POINT('Ctrl Pts',(-40.7224117037305,-74.3083661136317,-17.6124656733888));
#2307=CARTESIAN_POINT('Ctrl Pts',(-39.7441948492335,-74.0407414228136,-17.7776998863452));
#2308=CARTESIAN_POINT('Ctrl Pts',(-39.1200861398491,-73.8373921486994,-17.7706385844372));
#2309=CARTESIAN_POINT('Ctrl Pts',(-38.5175086731242,-73.621853348326,-17.6594807146317));
#2310=CARTESIAN_POINT('',(-43.1529646017134,-74.618657938047,-16.2673477549531));
#2311=CARTESIAN_POINT('Origin',(-39.4789809102256,-74.618657938047,-12.4474205521544));
#2312=CARTESIAN_POINT('Ctrl Pts',(-43.158773550139,-59.1722376802338,-8.63308887711106));
#2313=CARTESIAN_POINT('Ctrl Pts',(-43.158773550139,-59.9984813067805,-8.63308887711106));
#2314=CARTESIAN_POINT('Ctrl Pts',(-43.1867088022161,-60.8394852115709,-8.6595823250413));
#2315=CARTESIAN_POINT('Ctrl Pts',(-43.2828082383028,-62.4288723999488,-8.75618397836581));
#2316=CARTESIAN_POINT('Ctrl Pts',(-43.3496223471165,-63.2030499636171,-8.82469329412331));
#2317=CARTESIAN_POINT('Ctrl Pts',(-43.5532128761408,-65.0415831158603,-9.05290021728023));
#2318=CARTESIAN_POINT('Ctrl Pts',(-43.7107491073611,-66.1105814285881,-9.23998650819823));
#2319=CARTESIAN_POINT('Ctrl Pts',(-44.1434835091629,-68.6042515890447,-9.88999555593804));
#2320=CARTESIAN_POINT('Ctrl Pts',(-44.401497984078,-69.8071240877445,-10.3867860795949));
#2321=CARTESIAN_POINT('Ctrl Pts',(-44.7025758953949,-71.563085407032,-11.4355940304862));
#2322=CARTESIAN_POINT('Ctrl Pts',(-44.7796834442724,-72.1838004517967,-11.9318084988632));
#2323=CARTESIAN_POINT('Ctrl Pts',(-44.7782257560765,-73.2385862544897,-13.0090919877405));
#2324=CARTESIAN_POINT('Ctrl Pts',(-44.6895031583266,-73.6461440229236,-13.5803890563319));
#2325=CARTESIAN_POINT('Ctrl Pts',(-44.3734550990104,-74.1540287726941,-14.5208887747235));
#2326=CARTESIAN_POINT('Ctrl Pts',(-44.194512257468,-74.3142677583932,-14.9068701791109));
#2327=CARTESIAN_POINT('Ctrl Pts',(-43.7341459981011,-74.5345183941513,-15.6348369526039));
#2328=CARTESIAN_POINT('Ctrl Pts',(-43.4646261577282,-74.5961159895234,-15.9675934891589));
#2329=CARTESIAN_POINT('Ctrl Pts',(-43.1529646017134,-74.618657938047,-16.2673477549531));
#2330=CARTESIAN_POINT('Origin',(-39.4789809102256,-74.618657938047,-12.4474205521544));
#2331=CARTESIAN_POINT('Ctrl Pts',(-43.1533842176207,-74.6184831312862,-16.2694668235584));
#2332=CARTESIAN_POINT('Ctrl Pts',(-42.9551305827705,-74.6185168188633,-16.4398921819586));
#2333=CARTESIAN_POINT('Ctrl Pts',(-42.7563164341261,-74.6185691467125,-16.6048141027129));
#2334=CARTESIAN_POINT('Ctrl Pts',(-42.5572108924068,-74.6186037735499,-16.7642397908841));
#2335=CARTESIAN_POINT('',(-42.5789809102256,-74.618657938047,-12.4474205521544));
#2336=CARTESIAN_POINT('Origin',(-39.4789809102256,-74.618657938047,-12.4474205521544));
#2337=CARTESIAN_POINT('Origin',(-39.4789809102256,-55.768657938047,22.907918507173));
#2338=CARTESIAN_POINT('',(-35.6626021514304,-55.768657938047,19.2302489775093));
#2339=CARTESIAN_POINT('',(-35.6626021514303,-56.3610611002416,19.2302489775093));
#2340=CARTESIAN_POINT('',(-35.6626021514304,-55.768657938047,19.2302489775093));
#2341=CARTESIAN_POINT('',(-43.158773550139,-55.768657938047,19.0935868321296));
#2342=CARTESIAN_POINT('Origin',(-39.4789809102256,-55.768657938047,22.907918507173));
#2343=CARTESIAN_POINT('',(-43.1587735501409,-59.1722376802395,19.0935868321297));
#2344=CARTESIAN_POINT('',(-43.158773550139,-55.768657938047,19.0935868321296));
#2345=CARTESIAN_POINT('',(-43.1529646017134,-74.618657938047,26.7278457099717));
#2346=CARTESIAN_POINT('Ctrl Pts',(-43.1529646017134,-74.618657938047,26.7278457099717));
#2347=CARTESIAN_POINT('Ctrl Pts',(-43.4243628194942,-74.5990281680721,26.466816487924));
#2348=CARTESIAN_POINT('Ctrl Pts',(-43.6642279326199,-74.5497384398442,26.1803679761358));
#2349=CARTESIAN_POINT('Ctrl Pts',(-44.0982889750923,-74.3735655252329,25.5381284174955));
#2350=CARTESIAN_POINT('Ctrl Pts',(-44.2791514474365,-74.2411423829948,25.1867594252948));
#2351=CARTESIAN_POINT('Ctrl Pts',(-44.6184641492767,-73.8147086221991,24.3160032463222));
#2352=CARTESIAN_POINT('Ctrl Pts',(-44.7333760727223,-73.4690065940696,23.7802583702488));
#2353=CARTESIAN_POINT('Ctrl Pts',(-44.8098077087228,-72.4442483235009,22.6073662248125));
#2354=CARTESIAN_POINT('Ctrl Pts',(-44.7301195457385,-71.7215790359588,21.9891227100541));
#2355=CARTESIAN_POINT('Ctrl Pts',(-44.3617343108164,-69.5780749336456,20.7126556353355));
#2356=CARTESIAN_POINT('Ctrl Pts',(-44.0253831222369,-68.0665805392995,20.1389635691029));
#2357=CARTESIAN_POINT('Ctrl Pts',(-43.5219691857333,-64.8421571720001,19.4635583156042));
#2358=CARTESIAN_POINT('Ctrl Pts',(-43.3609448072615,-63.4638440145076,19.2969586837502));
#2359=CARTESIAN_POINT('Ctrl Pts',(-43.1975036070304,-61.1388953444456,19.130090725809));
#2360=CARTESIAN_POINT('Ctrl Pts',(-43.158773550139,-60.1435820959313,19.0935868321296));
#2361=CARTESIAN_POINT('Ctrl Pts',(-43.158773550139,-59.1722376802338,19.0935868321296));
#2362=CARTESIAN_POINT('',(-42.5550723410871,-74.618657938047,27.2238959757171));
#2363=CARTESIAN_POINT('Origin',(-39.4789809102256,-74.618657938047,22.907918507173));
#2364=CARTESIAN_POINT('',(-38.5175086731246,-73.6218533483261,28.1199786696504));
#2365=CARTESIAN_POINT('Ctrl Pts',(-38.5175086731245,-73.6218533483261,28.1199786696504));
#2366=CARTESIAN_POINT('Ctrl Pts',(-38.9168916687386,-73.7647105517859,28.1936531189627));
#2367=CARTESIAN_POINT('Ctrl Pts',(-39.3261007639891,-73.9022863427129,28.2216731265693));
#2368=CARTESIAN_POINT('Ctrl Pts',(-40.2074139882738,-74.1723543092683,28.1786928978282));
#2369=CARTESIAN_POINT('Ctrl Pts',(-40.6780982182895,-74.3008082859637,28.0928749963911));
#2370=CARTESIAN_POINT('Ctrl Pts',(-41.6368919850657,-74.5139043085525,27.7774408508625));
#2371=CARTESIAN_POINT('Ctrl Pts',(-42.1167593630406,-74.5920220571661,27.5362912107782));
#2372=CARTESIAN_POINT('Ctrl Pts',(-42.5550723410871,-74.618657938047,27.2238959757171));
#2373=CARTESIAN_POINT('Ctrl Pts',(-35.6626021514304,-56.3610611002416,19.2302489775093));
#2374=CARTESIAN_POINT('Ctrl Pts',(-35.6626021514304,-58.3155738103567,19.2302489775093));
#2375=CARTESIAN_POINT('Ctrl Pts',(-35.3888535372694,-59.9624475601899,19.5133385190024));
#2376=CARTESIAN_POINT('Ctrl Pts',(-34.8664361381229,-62.8339057163089,20.2499809838419));
#2377=CARTESIAN_POINT('Ctrl Pts',(-34.5228115022887,-64.3673824389761,20.8591582465741));
#2378=CARTESIAN_POINT('Ctrl Pts',(-34.1538299144061,-67.1374286467231,22.3758969107559));
#2379=CARTESIAN_POINT('Ctrl Pts',(-34.1205485649852,-68.260593966576,23.1764689120689));
#2380=CARTESIAN_POINT('Ctrl Pts',(-34.4355782722083,-70.0740486880199,24.6834175794273));
#2381=CARTESIAN_POINT('Ctrl Pts',(-34.7195819685069,-70.7610075034952,25.3499670924146));
#2382=CARTESIAN_POINT('Ctrl Pts',(-35.5286626084859,-71.8954889583477,26.5075774265377));
#2383=CARTESIAN_POINT('Ctrl Pts',(-36.0315842291891,-72.3417800714628,26.9934926133742));
#2384=CARTESIAN_POINT('Ctrl Pts',(-37.1779048329726,-73.075123893754,27.7283070585786));
#2385=CARTESIAN_POINT('Ctrl Pts',(-37.8198620787185,-73.3723088194538,27.9912833340404));
#2386=CARTESIAN_POINT('Ctrl Pts',(-38.5175086731246,-73.6218533483261,28.1199786696504));
#2387=CARTESIAN_POINT('Origin',(-39.4789809102256,-74.618657938047,22.907918507173));
#2388=CARTESIAN_POINT('Ctrl Pts',(-42.5570882653001,-74.6183109864251,27.2224896486157));
#2389=CARTESIAN_POINT('Ctrl Pts',(-42.7571555080374,-74.6183898473499,27.0623601162313));
#2390=CARTESIAN_POINT('Ctrl Pts',(-42.9569620004671,-74.6184858087257,26.8967647568081));
#2391=CARTESIAN_POINT('Ctrl Pts',(-43.1561655439325,-74.6185679596943,26.7256817201346));
#2392=CARTESIAN_POINT('',(-42.5789809102256,-74.618657938047,22.907918507173));
#2393=CARTESIAN_POINT('Origin',(-39.4789809102256,-74.618657938047,22.907918507173));
#2394=CARTESIAN_POINT('Ctrl Pts',(-5.5583405690694,-75.668657938047,-21.758932173778));
#2395=CARTESIAN_POINT('Ctrl Pts',(-4.56976652665286,-75.668657938047,-21.1639760235354));
#2396=CARTESIAN_POINT('Ctrl Pts',(-1.70280822003927,-75.668657938047,-19.2139242655516));
#2397=CARTESIAN_POINT('Ctrl Pts',(2.50386555539248,-75.668657938047,-15.2165625584833));
#2398=CARTESIAN_POINT('Ctrl Pts',(6.48921368854325,-75.668657938047,-9.23722867207196));
#2399=CARTESIAN_POINT('Ctrl Pts',(8.16523775262878,-75.668657938047,-4.75294143633433));
#2400=CARTESIAN_POINT('Ctrl Pts',(8.73582532815924,-75.668657938047,-2.49848194243323));
#2401=CARTESIAN_POINT('Ctrl Pts',(-5.37595148988039,-74.8797866061748,-19.5956901657524));
#2402=CARTESIAN_POINT('Ctrl Pts',(-4.51915899726964,-74.8117572755573,-19.1129399685161));
#2403=CARTESIAN_POINT('Ctrl Pts',(-1.98339934487666,-74.6542861703341,-17.5392308230984));
#2404=CARTESIAN_POINT('Ctrl Pts',(1.92646160802026,-74.6062192552439,-14.1938213546883));
#2405=CARTESIAN_POINT('Ctrl Pts',(5.63815132118417,-74.6381806318823,-8.84730967979048));
#2406=CARTESIAN_POINT('Ctrl Pts',(7.04404313192027,-74.6139654918337,-4.75537755110063));
#2407=CARTESIAN_POINT('Ctrl Pts',(7.47395485169461,-74.6248582806909,-2.72752840864332));
#2408=CARTESIAN_POINT('Ctrl Pts',(-4.84047871597302,-72.5637536385657,-15.5567306162883));
#2409=CARTESIAN_POINT('Ctrl Pts',(-4.23201756018479,-72.4356187815232,-15.2986712660875));
#2410=CARTESIAN_POINT('Ctrl Pts',(-2.32726709209496,-72.1699099000359,-14.4502768642232));
#2411=CARTESIAN_POINT('Ctrl Pts',(0.97122052874577,-72.2379197242257,-12.3060196006489));
#2412=CARTESIAN_POINT('Ctrl Pts',(4.11784684044471,-72.4001234550278,-8.16119979217927));
#2413=CARTESIAN_POINT('Ctrl Pts',(5.03762581570837,-72.2621386026875,-4.84099371039073));
#2414=CARTESIAN_POINT('Ctrl Pts',(5.2176990961684,-72.2298629832414,-3.25307486346789));
#2415=CARTESIAN_POINT('Ctrl Pts',(-3.41860561108254,-66.413851818809,-10.3067687189737));
#2416=CARTESIAN_POINT('Ctrl Pts',(-3.13288634224141,-66.4178856843349,-10.3345632084861));
#2417=CARTESIAN_POINT('Ctrl Pts',(-2.10737123375156,-66.5894696001568,-10.3689497009497));
#2418=CARTESIAN_POINT('Ctrl Pts',(0.0895684462855953,-67.4527304786464,
-9.70416750420069));
#2419=CARTESIAN_POINT('Ctrl Pts',(2.19757054232401,-68.0211127542143,-7.33764741306584));
#2420=CARTESIAN_POINT('Ctrl Pts',(2.52438815246878,-67.508868086397,-5.27196844769399));
#2421=CARTESIAN_POINT('Ctrl Pts',(2.43970901829913,-67.2202220246464,-4.35236681136333));
#2422=CARTESIAN_POINT('Ctrl Pts',(-2.11946201983476,-60.7947810955075,-8.76975102249073));
#2423=CARTESIAN_POINT('Ctrl Pts',(-1.91695616337943,-61.0406184902676,-8.82848622893392));
#2424=CARTESIAN_POINT('Ctrl Pts',(-1.21391999007891,-61.9059488264065,-8.94028742527786));
#2425=CARTESIAN_POINT('Ctrl Pts',(0.218813469196246,-63.6791752043609,-8.586140686176));
#2426=CARTESIAN_POINT('Ctrl Pts',(1.55887040089109,-64.6379682697619,-7.11944709673155));
#2427=CARTESIAN_POINT('Ctrl Pts',(1.74053150119413,-63.7598971172111,-5.81776172723272));
#2428=CARTESIAN_POINT('Ctrl Pts',(1.6609992206771,-63.1836993641512,-5.23812227664609));
#2429=CARTESIAN_POINT('Ctrl Pts',(-1.33900077932291,-57.4191212094285,-8.76975102249073));
#2430=CARTESIAN_POINT('Ctrl Pts',(-1.11772518232874,-57.8113439405215,-8.76975102249073));
#2431=CARTESIAN_POINT('Ctrl Pts',(-0.454416066748695,-59.0948349195834,
-8.69575266045992));
#2432=CARTESIAN_POINT('Ctrl Pts',(0.570754083646748,-61.4149967398895,-8.21465744518219));
#2433=CARTESIAN_POINT('Ctrl Pts',(1.45595993629039,-62.6079453104695,-7.12711093386399));
#2434=CARTESIAN_POINT('Ctrl Pts',(1.66099922067709,-61.5101862990362,-6.21508397712108));
#2435=CARTESIAN_POINT('Ctrl Pts',(1.66099922067709,-60.7609861394718,-5.76975102249074));
#2436=CARTESIAN_POINT('',(1.6609992206771,-60.7609861394719,-5.76975102249075));
#2437=CARTESIAN_POINT('Ctrl Pts',(-0.443547376362134,-59.1709123350391,
-8.63289713709878));
#2438=CARTESIAN_POINT('Ctrl Pts',(-0.0994498254236495,-59.8935595127432,
-8.52532988834407));
#2439=CARTESIAN_POINT('Ctrl Pts',(0.625406401281244,-61.4886489915169,-8.14751268195978));
#2440=CARTESIAN_POINT('Ctrl Pts',(1.45595993629039,-62.6079453104695,-7.12711093386399));
#2441=CARTESIAN_POINT('Ctrl Pts',(1.66099922067709,-61.5101862990362,-6.21508397712108));
#2442=CARTESIAN_POINT('Ctrl Pts',(1.66099922067709,-60.7609861394718,-5.76975102249074));
#2443=CARTESIAN_POINT('',(8.73582532815924,-75.668657938047,-2.49848194243325));
#2444=CARTESIAN_POINT('Origin',(21.6609992206771,-60.7609861394719,-5.76975102249102));
#2445=CARTESIAN_POINT('',(-5.5583405690694,-75.668657938047,-21.758932173778));
#2446=CARTESIAN_POINT('Origin',(-21.8013113805619,-75.668657938047,5.23024897750928));
#2447=CARTESIAN_POINT('Origin',(-1.33900077932295,-57.4191212094285,-28.7697510224907));
#2448=CARTESIAN_POINT('Origin',(-42.2636219818009,-55.668657938047,-5.76975102249072));
#2449=CARTESIAN_POINT('',(-45.2636219818009,-60.7609861394719,-5.76975102249076));
#2450=CARTESIAN_POINT('Ctrl Pts',(-45.2636219818009,-60.7609861394719,-5.76975102249076));
#2451=CARTESIAN_POINT('Ctrl Pts',(-45.2636219818009,-61.5122128623339,-6.21628858901202));
#2452=CARTESIAN_POINT('Ctrl Pts',(-45.1103770863326,-62.3164057539317,-6.89567573445543));
#2453=CARTESIAN_POINT('Ctrl Pts',(-44.4939649315221,-61.9558909865246,-7.86646409164048));
#2454=CARTESIAN_POINT('Ctrl Pts',(-43.8363199594531,-60.6064388386948,-8.37940889390922));
#2455=CARTESIAN_POINT('Ctrl Pts',(-43.2921270817951,-59.4528683105322,-8.59211805053549));
#2456=CARTESIAN_POINT('Ctrl Pts',(-43.1580333391232,-59.172715316712,-8.63391556792691));
#2457=CARTESIAN_POINT('',(-45.2636219818009,-55.768657938047,-5.76975102249072));
#2458=CARTESIAN_POINT('',(-45.2636219818009,-55.668657938047,-5.76975102249072));
#2459=CARTESIAN_POINT('Origin',(-42.2636219818009,-55.768657938047,-5.76975102249072));
#2460=CARTESIAN_POINT('Ctrl Pts',(-52.338448089283,-75.668657938047,-2.49848194243328));
#2461=CARTESIAN_POINT('Ctrl Pts',(-51.7663170919794,-75.668657938047,-4.759039679652));
#2462=CARTESIAN_POINT('Ctrl Pts',(-50.5157436412709,-75.668657938047,-8.10352969113772));
#2463=CARTESIAN_POINT('Ctrl Pts',(-47.4989529600142,-75.668657938047,-13.2598042660451));
#2464=CARTESIAN_POINT('Ctrl Pts',(-43.7096363795782,-75.668657938047,-17.7582650917901));
#2465=CARTESIAN_POINT('Ctrl Pts',(-40.0402976777413,-75.668657938047,-20.5576648551602));
#2466=CARTESIAN_POINT('Ctrl Pts',(-38.0442821920539,-75.668657938047,-21.7589321737784));
#2467=CARTESIAN_POINT('Ctrl Pts',(-51.0765776128184,-74.6248582806909,-2.72752840864337));
#2468=CARTESIAN_POINT('Ctrl Pts',(-50.6455029951169,-74.6139360271762,-4.7608628204149));
#2469=CARTESIAN_POINT('Ctrl Pts',(-49.5954187258545,-74.6297193691366,-7.81071752794241));
#2470=CARTESIAN_POINT('Ctrl Pts',(-46.8375916106112,-74.6227697442616,-12.4525482274901));
#2471=CARTESIAN_POINT('Ctrl Pts',(-43.2796018800714,-74.6063614607984,-16.360314161586));
#2472=CARTESIAN_POINT('Ctrl Pts',(-39.9566085444201,-74.7424295731482,-18.6209762565682));
#2473=CARTESIAN_POINT('Ctrl Pts',(-38.226671271243,-74.8797866061748,-19.5956901657526));
#2474=CARTESIAN_POINT('Ctrl Pts',(-48.8203576774561,-72.2298504989284,-3.2530776029666));
#2475=CARTESIAN_POINT('Ctrl Pts',(-48.6397973043327,-72.2622134229284,-4.84529172133837));
#2476=CARTESIAN_POINT('Ctrl Pts',(-47.95091286581,-72.3589331702585,-7.31664058018474));
#2477=CARTESIAN_POINT('Ctrl Pts',(-45.7033065781257,-72.3161786976426,-10.9708848778414));
#2478=CARTESIAN_POINT('Ctrl Pts',(-42.6375610525335,-72.13763277382,-13.7820017650469));
#2479=CARTESIAN_POINT('Ctrl Pts',(-39.9906933701141,-72.3049767940403,-15.0358102430194));
#2480=CARTESIAN_POINT('Ctrl Pts',(-38.762158291018,-72.5636920221764,-15.5568541275707));
#2481=CARTESIAN_POINT('Ctrl Pts',(-46.0424082753446,-67.2202071510522,-4.35237007515461));
#2482=CARTESIAN_POINT('Ctrl Pts',(-46.1273164639574,-67.509633991487,-5.27445920551579));
#2483=CARTESIAN_POINT('Ctrl Pts',(-45.8802665075925,-67.8806468142677,-6.80859334905709));
#2484=CARTESIAN_POINT('Ctrl Pts',(-44.469822468097,-67.7150796083043,-8.95848658072832));
#2485=CARTESIAN_POINT('Ctrl Pts',(-42.3633085251817,-66.9022935278209,-10.2995007363859));
#2486=CARTESIAN_POINT('Ctrl Pts',(-40.7609264904321,-66.4219199126623,-10.3631711488436));
#2487=CARTESIAN_POINT('Ctrl Pts',(-40.1840348660353,-66.4137751933886,-10.3070516989054));
#2488=CARTESIAN_POINT('Ctrl Pts',(-45.2636219818009,-63.1836993641512,-5.23812227664611));
#2489=CARTESIAN_POINT('Ctrl Pts',(-45.3433693946809,-63.7614557143412,-5.81932963404813));
#2490=CARTESIAN_POINT('Ctrl Pts',(-45.2058835547813,-64.4031018125577,-6.78625821900831));
#2491=CARTESIAN_POINT('Ctrl Pts',(-44.3172838600581,-64.1155895064629,-8.12561905178365));
#2492=CARTESIAN_POINT('Ctrl Pts',(-42.9619929735461,-62.6511039502734,-8.93175939465368));
#2493=CARTESIAN_POINT('Ctrl Pts',(-41.8920373737759,-61.2911478074056,-8.88834242443474));
#2494=CARTESIAN_POINT('Ctrl Pts',(-41.4831607412889,-60.7947810955073,-8.76975102249069));
#2495=CARTESIAN_POINT('Ctrl Pts',(-45.2636219818009,-60.7609861394719,-5.76975102249076));
#2496=CARTESIAN_POINT('Ctrl Pts',(-45.2636219818009,-61.5122128623339,-6.21628858901202));
#2497=CARTESIAN_POINT('Ctrl Pts',(-45.1103770863326,-62.3164057539317,-6.89567573445543));
#2498=CARTESIAN_POINT('Ctrl Pts',(-44.4939649315221,-61.9558909865246,-7.86646409164048));
#2499=CARTESIAN_POINT('Ctrl Pts',(-43.5894322987951,-60.0998386241451,-8.57197440821765));
#2500=CARTESIAN_POINT('Ctrl Pts',(-42.7103963246973,-58.2110524270299,-8.76975102249074));
#2501=CARTESIAN_POINT('Ctrl Pts',(-42.2636219818008,-57.4191212094282,-8.76975102249072));
#2502=CARTESIAN_POINT('',(-38.0442821920539,-75.668657938047,-21.7589321737783));
#2503=CARTESIAN_POINT('Origin',(-42.2636219818,-57.4191212094283,-28.7697510224907));
#2504=CARTESIAN_POINT('',(-52.338448089283,-75.668657938047,-2.49848194243338));
#2505=CARTESIAN_POINT('Origin',(-21.8013113805619,-75.668657938047,5.23024897750928));
#2506=CARTESIAN_POINT('Origin',(-65.2636219818009,-60.7609861394719,-5.76975102249122));
#2507=CARTESIAN_POINT('Ctrl Pts',(-38.0442821920539,-75.668657938047,-21.7589321737783));
#2508=CARTESIAN_POINT('Ctrl Pts',(-36.9327027007625,-75.668657938047,-22.4279170210951));
#2509=CARTESIAN_POINT('Ctrl Pts',(-33.1868247889078,-75.668657938047,-24.4259053103973));
#2510=CARTESIAN_POINT('Ctrl Pts',(-26.4076443659876,-75.668657938047,-26.3157948526725));
#2511=CARTESIAN_POINT('Ctrl Pts',(-19.0477948685426,-75.668657938047,-26.3056325360841));
#2512=CARTESIAN_POINT('Ctrl Pts',(-14.6756793451367,-75.668657938047,-25.5359372872696));
#2513=CARTESIAN_POINT('Ctrl Pts',(-9.89947098336992,-75.668657938047,-24.0838468870244));
#2514=CARTESIAN_POINT('Ctrl Pts',(-7.22573266113319,-75.668657938047,-22.7624231997151));
#2515=CARTESIAN_POINT('Ctrl Pts',(-5.5583405690694,-75.668657938047,-21.758932173778));
#2516=CARTESIAN_POINT('Ctrl Pts',(-38.2266712712429,-74.8797866061748,-19.5956901657526));
#2517=CARTESIAN_POINT('Ctrl Pts',(-37.066231609726,-74.9234451074187,-20.1720997172805));
#2518=CARTESIAN_POINT('Ctrl Pts',(-33.2130773503676,-75.0940248315835,-21.9041040323841));
#2519=CARTESIAN_POINT('Ctrl Pts',(-26.4127547130894,-75.3311390690595,-23.5789906180293));
#2520=CARTESIAN_POINT('Ctrl Pts',(-19.0448473271874,-75.328928950432,-23.5700413376081));
#2521=CARTESIAN_POINT('Ctrl Pts',(-14.6615278845486,-75.2337472175787,-22.8878017144408));
#2522=CARTESIAN_POINT('Ctrl Pts',(-9.84837953443988,-75.0706457618692,-21.6104213346147));
#2523=CARTESIAN_POINT('Ctrl Pts',(-7.11663484189384,-74.9452752557007,-20.4603163445703));
#2524=CARTESIAN_POINT('Ctrl Pts',(-5.37595148988039,-74.8797866061748,-19.5956901657524));
#2525=CARTESIAN_POINT('Ctrl Pts',(-38.7619641521809,-72.5645317136946,-15.5526587014192));
#2526=CARTESIAN_POINT('Ctrl Pts',(-37.4817356433271,-72.6334043169217,-15.9335700961759));
#2527=CARTESIAN_POINT('Ctrl Pts',(-33.3420507741571,-72.9638249893043,-17.0897657974449));
#2528=CARTESIAN_POINT('Ctrl Pts',(-26.439491566227,-73.5066124050981,-18.2470964075198));
#2529=CARTESIAN_POINT('Ctrl Pts',(-19.0285616417956,-73.5012147663985,-18.2412006364802));
#2530=CARTESIAN_POINT('Ctrl Pts',(-14.5938814714065,-73.2839610086366,-17.7693709433829));
#2531=CARTESIAN_POINT('Ctrl Pts',(-9.65580028526585,-72.9256212849264,-16.8970425065472));
#2532=CARTESIAN_POINT('Ctrl Pts',(-6.76102769493329,-72.6678420346212,-16.1240336254531));
#2533=CARTESIAN_POINT('Ctrl Pts',(-4.84065860894234,-72.5645317136946,-15.552658701419));
#2534=CARTESIAN_POINT('Ctrl Pts',(-39.7779152355754,-68.170328465133,-11.8097910858358));
#2535=CARTESIAN_POINT('Ctrl Pts',(-38.3060734318425,-68.1329669295833,-11.9851818185576));
#2536=CARTESIAN_POINT('Ctrl Pts',(-33.6669127553667,-68.2449703001984,-12.5205876561207));
#2537=CARTESIAN_POINT('Ctrl Pts',(-26.5089046703304,-68.7407001917409,-13.0658555539992));
#2538=CARTESIAN_POINT('Ctrl Pts',(-18.985486260383,-68.7328375005036,-13.0632379875466));
#2539=CARTESIAN_POINT('Ctrl Pts',(-14.4246735621726,-68.5389213279685,-12.8407254340248));
#2540=CARTESIAN_POINT('Ctrl Pts',(-9.2250183415799,-68.2566373738004,-12.432264578803));
#2541=CARTESIAN_POINT('Ctrl Pts',(-6.03250049360804,-68.11428539362,-12.072880791118));
#2542=CARTESIAN_POINT('Ctrl Pts',(-3.82470752554777,-68.170328465133,-11.8097910858357));
#2543=CARTESIAN_POINT('Ctrl Pts',(-40.9631930295972,-63.0437513906379,-9.37774083514489));
#2544=CARTESIAN_POINT('Ctrl Pts',(-39.2800998331098,-62.828915982299,-9.41403484466503));
#2545=CARTESIAN_POINT('Ctrl Pts',(-34.0740777207765,-62.5041981666741,-9.52524418213296));
#2546=CARTESIAN_POINT('Ctrl Pts',(-26.5966418404919,-62.7154320740984,-9.6409172289111));
#2547=CARTESIAN_POINT('Ctrl Pts',(-18.930893302794,-62.7062690618131,-9.64031025970103));
#2548=CARTESIAN_POINT('Ctrl Pts',(-14.2128537701141,-62.6326688503431,-9.59316474529613));
#2549=CARTESIAN_POINT('Ctrl Pts',(-8.69941933214621,-62.6009646305438,-9.50699457637696));
#2550=CARTESIAN_POINT('Ctrl Pts',(-5.16410413224671,-62.7214938609101,-9.43218259566429));
#2551=CARTESIAN_POINT('Ctrl Pts',(-2.63942973152584,-63.043751390638,-9.37774083514488));
#2552=CARTESIAN_POINT('Ctrl Pts',(-41.7433144881255,-59.669561133481,-8.76975102249072));
#2553=CARTESIAN_POINT('Ctrl Pts',(-39.9255800748622,-59.3192595024117,-8.76941486895788));
#2554=CARTESIAN_POINT('Ctrl Pts',(-34.3520944397073,-58.6420687519183,-8.76962119543458));
#2555=CARTESIAN_POINT('Ctrl Pts',(-26.6567950633505,-58.584450121521,-8.76877631877849));
#2556=CARTESIAN_POINT('Ctrl Pts',(-18.8933808829727,-58.5745602433851,-8.76915439508334));
#2557=CARTESIAN_POINT('Ctrl Pts',(-14.0682465285851,-58.6137592450427,-8.76904712266298));
#2558=CARTESIAN_POINT('Ctrl Pts',(-8.34537969585782,-58.8038588219118,-8.77008345172902));
#2559=CARTESIAN_POINT('Ctrl Pts',(-4.58594726723311,-59.144101484344,-8.76924678527984));
#2560=CARTESIAN_POINT('Ctrl Pts',(-1.85930827299748,-59.6695611334811,-8.76975102249073));
#2561=CARTESIAN_POINT('Ctrl Pts',(-42.2636219818,-57.4191212094283,-8.76975102249072));
#2562=CARTESIAN_POINT('Ctrl Pts',(-40.3560917700221,-56.9780953224491,-8.76975102249072));
#2563=CARTESIAN_POINT('Ctrl Pts',(-34.5375999539243,-56.0655967765443,-8.76975102249072));
#2564=CARTESIAN_POINT('Ctrl Pts',(-26.6969478615599,-55.8272265984163,-8.76975102249072));
#2565=CARTESIAN_POINT('Ctrl Pts',(-18.8683680326056,-55.817167816296,-8.76975102249072));
#2566=CARTESIAN_POINT('Ctrl Pts',(-13.9717927057007,-55.9318148721184,-8.76975102249072));
#2567=CARTESIAN_POINT('Ctrl Pts',(-8.10911831056136,-56.2711725022525,-8.76975102249072));
#2568=CARTESIAN_POINT('Ctrl Pts',(-4.20033531761711,-56.7575733110499,-8.76975102249073));
#2569=CARTESIAN_POINT('Ctrl Pts',(-1.33900077932291,-57.4191212094285,-8.76975102249073));
#2570=CARTESIAN_POINT('Origin',(-21.8013113805619,-75.668657938047,5.23024897750928));
#2571=CARTESIAN_POINT('Ctrl Pts',(-35.6623491525421,-56.3635170870604,-8.76975102249072));
#2572=CARTESIAN_POINT('Ctrl Pts',(-32.0353292951733,-55.9898864169988,-8.76975102249072));
#2573=CARTESIAN_POINT('Ctrl Pts',(-26.4263017813859,-55.8268788508028,-8.76975102249072));
#2574=CARTESIAN_POINT('Ctrl Pts',(-18.8683680326056,-55.817167816296,-8.76975102249072));
#2575=CARTESIAN_POINT('Ctrl Pts',(-13.9717927057007,-55.9318148721184,-8.76975102249072));
#2576=CARTESIAN_POINT('Ctrl Pts',(-10.332359657431,-56.1424814196784,-8.76975102249072));
#2577=CARTESIAN_POINT('Ctrl Pts',(-8.64708942651698,-56.2883950313379,-8.76975102249072));
#2578=CARTESIAN_POINT('Ctrl Pts',(-7.93994947606175,-56.3603647357204,-8.76975102249072));
#2579=CARTESIAN_POINT('',(-24.5583552549646,-61.175240336363,-9.49646292592589));
#2580=CARTESIAN_POINT('',(-24.6023795750526,-61.6696133544911,-9.63970193143978));
#2581=CARTESIAN_POINT('Ctrl Pts',(-24.5583552549646,-61.175240336363,-9.49646292592589));
#2582=CARTESIAN_POINT('Ctrl Pts',(-24.5794667894545,-61.2927261395969,-9.52889748722653));
#2583=CARTESIAN_POINT('Ctrl Pts',(-24.5929590358226,-61.4109549261049,-9.56270703914147));
#2584=CARTESIAN_POINT('Ctrl Pts',(-24.5989319790967,-61.5292162390427,-9.59773560941537));
#2585=CARTESIAN_POINT('Ctrl Pts',(-24.601297856194,-61.576059431575,-9.61161039247592));
#2586=CARTESIAN_POINT('Ctrl Pts',(-24.6024839846607,-61.6229078655676,-9.62567587905837));
#2587=CARTESIAN_POINT('Ctrl Pts',(-24.6024964998245,-61.6697179345566,-9.63992017198707));
#2588=CARTESIAN_POINT('Ctrl Pts',(-24.6024964998245,-61.6697179345566,-9.63992017198707));
#2589=CARTESIAN_POINT('Ctrl Pts',(-24.6025157023469,-61.7395006666448,-9.66115503904851));
#2590=CARTESIAN_POINT('Ctrl Pts',(-24.5999270129151,-61.8091983342381,-9.68278765388883));
#2591=CARTESIAN_POINT('Ctrl Pts',(-24.5947492747432,-61.8786673070002,-9.70477321675741));
#2592=CARTESIAN_POINT('Ctrl Pts',(-24.5859805572046,-61.9963159365014,-9.7420066929045));
#2593=CARTESIAN_POINT('Ctrl Pts',(-24.5698142482447,-62.1129008800782,-9.78012633916693));
#2594=CARTESIAN_POINT('Ctrl Pts',(-24.546495677392,-62.227753791567,-9.81885453116524));
#2595=CARTESIAN_POINT('Ctrl Pts',(-24.5230105843398,-62.3434268888017,-9.85785928829917));
#2596=CARTESIAN_POINT('Ctrl Pts',(-24.4922708019813,-62.457343138571,-9.89748124378627));
#2597=CARTESIAN_POINT('Ctrl Pts',(-24.4545196756339,-62.5688320391733,-9.93738563288947));
#2598=CARTESIAN_POINT('Ctrl Pts',(-24.416057413478,-62.6824211088864,-9.97804171982922));
#2599=CARTESIAN_POINT('Ctrl Pts',(-24.3703172379458,-62.7934905278186,-10.0189908880702));
#2600=CARTESIAN_POINT('Ctrl Pts',(-24.3175477320248,-62.9013437645721,-10.059827250364));
#2601=CARTESIAN_POINT('Ctrl Pts',(-24.3092533214019,-62.9182963400611,-10.0662459869297));
#2602=CARTESIAN_POINT('Ctrl Pts',(-24.3007852247101,-62.935169480591,-10.0726618364411));
#2603=CARTESIAN_POINT('Ctrl Pts',(-24.2921443866245,-62.9519605083144,-10.0790731126118));
#2604=CARTESIAN_POINT('Ctrl Pts',(-24.2335034635452,-63.065912575856,-10.122583145903));
#2605=CARTESIAN_POINT('Ctrl Pts',(-24.1670736873627,-63.1757545866212,-10.1657619755237));
#2606=CARTESIAN_POINT('Ctrl Pts',(-24.0933276260412,-63.280672196938,-10.2080351556262));
#2607=CARTESIAN_POINT('Ctrl Pts',(-24.0111685519913,-63.3975588965215,-10.2551308956852));
#2608=CARTESIAN_POINT('Ctrl Pts',(-23.9199288245332,-63.5083335184136,-10.3011024088531));
#2609=CARTESIAN_POINT('Ctrl Pts',(-23.820244978184,-63.6118878360204,-10.3450891338528));
#2610=CARTESIAN_POINT('Ctrl Pts',(-23.7427597443607,-63.6923816252055,-10.3792804476569));
#2611=CARTESIAN_POINT('Ctrl Pts',(-23.660172088467,-63.7685133003906,-10.4122707949686));
#2612=CARTESIAN_POINT('Ctrl Pts',(-23.57277463457,-63.8397679681831,-10.4436364568196));
#2613=CARTESIAN_POINT('Ctrl Pts',(-23.5694690820051,-63.842462967172,-10.4448227710583));
#2614=CARTESIAN_POINT('Ctrl Pts',(-23.566157133579,-63.845150581381,-10.4460065800178));
#2615=CARTESIAN_POINT('Ctrl Pts',(-23.5628388141476,-63.8478307859458,-10.4471878610957));
#2616=CARTESIAN_POINT('Ctrl Pts',(-23.4398931085384,-63.9471339567884,-10.4909550265692));
#2617=CARTESIAN_POINT('Ctrl Pts',(-23.3082027887684,-64.0362656740833,-10.5312502912702));
#2618=CARTESIAN_POINT('Ctrl Pts',(-23.1690245554492,-64.1139622608581,-10.5669283386789));
#2619=CARTESIAN_POINT('Ctrl Pts',(-23.0475179416459,-64.1817936231189,-10.5980763035894));
#2620=CARTESIAN_POINT('Ctrl Pts',(-22.9203038304427,-64.2409099485815,-10.6257034383281));
#2621=CARTESIAN_POINT('Ctrl Pts',(-22.7882115726182,-64.2904636460456,-10.6490811615059));
#2622=CARTESIAN_POINT('Ctrl Pts',(-22.7690004033806,-64.2976706124795,-10.6524811593843));
#2623=CARTESIAN_POINT('Ctrl Pts',(-22.7496860425492,-64.3046752882625,-10.6557913613155));
#2624=CARTESIAN_POINT('Ctrl Pts',(-22.7302710329809,-64.3114750413505,-10.6590096246018));
#2625=CARTESIAN_POINT('Ctrl Pts',(-22.6190359562691,-64.3504330987088,-10.677448130247));
#2626=CARTESIAN_POINT('Ctrl Pts',(-22.5053220281019,-64.3823731390796,-10.692726325525));
#2627=CARTESIAN_POINT('Ctrl Pts',(-22.3897625613981,-64.4070589407983,-10.7045868064054));
#2628=CARTESIAN_POINT('Ctrl Pts',(-22.2785843681818,-64.4308088153128,-10.7159976139539));
#2629=CARTESIAN_POINT('Ctrl Pts',(-22.1656979321882,-64.4478441663672,-10.7242448008432));
#2630=CARTESIAN_POINT('Ctrl Pts',(-22.0516667790458,-64.4579421095107,-10.729146206272));
#2631=CARTESIAN_POINT('Ctrl Pts',(-22.0222027639478,-64.4605512732439,-10.7304126591629));
#2632=CARTESIAN_POINT('Ctrl Pts',(-21.9926623210342,-64.4626972033334,-10.7314559961001));
#2633=CARTESIAN_POINT('Ctrl Pts',(-21.9630551645705,-64.4643759024523,-10.7322736308555));
#2634=CARTESIAN_POINT('Ctrl Pts',(-21.8513397639644,-64.4707100650997,-10.7353587766497));
#2635=CARTESIAN_POINT('Ctrl Pts',(-21.7396309558663,-64.4703385031752,-10.7351999559209));
#2636=CARTESIAN_POINT('Ctrl Pts',(-21.628476332754,-64.4633541554877,-10.7318431011247));
#2637=CARTESIAN_POINT('Ctrl Pts',(-21.5158129909123,-64.456275008179,-10.728440683224));
#2638=CARTESIAN_POINT('Ctrl Pts',(-21.4037190098051,-64.4424023254605,-10.7217528822204));
#2639=CARTESIAN_POINT('Ctrl Pts',(-21.2927649955855,-64.4218185613384,-10.7118790705606));
#2640=CARTESIAN_POINT('Ctrl Pts',(-21.266134419103,-64.4168781586986,-10.709509212215));
#2641=CARTESIAN_POINT('Ctrl Pts',(-21.2395695134109,-64.4115510877507,-10.706956045358));
#2642=CARTESIAN_POINT('Ctrl Pts',(-21.213078168806,-64.4058383702962,-10.7042213709423));
#2643=CARTESIAN_POINT('Ctrl Pts',(-21.0914645562321,-64.3796130420762,-10.6916673220682));
#2644=CARTESIAN_POINT('Ctrl Pts',(-20.972476155787,-64.3454953762024,-10.6753958688552));
#2645=CARTESIAN_POINT('Ctrl Pts',(-20.8567544772216,-64.3039605817167,-10.6557978751664));
#2646=CARTESIAN_POINT('Ctrl Pts',(-20.7292765062381,-64.2582062218433,-10.6342088997751));
#2647=CARTESIAN_POINT('Ctrl Pts',(-20.6057626287689,-64.2034509695514,-10.6085836051164));
#2648=CARTESIAN_POINT('Ctrl Pts',(-20.4870734945232,-64.1403133787748,-10.5795057434674));
#2649=CARTESIAN_POINT('Ctrl Pts',(-20.4593031026193,-64.1255407068628,-10.5727022258678));
#2650=CARTESIAN_POINT('Ctrl Pts',(-20.4317968557538,-64.1103090883286,-10.5657099197877));
#2651=CARTESIAN_POINT('Ctrl Pts',(-20.4045658093557,-64.0946263507189,-10.5585366720736));
#2652=CARTESIAN_POINT('Ctrl Pts',(-20.2764979984683,-64.020870320744,-10.5248008354748));
#2653=CARTESIAN_POINT('Ctrl Pts',(-20.155409406493,-63.9376622283611,-10.4873027556446));
#2654=CARTESIAN_POINT('Ctrl Pts',(-20.0420717947722,-63.8461032112597,-10.4469801515041));
#2655=CARTESIAN_POINT('Ctrl Pts',(-19.9249145141518,-63.7514585006734,-10.4052986075143));
#2656=CARTESIAN_POINT('Ctrl Pts',(-19.8160391170574,-63.6478896398747,-10.3606019844228));
#2657=CARTESIAN_POINT('Ctrl Pts',(-19.7163116142291,-63.5366185480307,-10.3139063272198));
#2658=CARTESIAN_POINT('Ctrl Pts',(-19.6684586425484,-63.4832265322289,-10.2915000110245));
#2659=CARTESIAN_POINT('Ctrl Pts',(-19.6227121466374,-63.4280612810902,-10.2686328938061));
#2660=CARTESIAN_POINT('Ctrl Pts',(-19.5791692223691,-63.3712589691247,-10.2454130295364));
#2661=CARTESIAN_POINT('Ctrl Pts',(-19.5019704700592,-63.2705521910258,-10.2042457312772));
#2662=CARTESIAN_POINT('Ctrl Pts',(-19.4319303921474,-63.1650161544337,-10.1621021713327));
#2663=CARTESIAN_POINT('Ctrl Pts',(-19.3693936644776,-63.0554195093025,-10.1195338961442));
#2664=CARTESIAN_POINT('Ctrl Pts',(-19.3087426690976,-62.9491276410647,-10.0782492245921));
#2665=CARTESIAN_POINT('Ctrl Pts',(-19.2551493489818,-62.8390162816568,-10.0365653745645));
#2666=CARTESIAN_POINT('Ctrl Pts',(-19.2089378224123,-62.7257983809119,-9.99493918266994));
#2667=CARTESIAN_POINT('Ctrl Pts',(-19.1639147673884,-62.6154922267267,-9.95438353633608));
#2668=CARTESIAN_POINT('Ctrl Pts',(-19.1258987465556,-62.5022372369796,-9.91388275334741));
#2669=CARTESIAN_POINT('Ctrl Pts',(-19.0951983862705,-62.3867048331044,-9.87381152919228));
#2670=CARTESIAN_POINT('Ctrl Pts',(-19.0897887712813,-62.3663472275932,-9.86675070342966));
#2671=CARTESIAN_POINT('Ctrl Pts',(-19.0846063208229,-62.3459189424327,-9.85970308993314));
#2672=CARTESIAN_POINT('Ctrl Pts',(-19.0796527507276,-62.325423691856,-9.85267057621254));
#2673=CARTESIAN_POINT('Ctrl Pts',(-19.0522057362896,-62.211862476881,-9.81370443625483));
#2674=CARTESIAN_POINT('Ctrl Pts',(-19.0318816828339,-62.0966634194289,-9.77534969934985));
#2675=CARTESIAN_POINT('Ctrl Pts',(-19.0188155442563,-61.9804903115109,-9.73788082426323));
#2676=CARTESIAN_POINT('Ctrl Pts',(-19.0057538796258,-61.864356982165,-9.70042477880969));
#2677=CARTESIAN_POINT('Ctrl Pts',(-18.9999452691509,-61.7472502493489,-9.66385400695664));
#2678=CARTESIAN_POINT('Ctrl Pts',(-19.0015293886368,-61.6298461012385,-9.6283923966271));
#2679=CARTESIAN_POINT('Ctrl Pts',(-19.0031214630839,-61.511852385586,-9.5927527089913));
#2680=CARTESIAN_POINT('Ctrl Pts',(-19.0121808333821,-61.3935582441342,-9.55823333359541));
#2681=CARTESIAN_POINT('Ctrl Pts',(-19.0288523921123,-61.2756631948798,-9.52501066747041));
#2682=CARTESIAN_POINT('Ctrl Pts',(-19.0310348516147,-61.2602296547594,-9.52066151664695));
#2683=CARTESIAN_POINT('Ctrl Pts',(-19.0333477653822,-61.2448029726934,-9.51633451715285));
#2684=CARTESIAN_POINT('Ctrl Pts',(-19.0357914604409,-61.2293847349049,-9.51203000119917));
#2685=CARTESIAN_POINT('Ctrl Pts',(-19.055123811631,-61.1074092917763,-9.4779764830147));
#2686=CARTESIAN_POINT('Ctrl Pts',(-19.0825174833456,-60.9867336427964,-9.44554999358775));
#2687=CARTESIAN_POINT('Ctrl Pts',(-19.1178538261092,-60.8681503963103,-9.41483739033515));
#2688=CARTESIAN_POINT('Ctrl Pts',(-19.1544900145284,-60.7452050708508,-9.38299502546074));
#2689=CARTESIAN_POINT('Ctrl Pts',(-19.1996641851528,-60.6245089085532,-9.35299485702468));
#2690=CARTESIAN_POINT('Ctrl Pts',(-19.2532387143751,-60.5069607103911,-9.32487879433241));
#2691=CARTESIAN_POINT('Ctrl Pts',(-19.2925840385626,-60.4206328969417,-9.3042302582172));
#2692=CARTESIAN_POINT('Ctrl Pts',(-19.3364599783171,-60.3360032734704,-9.28459670098155));
#2693=CARTESIAN_POINT('Ctrl Pts',(-19.3848092547195,-60.2534327692445,-9.26597786322344));
#2694=CARTESIAN_POINT('Ctrl Pts',(-19.4666492821528,-60.1136670305646,-9.23446206182414));
#2695=CARTESIAN_POINT('Ctrl Pts',(-19.5604765555078,-59.9812363424959,-9.2061779700508));
#2696=CARTESIAN_POINT('Ctrl Pts',(-19.665265758395,-59.8576490551345,-9.1809143342949));
#2697=CARTESIAN_POINT('Ctrl Pts',(-19.7836872288918,-59.7179840142639,-9.15236409425225));
#2698=CARTESIAN_POINT('Ctrl Pts',(-19.91610925532,-59.5896137785998,-9.12766832546902));
#2699=CARTESIAN_POINT('Ctrl Pts',(-20.0610029986277,-59.4747284769352,-9.10648703564587));
#2700=CARTESIAN_POINT('Ctrl Pts',(-20.0769444335764,-59.4620886173991,-9.10415663720258));
#2701=CARTESIAN_POINT('Ctrl Pts',(-20.0930367836648,-59.4496119921777,-9.10186878157834));
#2702=CARTESIAN_POINT('Ctrl Pts',(-20.1092779745916,-59.4373015177325,-9.09962302432251));
#2703=CARTESIAN_POINT('Ctrl Pts',(-20.221087344811,-59.3525524127548,-9.08416253835379));
#2704=CARTESIAN_POINT('Ctrl Pts',(-20.3390405967305,-59.2763822409563,-9.07082178539358));
#2705=CARTESIAN_POINT('Ctrl Pts',(-20.4621059919053,-59.2094131564133,-9.05939220175959));
#2706=CARTESIAN_POINT('Ctrl Pts',(-20.577315933347,-59.14671881169,-9.0486921860541));
#2707=CARTESIAN_POINT('Ctrl Pts',(-20.6970059658267,-59.0920885157974,-9.03966684759778));
#2708=CARTESIAN_POINT('Ctrl Pts',(-20.8203188605136,-59.0460206413352,-9.03218818665968));
#2709=CARTESIAN_POINT('Ctrl Pts',(-20.8652374735657,-59.0292397115521,-9.02946396971806));
#2710=CARTESIAN_POINT('Ctrl Pts',(-20.9106367108962,-59.0135947933876,-9.02694543543957));
#2711=CARTESIAN_POINT('Ctrl Pts',(-20.9564748436628,-58.9991094967546,-9.02462807083831));
#2712=CARTESIAN_POINT('Ctrl Pts',(-21.0721599198256,-58.9625518853713,-9.01877956689164));
#2713=CARTESIAN_POINT('Ctrl Pts',(-21.1899977951437,-58.9335867565335,-9.01424163865546));
#2714=CARTESIAN_POINT('Ctrl Pts',(-21.3092196276505,-58.9123597032805,-9.01093498610031));
#2715=CARTESIAN_POINT('Ctrl Pts',(-21.4267411706591,-58.8914353809532,-9.00767549157398));
#2716=CARTESIAN_POINT('Ctrl Pts',(-21.5456073942325,-58.878030011706,-9.0056123388014));
#2717=CARTESIAN_POINT('Ctrl Pts',(-21.6650792639627,-58.872269031578,-9.0047183135868));
#2718=CARTESIAN_POINT('Ctrl Pts',(-21.6958208474997,-58.870786660437,-9.00448826988797));
#2719=CARTESIAN_POINT('Ctrl Pts',(-21.7266025205022,-58.86981034762,-9.00433589081015));
#2720=CARTESIAN_POINT('Ctrl Pts',(-21.7574116737429,-58.8693420751505,-9.00426125318572));
#2721=CARTESIAN_POINT('Ctrl Pts',(-21.8767009258136,-58.8675289817423,-9.00397226548374));
#2722=CARTESIAN_POINT('Ctrl Pts',(-21.9958294917133,-58.8733420126848,-9.00484620409099));
#2723=CARTESIAN_POINT('Ctrl Pts',(-22.1140615709353,-58.8866841218211,-9.00688837681341));
#2724=CARTESIAN_POINT('Ctrl Pts',(-22.2336592998084,-58.9001803401197,-9.00895413782494));
#2725=CARTESIAN_POINT('Ctrl Pts',(-22.3523396320996,-58.9213805431226,-9.01221532384899));
#2726=CARTESIAN_POINT('Ctrl Pts',(-22.4693427262626,-58.9501698910769,-9.01672868961962));
#2727=CARTESIAN_POINT('Ctrl Pts',(-22.4980165686221,-58.9572252705161,-9.01783477608292));
#2728=CARTESIAN_POINT('Ctrl Pts',(-22.5265896894278,-58.9647363795909,-9.0190163036411));
#2729=CARTESIAN_POINT('Ctrl Pts',(-22.5550509295883,-58.972701401681,-9.02027456421337));
#2730=CARTESIAN_POINT('Ctrl Pts',(-22.6795109901152,-59.0075321794627,-9.02577689601969));
#2731=CARTESIAN_POINT('Ctrl Pts',(-22.8011131196914,-59.050841318012,-9.03271050058076));
#2732=CARTESIAN_POINT('Ctrl Pts',(-22.9190280671608,-59.102199021686,-9.0411714012873));
#2733=CARTESIAN_POINT('Ctrl Pts',(-23.0435078281466,-59.1564160214414,-9.0501033553803));
#2734=CARTESIAN_POINT('Ctrl Pts',(-23.1638781931697,-59.2196026114683,-9.06073766369612));
#2735=CARTESIAN_POINT('Ctrl Pts',(-23.2791736108047,-59.2912387193365,-9.0732429197426));
#2736=CARTESIAN_POINT('Ctrl Pts',(-23.3191775196714,-59.3160942113371,-9.07758185301072));
#2737=CARTESIAN_POINT('Ctrl Pts',(-23.3585705703809,-59.3419668051664,-9.08214647428515));
#2738=CARTESIAN_POINT('Ctrl Pts',(-23.3973127718741,-59.3688344460329,-9.08694516902359));
#2739=CARTESIAN_POINT('Ctrl Pts',(-23.5483874419612,-59.4736044338881,-9.10565761169638));
#2740=CARTESIAN_POINT('Ctrl Pts',(-23.6879867106666,-59.5923939024438,-9.12772887991791));
#2741=CARTESIAN_POINT('Ctrl Pts',(-23.8144957423873,-59.7231437380577,-9.1535075638083));
#2742=CARTESIAN_POINT('Ctrl Pts',(-23.9333511849131,-59.8459834227878,-9.17772667954932));
#2743=CARTESIAN_POINT('Ctrl Pts',(-24.0406527105,-59.9793792053086,-9.20522162902754));
#2744=CARTESIAN_POINT('Ctrl Pts',(-24.1351027391223,-60.1216299766984,-9.23627663529019));
#2745=CARTESIAN_POINT('Ctrl Pts',(-24.1411847636652,-60.1307900870283,-9.23827639445411));
#2746=CARTESIAN_POINT('Ctrl Pts',(-24.1472135121619,-60.1399869201863,-9.24029090443627));
#2747=CARTESIAN_POINT('Ctrl Pts',(-24.1531886438893,-60.1492200240813,-9.24232023573938));
#2748=CARTESIAN_POINT('Ctrl Pts',(-24.2259577630867,-60.2616668902845,-9.26703477898689));
#2749=CARTESIAN_POINT('Ctrl Pts',(-24.2901458342163,-60.3785048119873,-9.29373436773637));
#2750=CARTESIAN_POINT('Ctrl Pts',(-24.3455596249318,-60.4987584007007,-9.32243338960463));
#2751=CARTESIAN_POINT('Ctrl Pts',(-24.3985191732295,-60.6136860325627,-9.34986134959624));
#2752=CARTESIAN_POINT('Ctrl Pts',(-24.4434646729034,-60.7317334679762,-9.37911577398642));
#2753=CARTESIAN_POINT('Ctrl Pts',(-24.4802357994004,-60.8520618380774,-9.41016491717791));
#2754=CARTESIAN_POINT('Ctrl Pts',(-24.5126711879769,-60.9582021120593,-9.43755300996499));
#2755=CARTESIAN_POINT('Ctrl Pts',(-24.5387464601519,-61.066117287533,-9.4663370884275));
#2756=CARTESIAN_POINT('Ctrl Pts',(-24.5583552549646,-61.175240336363,-9.49646292592589));
#2757=CARTESIAN_POINT('Origin',(1.66099922067709,-55.668657938047,19.2302489775093));
#2758=CARTESIAN_POINT('',(-10.0701560799424,-55.768657938047,19.2302489775093));
#2759=CARTESIAN_POINT('Ctrl Pts',(-7.94002380900066,-56.361092468354,19.2302489775093));
#2760=CARTESIAN_POINT('Ctrl Pts',(-9.62474983439068,-56.1892631300912,19.2302489775093));
#2761=CARTESIAN_POINT('Ctrl Pts',(-13.2631857321812,-55.949308089511,19.2302489775093));
#2762=CARTESIAN_POINT('Ctrl Pts',(-18.8733625706628,-55.8172891878733,19.2302489775093));
#2763=CARTESIAN_POINT('Ctrl Pts',(-26.4267235266677,-55.8272407786025,19.2302489775093));
#2764=CARTESIAN_POINT('Ctrl Pts',(-32.0341588902576,-55.9898018288587,19.2302489775093));
#2765=CARTESIAN_POINT('Ctrl Pts',(-35.6623424678081,-56.3635817825955,19.2302489775093));
#2766=CARTESIAN_POINT('Ctrl Pts',(-5.55834056906938,-75.668657938047,32.2194301287966));
#2767=CARTESIAN_POINT('Ctrl Pts',(-6.67382514875987,-75.668657938047,32.8907651858707));
#2768=CARTESIAN_POINT('Ctrl Pts',(-9.19641230068638,-75.668657938047,34.2193260672617));
#2769=CARTESIAN_POINT('Ctrl Pts',(-13.8010778072148,-75.668657938047,35.8423303626218));
#2770=CARTESIAN_POINT('Ctrl Pts',(-19.0528690120244,-75.668657938047,36.7667076398442));
#2771=CARTESIAN_POINT('Ctrl Pts',(-26.406035597486,-75.668657938047,36.775259166677));
#2772=CARTESIAN_POINT('Ctrl Pts',(-33.1851400735029,-75.668657938047,34.8875286510369));
#2773=CARTESIAN_POINT('Ctrl Pts',(-36.9332036005856,-75.668657938047,32.8881135182384));
#2774=CARTESIAN_POINT('Ctrl Pts',(-38.0442821920545,-75.668657938047,32.2194301287966));
#2775=CARTESIAN_POINT('Ctrl Pts',(-5.37595148988038,-74.8797866061748,30.0561881207709));
#2776=CARTESIAN_POINT('Ctrl Pts',(-6.54046789039395,-74.92359848404,30.6346226559104));
#2777=CARTESIAN_POINT('Ctrl Pts',(-9.13516191273858,-75.036254655812,31.7864435116523));
#2778=CARTESIAN_POINT('Ctrl Pts',(-13.7849036584635,-75.2146247247513,33.2114829734359));
#2779=CARTESIAN_POINT('Ctrl Pts',(-19.0499464739286,-75.3290398592596,34.031062134702));
#2780=CARTESIAN_POINT('Ctrl Pts',(-26.4112038705212,-75.3310028195568,34.0385149269275));
#2781=CARTESIAN_POINT('Ctrl Pts',(-33.2113540864568,-75.0941658659817,32.3656115068427));
#2782=CARTESIAN_POINT('Ctrl Pts',(-37.0667545269135,-74.9234254340299,30.632337930693));
#2783=CARTESIAN_POINT('Ctrl Pts',(-38.2266712712435,-74.8797866061748,30.0561881207709));
#2784=CARTESIAN_POINT('Ctrl Pts',(-4.84065542790393,-72.564517955031,26.0131713807353));
#2785=CARTESIAN_POINT('Ctrl Pts',(-6.12538150579108,-72.6336325145068,26.395420954795));
#2786=CARTESIAN_POINT('Ctrl Pts',(-8.91083903652435,-72.8512250088668,27.1646091288561));
#2787=CARTESIAN_POINT('Ctrl Pts',(-13.7076542035362,-73.2402713918624,28.1350440016985));
#2788=CARTESIAN_POINT('Ctrl Pts',(-19.0336833442859,-73.5014000248319,28.7020652582848));
#2789=CARTESIAN_POINT('Ctrl Pts',(-26.4381272697853,-73.5062445834363,28.7068691508112));
#2790=CARTESIAN_POINT('Ctrl Pts',(-33.3401981637941,-72.9640876766663,27.550979839636));
#2791=CARTESIAN_POINT('Ctrl Pts',(-37.4823157207899,-72.6333595228936,26.3939111292432));
#2792=CARTESIAN_POINT('Ctrl Pts',(-38.7619673332199,-72.564517955031,26.0131713807353));
#2793=CARTESIAN_POINT('Ctrl Pts',(-3.82470564873901,-68.1703203475384,22.2703021598852));
#2794=CARTESIAN_POINT('Ctrl Pts',(-5.30171817791078,-68.132827557229,22.4463090575516));
#2795=CARTESIAN_POINT('Ctrl Pts',(-8.41697371560606,-68.2028093403918,22.8026407766055));
#2796=CARTESIAN_POINT('Ctrl Pts',(-13.5145080987729,-68.5000321902076,23.2564633679221));
#2797=CARTESIAN_POINT('Ctrl Pts',(-18.9905870741571,-68.7330810786964,23.5239018051376));
#2798=CARTESIAN_POINT('Ctrl Pts',(-26.5079011772524,-68.7404132649169,23.5259991259969));
#2799=CARTESIAN_POINT('Ctrl Pts',(-33.6647905911493,-68.2451796058524,22.9814242739366));
#2800=CARTESIAN_POINT('Ctrl Pts',(-38.3067385498371,-68.1329756478397,22.4456138580552));
#2801=CARTESIAN_POINT('Ctrl Pts',(-39.7779171123848,-68.1703203475384,22.2703021598852));
#2802=CARTESIAN_POINT('Ctrl Pts',(-2.63942757239122,-63.0437420519242,19.8382566348129));
#2803=CARTESIAN_POINT('Ctrl Pts',(-4.32843364129815,-62.8281519056044,19.8746781487685));
#2804=CARTESIAN_POINT('Ctrl Pts',(-7.81692350053442,-62.6051513589211,19.948669147892));
#2805=CARTESIAN_POINT('Ctrl Pts',(-13.2727097360925,-62.618215152598,20.0441844640142));
#2806=CARTESIAN_POINT('Ctrl Pts',(-18.9359483761854,-62.7064475290434,20.1008788561856));
#2807=CARTESIAN_POINT('Ctrl Pts',(-26.5960512979492,-62.7153891753929,20.1013638120198));
#2808=CARTESIAN_POINT('Ctrl Pts',(-34.0716380429441,-62.5041732016531,19.9858409318485));
#2809=CARTESIAN_POINT('Ctrl Pts',(-39.2808604275091,-62.8290034526925,19.8745342895306));
#2810=CARTESIAN_POINT('Ctrl Pts',(-40.9631951887326,-63.0437420519242,19.8382566348129));
#2811=CARTESIAN_POINT('Ctrl Pts',(-1.85930827299748,-59.6695611334811,19.2302489775093));
#2812=CARTESIAN_POINT('Ctrl Pts',(-3.68342856655582,-59.3180288582282,19.2299116430359));
#2813=CARTESIAN_POINT('Ctrl Pts',(-7.41353512940971,-58.858737837091,19.230297208375));
#2814=CARTESIAN_POINT('Ctrl Pts',(-13.1076524314337,-58.6221862208079,19.2295463896806));
#2815=CARTESIAN_POINT('Ctrl Pts',(-18.8984005252584,-58.5747423496444,19.2295907858146));
#2816=CARTESIAN_POINT('Ctrl Pts',(-26.6564755992689,-58.5846725071847,19.2292513160031));
#2817=CARTESIAN_POINT('Ctrl Pts',(-34.3494425425979,-58.6418838624186,19.2300862861623));
#2818=CARTESIAN_POINT('Ctrl Pts',(-39.9263991821369,-59.3194173552929,19.2299129754539));
#2819=CARTESIAN_POINT('Ctrl Pts',(-41.7433144881264,-59.6695611334811,19.2302489775093));
#2820=CARTESIAN_POINT('Ctrl Pts',(-1.33900077932291,-57.4191212094285,19.2302489775093));
#2821=CARTESIAN_POINT('Ctrl Pts',(-3.25323233289348,-56.9765459550056,19.2302489775093));
#2822=CARTESIAN_POINT('Ctrl Pts',(-7.14439585249087,-56.3597062077275,19.2302489775093));
#2823=CARTESIAN_POINT('Ctrl Pts',(-12.9975430168128,-55.9555592043191,19.2302489775093));
#2824=CARTESIAN_POINT('Ctrl Pts',(-18.8733625706628,-55.8172891878733,19.2302489775093));
#2825=CARTESIAN_POINT('Ctrl Pts',(-26.6968069411497,-55.827596614848,19.2302489775093));
#2826=CARTESIAN_POINT('Ctrl Pts',(-34.5348078736349,-56.0652684610328,19.2302489775093));
#2827=CARTESIAN_POINT('Ctrl Pts',(-40.3569513410695,-56.9782940574842,19.2302489775093));
#2828=CARTESIAN_POINT('Ctrl Pts',(-42.2636219818009,-57.4191212094285,19.2302489775093));
#2829=CARTESIAN_POINT('',(-38.0442821920545,-75.668657938047,32.2194301287966));
#2830=CARTESIAN_POINT('Origin',(-42.2636219818009,-57.4191212094285,39.2302489775093));
#2831=CARTESIAN_POINT('',(-5.55834056906942,-75.668657938047,32.2194301287966));
#2832=CARTESIAN_POINT('Origin',(-21.8013113805619,-75.668657938047,5.23024897750928));
#2833=CARTESIAN_POINT('Origin',(-1.33900077932294,-57.4191212094285,39.2302489775093));
#2834=CARTESIAN_POINT('',(-21.8013113805619,-58.4354964305851,19.4012792806223));
#2835=CARTESIAN_POINT('',(-19.0013113805619,-60.052077184316,19.6786867790729));
#2836=CARTESIAN_POINT('Ctrl Pts',(-21.8013113805619,-58.4354964305851,19.4012792806223));
#2837=CARTESIAN_POINT('Ctrl Pts',(-20.8665511638831,-58.9751804933124,19.4723147922732));
#2838=CARTESIAN_POINT('Ctrl Pts',(-19.933483301251,-59.5138874749752,19.5649786637447));
#2839=CARTESIAN_POINT('Ctrl Pts',(-19.0013113805619,-60.052077184316,19.6786867790729));
#2840=CARTESIAN_POINT('',(-19.0013113805619,-63.2852386917779,20.6673683248743));
#2841=CARTESIAN_POINT('Ctrl Pts',(-19.0007902975615,-60.0512862939401,19.6808410754301));
#2842=CARTESIAN_POINT('Ctrl Pts',(-19.0007726462606,-60.461984784971,19.7694390710082));
#2843=CARTESIAN_POINT('Ctrl Pts',(-19.000755251,-60.8696425061149,19.8708162616973));
#2844=CARTESIAN_POINT('Ctrl Pts',(-19.0007383847894,-61.2736694653424,19.9847931081528));
#2845=CARTESIAN_POINT('Ctrl Pts',(-19.0007215495187,-61.6769552672329,20.0985608725803));
#2846=CARTESIAN_POINT('Ctrl Pts',(-19.0007052467789,-62.0766241363607,20.2248822551792));
#2847=CARTESIAN_POINT('Ctrl Pts',(-19.0006893271303,-62.4720770349419,20.3636289301047));
#2848=CARTESIAN_POINT('Ctrl Pts',(-19.000678342345,-62.7449451945554,20.4593661215003));
#2849=CARTESIAN_POINT('Ctrl Pts',(-19.0006675312455,-63.0158057948928,20.5610202825172));
#2850=CARTESIAN_POINT('Ctrl Pts',(-19.000656707003,-63.2844566459104,20.6685627052248));
#2851=CARTESIAN_POINT('',(-21.8013113805619,-64.9018194455089,21.4083286337192));
#2852=CARTESIAN_POINT('Ctrl Pts',(-19.0013113805619,-63.2852386917779,20.6673683248743));
#2853=CARTESIAN_POINT('Ctrl Pts',(-19.9390916404412,-63.82666637726,20.8886900927321));
#2854=CARTESIAN_POINT('Ctrl Pts',(-20.8733588197501,-64.366065784729,21.1354815500764));
#2855=CARTESIAN_POINT('Ctrl Pts',(-21.8013113805619,-64.9018194455089,21.4083286337192));
#2856=CARTESIAN_POINT('',(-24.6013113805619,-63.2852386917779,20.6673683248743));
#2857=CARTESIAN_POINT('Ctrl Pts',(-21.8013113805619,-64.9018194455089,21.4083286337192));
#2858=CARTESIAN_POINT('Ctrl Pts',(-22.7292639337039,-64.3660657891572,21.1354815523315));
#2859=CARTESIAN_POINT('Ctrl Pts',(-23.6635310833847,-63.826666398794,20.8886901015346));
#2860=CARTESIAN_POINT('Ctrl Pts',(-24.6013113805619,-63.2852386917779,20.6673683248743));
#2861=CARTESIAN_POINT('',(-24.6013113805619,-60.052077184316,19.6786867790729));
#2862=CARTESIAN_POINT('Ctrl Pts',(-24.6019579583811,-63.2864874723001,20.6687711766519));
#2863=CARTESIAN_POINT('Ctrl Pts',(-24.601862903357,-62.8975455576611,20.5130418485401));
#2864=CARTESIAN_POINT('Ctrl Pts',(-24.6017656778883,-62.50397236696,20.3696540602944));
#2865=CARTESIAN_POINT('Ctrl Pts',(-24.6016661121639,-62.1063778901154,20.2387032402198));
#2866=CARTESIAN_POINT('Ctrl Pts',(-24.6015662378262,-61.7075510316878,20.1073465257267));
#2867=CARTESIAN_POINT('Ctrl Pts',(-24.6014640137823,-61.3046774011659,19.9885038464584));
#2868=CARTESIAN_POINT('Ctrl Pts',(-24.6013597533451,-60.8983548553592,19.8823207145503));
#2869=CARTESIAN_POINT('Ctrl Pts',(-24.6012878893073,-60.6182871749773,19.809131412711));
#2870=CARTESIAN_POINT('Ctrl Pts',(-24.6012150678856,-60.3365805455207,19.7419576718728));
#2871=CARTESIAN_POINT('Ctrl Pts',(-24.6011415059039,-60.053427800021,19.680861261178));
#2872=CARTESIAN_POINT('Ctrl Pts',(-24.6013113805619,-60.052077184316,19.6786867790729));
#2873=CARTESIAN_POINT('Ctrl Pts',(-23.6691394232263,-59.5138874538173,19.5649786592745));
#2874=CARTESIAN_POINT('Ctrl Pts',(-22.7360715894255,-58.9751804888002,19.4723147916793));
#2875=CARTESIAN_POINT('Ctrl Pts',(-21.8013113805619,-58.4354964305851,19.4012792806223));
#2876=CARTESIAN_POINT('Ctrl Pts',(-38.0442821920543,-75.668657938047,32.2194301287967));
#2877=CARTESIAN_POINT('Ctrl Pts',(-39.0335734058903,-75.668657938047,31.6240423613676));
#2878=CARTESIAN_POINT('Ctrl Pts',(-41.9111848655957,-75.668657938047,29.6643690067061));
#2879=CARTESIAN_POINT('Ctrl Pts',(-46.1038604430773,-75.668657938047,25.6785664240728));
#2880=CARTESIAN_POINT('Ctrl Pts',(-50.0947047999795,-75.668657938047,19.6945745933959));
#2881=CARTESIAN_POINT('Ctrl Pts',(-51.7697685412836,-75.668657938047,15.2059005472448));
#2882=CARTESIAN_POINT('Ctrl Pts',(-52.3384480892831,-75.668657938047,12.9589798974515));
#2883=CARTESIAN_POINT('Ctrl Pts',(-38.2266712712433,-74.8797866061748,30.056188120771));
#2884=CARTESIAN_POINT('Ctrl Pts',(-39.0840853329645,-74.8117079229651,29.5730877073351));
#2885=CARTESIAN_POINT('Ctrl Pts',(-41.6295764435753,-74.65393144746,27.9914096358396));
#2886=CARTESIAN_POINT('Ctrl Pts',(-45.5266193425009,-74.6062463316785,24.6556133529362));
#2887=CARTESIAN_POINT('Ctrl Pts',(-49.2433221760129,-74.6380579590108,19.3051661513335));
#2888=CARTESIAN_POINT('Ctrl Pts',(-50.648103504784,-74.6140019169889,15.209094440147));
#2889=CARTESIAN_POINT('Ctrl Pts',(-51.0765776128185,-74.6248582806909,13.1880263636616));
#2890=CARTESIAN_POINT('Ctrl Pts',(-38.7621616975044,-72.5636772884037,26.0173825100922));
#2891=CARTESIAN_POINT('Ctrl Pts',(-39.3710642678273,-72.4354494745838,25.759135948026));
#2892=CARTESIAN_POINT('Ctrl Pts',(-41.2837301004187,-72.1695611779763,24.9057354587682));
#2893=CARTESIAN_POINT('Ctrl Pts',(-44.5717406013622,-72.2379001776856,22.7673930672876));
#2894=CARTESIAN_POINT('Ctrl Pts',(-47.7224129688473,-72.3999775784845,18.6199622462638));
#2895=CARTESIAN_POINT('Ctrl Pts',(-48.6408953425437,-72.2620152089216,15.2961851065728));
#2896=CARTESIAN_POINT('Ctrl Pts',(-48.8203664634205,-72.2298475181673,13.7135762120691));
#2897=CARTESIAN_POINT('Ctrl Pts',(-40.1840391053061,-66.4137568576461,20.7676165548312));
#2898=CARTESIAN_POINT('Ctrl Pts',(-40.4699656521913,-66.4177936495821,20.7954312081479));
#2899=CARTESIAN_POINT('Ctrl Pts',(-41.5004894311988,-66.5910565771009,20.828325680051));
#2900=CARTESIAN_POINT('Ctrl Pts',(-43.6907753492946,-67.4521041352342,20.1648872150005));
#2901=CARTESIAN_POINT('Ctrl Pts',(-45.8012773160148,-68.0213198067757,17.7974695533438));
#2902=CARTESIAN_POINT('Ctrl Pts',(-46.1268223489181,-67.5078844259253,15.7293953284417));
#2903=CARTESIAN_POINT('Ctrl Pts',(-46.0424263792025,-67.2202035878429,14.8128688120669));
#2904=CARTESIAN_POINT('Ctrl Pts',(-41.483160741289,-60.7947810955074,19.2302489775093));
#2905=CARTESIAN_POINT('Ctrl Pts',(-41.6858135077447,-61.0407968355871,19.2890267940247));
#2906=CARTESIAN_POINT('Ctrl Pts',(-42.3920715522701,-61.9100116839958,19.4004558874957));
#2907=CARTESIAN_POINT('Ctrl Pts',(-43.8204441560151,-63.6777536542264,19.0469224265877));
#2908=CARTESIAN_POINT('Ctrl Pts',(-45.1622652047158,-64.6386210643892,17.5797353743059));
#2909=CARTESIAN_POINT('Ctrl Pts',(-45.3428883087863,-63.7579703294164,16.2763213855239));
#2910=CARTESIAN_POINT('Ctrl Pts',(-45.2636219818009,-63.1836993641511,15.6986202316646));
#2911=CARTESIAN_POINT('Ctrl Pts',(-42.2636219818009,-57.4191212094284,19.2302489775093));
#2912=CARTESIAN_POINT('Ctrl Pts',(-42.4850581055008,-57.8116284826203,19.2302489775093));
#2913=CARTESIAN_POINT('Ctrl Pts',(-43.1509059567006,-59.1004560309439,19.155215605405));
#2914=CARTESIAN_POINT('Ctrl Pts',(-44.1726742732924,-61.4131717280676,18.6752404995432));
#2915=CARTESIAN_POINT('Ctrl Pts',(-45.0592166195941,-62.6089436530846,17.5871740105223));
#2916=CARTESIAN_POINT('Ctrl Pts',(-45.2636219818009,-61.507680996446,16.6740927522573));
#2917=CARTESIAN_POINT('Ctrl Pts',(-45.2636219818009,-60.7609861394718,16.2302489775093));
#2918=CARTESIAN_POINT('',(-45.2636219818009,-60.7609861394717,16.2302489775092));
#2919=CARTESIAN_POINT('Ctrl Pts',(-43.1590682306127,-59.1707990476573,19.0932731783171));
#2920=CARTESIAN_POINT('Ctrl Pts',(-43.5037535849647,-59.8945311762317,18.9856756333164));
#2921=CARTESIAN_POINT('Ctrl Pts',(-44.2270510234597,-61.4865153100126,18.6085031125637));
#2922=CARTESIAN_POINT('Ctrl Pts',(-45.0592166195941,-62.6089436530846,17.5871740105223));
#2923=CARTESIAN_POINT('Ctrl Pts',(-45.2636219818009,-61.507680996446,16.6740927522573));
#2924=CARTESIAN_POINT('Ctrl Pts',(-45.2636219818009,-60.7609861394718,16.2302489775093));
#2925=CARTESIAN_POINT('',(-52.3384480892831,-75.668657938047,12.9589798974515));
#2926=CARTESIAN_POINT('Origin',(-65.2636219818009,-60.7609861394718,16.2302489775092));
#2927=CARTESIAN_POINT('Origin',(-21.8013113805619,-75.668657938047,5.23024897750928));
#2928=CARTESIAN_POINT('Origin',(-4.12364185089822,-85.668657938047,22.907918507173));
#2929=CARTESIAN_POINT('',(-7.22364185089822,-85.668657938047,22.907918507173));
#2930=CARTESIAN_POINT('Origin',(-4.12364185089822,-85.668657938047,22.907918507173));
#2931=CARTESIAN_POINT('',(-7.22364185089822,-85.668657938047,22.907918507173));
#2932=CARTESIAN_POINT('Origin',(-4.12364185089823,-85.668657938047,-12.4474205521544));
#2933=CARTESIAN_POINT('',(-7.22364185089823,-85.668657938047,-12.4474205521544));
#2934=CARTESIAN_POINT('Origin',(-4.12364185089823,-85.668657938047,-12.4474205521544));
#2935=CARTESIAN_POINT('',(-7.22364185089823,-85.668657938047,-12.4474205521544));
#2936=CARTESIAN_POINT('Origin',(-39.4789809102256,-85.668657938047,22.907918507173));
#2937=CARTESIAN_POINT('',(-42.5789809102256,-85.668657938047,22.907918507173));
#2938=CARTESIAN_POINT('Origin',(-39.4789809102256,-85.668657938047,22.907918507173));
#2939=CARTESIAN_POINT('',(-42.5789809102256,-85.668657938047,22.907918507173));
#2940=CARTESIAN_POINT('Origin',(-39.4789809102256,-85.668657938047,-12.4474205521544));
#2941=CARTESIAN_POINT('',(-42.5789809102256,-85.668657938047,-12.4474205521544));
#2942=CARTESIAN_POINT('Origin',(-39.4789809102256,-85.668657938047,-12.4474205521544));
#2943=CARTESIAN_POINT('',(-42.5789809102256,-85.668657938047,-12.4474205521544));
#2944=CARTESIAN_POINT('Ctrl Pts',(8.73582532816018,-75.668657938047,12.9589798974481));
#2945=CARTESIAN_POINT('Ctrl Pts',(8.45156315391412,-75.668657938047,14.0821336164728));
#2946=CARTESIAN_POINT('Ctrl Pts',(7.40597706854645,-75.668657938047,17.4433572410805));
#2947=CARTESIAN_POINT('Ctrl Pts',(4.66235988370218,-75.668657938047,22.8134507896695));
#2948=CARTESIAN_POINT('Ctrl Pts',(0.0994155632653146,-75.668657938047,28.2223280475968));
#2949=CARTESIAN_POINT('Ctrl Pts',(-3.56141589395025,-75.668657938047,31.0176156304481));
#2950=CARTESIAN_POINT('Ctrl Pts',(-5.55834057073752,-75.668657938047,32.2194301298005));
#2951=CARTESIAN_POINT('Ctrl Pts',(7.47395485169532,-74.6248582806909,13.1880263636585));
#2952=CARTESIAN_POINT('Ctrl Pts',(7.25977626555403,-74.6194315802562,14.1982846149748));
#2953=CARTESIAN_POINT('Ctrl Pts',(6.42562964210864,-74.6244556314111,17.2426245303701));
#2954=CARTESIAN_POINT('Ctrl Pts',(3.95683081839259,-74.6288474152433,22.1255989634957));
#2955=CARTESIAN_POINT('Ctrl Pts',(-0.331012898728186,-74.6053787831171,
26.8235462038616));
#2956=CARTESIAN_POINT('Ctrl Pts',(-3.64522622651954,-74.7423670066874,29.0810302273931));
#2957=CARTESIAN_POINT('Ctrl Pts',(-5.37595149132626,-74.8797866062892,30.0561881215858));
#2958=CARTESIAN_POINT('Ctrl Pts',(5.21771161753131,-72.2298585534559,13.713573790535));
#2959=CARTESIAN_POINT('Ctrl Pts',(5.12800054700976,-72.2459380093577,14.5046622812599));
#2960=CARTESIAN_POINT('Ctrl Pts',(4.67015502847936,-72.3337556612692,16.9305285461231));
#2961=CARTESIAN_POINT('Ctrl Pts',(2.72688548812917,-72.3600189119502,20.8655054149227));
#2962=CARTESIAN_POINT('Ctrl Pts',(-0.973281222444636,-72.134373230476,24.2436463377626));
#2963=CARTESIAN_POINT('Ctrl Pts',(-3.61137898587319,-72.3048987197069,25.4959904178567));
#2964=CARTESIAN_POINT('Ctrl Pts',(-4.84047366631356,-72.5637317934951,26.0172716394006));
#2965=CARTESIAN_POINT('Ctrl Pts',(2.43973629073348,-67.2202167567553,14.8128659223414));
#2966=CARTESIAN_POINT('Ctrl Pts',(2.48192275925243,-67.3640179200114,15.2710041149589));
#2967=CARTESIAN_POINT('Ctrl Pts',(2.44639084477021,-67.7959627477669,16.7277054876693));
#2968=CARTESIAN_POINT('Ctrl Pts',(1.3013938453686,-67.8939258290402,19.1496829345032));
#2969=CARTESIAN_POINT('Ctrl Pts',(-1.24617981503438,-66.8943170419912,20.7593776750807));
#2970=CARTESIAN_POINT('Ctrl Pts',(-2.84144493288647,-66.4219730918497,20.8235126317385));
#2971=CARTESIAN_POINT('Ctrl Pts',(-3.41859933301718,-66.4138246627571,20.767367619185));
#2972=CARTESIAN_POINT('Ctrl Pts',(1.66099922067698,-63.1836993641502,15.6986202316637));
#2973=CARTESIAN_POINT('Ctrl Pts',(1.70062156780145,-63.4707564840469,15.9873919777874));
#2974=CARTESIAN_POINT('Ctrl Pts',(1.70632900102291,-64.2622242885783,16.9053513348603));
#2975=CARTESIAN_POINT('Ctrl Pts',(0.993565840589205,-64.4297532230598,18.4243806044332));
#2976=CARTESIAN_POINT('Ctrl Pts',(-0.644922233864339,-62.6393680839158,
19.3914686403912));
#2977=CARTESIAN_POINT('Ctrl Pts',(-1.71039914323275,-61.2913739034099,19.3488943981415));
#2978=CARTESIAN_POINT('Ctrl Pts',(-2.11946202017729,-60.7947810950922,19.2302489774121));
#2979=CARTESIAN_POINT('Ctrl Pts',(1.6609992206771,-60.7609861394706,16.2302489775086));
#2980=CARTESIAN_POINT('Ctrl Pts',(1.66099922067715,-61.134231676942,16.4521102997233));
#2981=CARTESIAN_POINT('Ctrl Pts',(1.58865034040825,-62.1417477091335,17.1256321905397));
#2982=CARTESIAN_POINT('Ctrl Pts',(1.07513608961248,-62.3513436001479,18.1849376646027));
#2983=CARTESIAN_POINT('Ctrl Pts',(-0.0154447571561447,-60.0858006289827,
19.032381417623));
#2984=CARTESIAN_POINT('Ctrl Pts',(-0.892022929749667,-58.2114131533185,
19.2302489775649));
#2985=CARTESIAN_POINT('Ctrl Pts',(-1.33900077969629,-57.4191212087666,19.2302489775093));
#2986=CARTESIAN_POINT('',(8.73582532816018,-75.668657938047,12.9589798974481));
#2987=CARTESIAN_POINT('Origin',(-21.8013113805619,-75.668657938047,5.23024897750928));
#2988=CARTESIAN_POINT('',(1.6609992206771,-60.7609861394695,16.2302489775042));
#2989=CARTESIAN_POINT('Origin',(21.6609992206771,-60.7609861394706,16.2302489775039));
#2990=CARTESIAN_POINT('Ctrl Pts',(1.6609992206771,-60.7609861394706,16.2302489775086));
#2991=CARTESIAN_POINT('Ctrl Pts',(1.66099922067715,-61.134231676942,16.4521102997233));
#2992=CARTESIAN_POINT('Ctrl Pts',(1.58865034040825,-62.1417477091335,17.1256321905397));
#2993=CARTESIAN_POINT('Ctrl Pts',(1.07513608961248,-62.3513436001479,18.1849376646027));
#2994=CARTESIAN_POINT('Ctrl Pts',(0.233071292234494,-60.6020611066785,18.8392702198558));
#2995=CARTESIAN_POINT('Ctrl Pts',(-0.310242101216178,-59.450259792892,19.0520919954326));
#2996=CARTESIAN_POINT('Ctrl Pts',(-0.443654027975332,-59.171799384679,19.0938285180849));
#2997=CARTESIAN_POINT('Origin',(-32.2636219818009,-76.768657938047,-4.88779706466236));
#2998=CARTESIAN_POINT('',(-33.8802027355319,-76.768657938047,-2.08779706466236));
#2999=CARTESIAN_POINT('',(-30.64704122807,-76.768657938047,-2.08779706466236));
#3000=CARTESIAN_POINT('',(-33.8802027355319,-76.768657938047,-2.08779706466236));
#3001=CARTESIAN_POINT('',(-35.4967834892628,-76.768657938047,-4.88779706466236));
#3002=CARTESIAN_POINT('',(-35.4967834892628,-76.768657938047,-4.88779706466236));
#3003=CARTESIAN_POINT('',(-33.8802027355319,-76.768657938047,-7.68779706466236));
#3004=CARTESIAN_POINT('',(-33.8802027355319,-76.768657938047,-7.68779706466236));
#3005=CARTESIAN_POINT('',(-30.64704122807,-76.768657938047,-7.68779706466236));
#3006=CARTESIAN_POINT('',(-30.64704122807,-76.768657938047,-7.68779706466236));
#3007=CARTESIAN_POINT('',(-29.030460474339,-76.768657938047,-4.88779706466236));
#3008=CARTESIAN_POINT('',(-29.030460474339,-76.768657938047,-4.88779706466236));
#3009=CARTESIAN_POINT('',(-30.64704122807,-76.768657938047,-2.08779706466236));
#3010=CARTESIAN_POINT('',(-32.2636219818009,-76.768657938047,-6.38779706466236));
#3011=CARTESIAN_POINT('Origin',(-32.2636219818009,-76.768657938047,-4.88779706466236));
#3012=CARTESIAN_POINT('Origin',(-29.030460474339,-80.768657938047,-4.88779706466236));
#3013=CARTESIAN_POINT('',(-30.64704122807,-85.668657938047,-2.08779706466236));
#3014=CARTESIAN_POINT('',(-30.64704122807,-80.768657938047,-2.08779706466236));
#3015=CARTESIAN_POINT('',(-29.030460474339,-85.668657938047,-4.88779706466236));
#3016=CARTESIAN_POINT('',(-29.030460474339,-80.768657938047,-4.88779706466236));
#3017=CARTESIAN_POINT('',(-30.3174380649122,-85.668657938047,-2.65868648958705));
#3018=CARTESIAN_POINT('Origin',(-30.64704122807,-80.768657938047,-7.68779706466236));
#3019=CARTESIAN_POINT('',(-30.64704122807,-85.668657938047,-7.68779706466236));
#3020=CARTESIAN_POINT('',(-30.64704122807,-80.768657938047,-7.68779706466236));
#3021=CARTESIAN_POINT('',(-26.744485987187,-85.668657938047,-0.928373108108941));
#3022=CARTESIAN_POINT('Origin',(-33.8802027355319,-80.768657938047,-7.68779706466236));
#3023=CARTESIAN_POINT('',(-33.8802027355319,-85.668657938047,-7.68779706466236));
#3024=CARTESIAN_POINT('',(-33.8802027355319,-80.768657938047,-7.68779706466236));
#3025=CARTESIAN_POINT('',(-27.8407570580469,-85.668657938047,-7.68779706466236));
#3026=CARTESIAN_POINT('Origin',(-35.4967834892628,-80.768657938047,-4.88779706466236));
#3027=CARTESIAN_POINT('',(-35.4967834892628,-85.668657938047,-4.88779706466236));
#3028=CARTESIAN_POINT('',(-35.4967834892628,-80.768657938047,-4.88779706466236));
#3029=CARTESIAN_POINT('',(-35.9754707029705,-85.668657938047,-4.05868648958705));
#3030=CARTESIAN_POINT('Origin',(-33.8802027355319,-80.768657938047,-2.08779706466236));
#3031=CARTESIAN_POINT('',(-33.8802027355319,-85.668657938047,-2.08779706466236));
#3032=CARTESIAN_POINT('',(-33.8802027355319,-80.768657938047,-2.08779706466236));
#3033=CARTESIAN_POINT('',(-30.7859378715144,-85.668657938047,3.27162689189106));
#3034=CARTESIAN_POINT('Origin',(-30.64704122807,-80.768657938047,-2.08779706466236));
#3035=CARTESIAN_POINT('',(-26.2241763043159,-85.668657938047,-2.08779706466236));
#3036=CARTESIAN_POINT('Origin',(-11.3390007793229,-76.768657938047,15.3482950196809));
#3037=CARTESIAN_POINT('',(-12.9555815330539,-76.768657938047,18.1482950196809));
#3038=CARTESIAN_POINT('',(-9.72242002559195,-76.768657938047,18.1482950196809));
#3039=CARTESIAN_POINT('',(-12.9555815330539,-76.768657938047,18.1482950196809));
#3040=CARTESIAN_POINT('',(-14.5721622867848,-76.768657938047,15.3482950196809));
#3041=CARTESIAN_POINT('',(-14.5721622867848,-76.768657938047,15.3482950196809));
#3042=CARTESIAN_POINT('',(-12.9555815330539,-76.768657938047,12.5482950196809));
#3043=CARTESIAN_POINT('',(-12.9555815330539,-76.768657938047,12.5482950196809));
#3044=CARTESIAN_POINT('',(-9.72242002559195,-76.768657938047,12.5482950196809));
#3045=CARTESIAN_POINT('',(-9.72242002559195,-76.768657938047,12.5482950196809));
#3046=CARTESIAN_POINT('',(-8.105839271861,-76.768657938047,15.3482950196809));
#3047=CARTESIAN_POINT('',(-8.105839271861,-76.768657938047,15.3482950196809));
#3048=CARTESIAN_POINT('',(-9.72242002559195,-76.768657938047,18.1482950196809));
#3049=CARTESIAN_POINT('',(-11.3390007793229,-76.768657938047,13.8482950196809));
#3050=CARTESIAN_POINT('Origin',(-11.3390007793229,-76.768657938047,15.3482950196809));
#3051=CARTESIAN_POINT('Origin',(-8.105839271861,-80.768657938047,15.3482950196809));
#3052=CARTESIAN_POINT('',(-9.72242002559195,-85.668657938047,18.1482950196809));
#3053=CARTESIAN_POINT('',(-9.72242002559195,-80.768657938047,18.1482950196809));
#3054=CARTESIAN_POINT('',(-8.105839271861,-85.668657938047,15.3482950196809));
#3055=CARTESIAN_POINT('',(-8.105839271861,-80.768657938047,15.3482950196809));
#3056=CARTESIAN_POINT('',(-7.6271520581533,-85.668657938047,14.5191844446056));
#3057=CARTESIAN_POINT('Origin',(-9.72242002559195,-80.768657938047,12.5482950196809));
#3058=CARTESIAN_POINT('',(-9.72242002559195,-85.668657938047,12.5482950196809));
#3059=CARTESIAN_POINT('',(-9.72242002559195,-80.768657938047,12.5482950196809));
#3060=CARTESIAN_POINT('',(-12.8166848896094,-85.668657938047,7.18887106312749));
#3061=CARTESIAN_POINT('Origin',(-12.9555815330539,-80.768657938047,12.5482950196809));
#3062=CARTESIAN_POINT('',(-12.9555815330539,-85.668657938047,12.5482950196809));
#3063=CARTESIAN_POINT('',(-12.9555815330539,-80.768657938047,12.5482950196809));
#3064=CARTESIAN_POINT('',(-17.3784464568079,-85.668657938047,12.5482950196809));
#3065=CARTESIAN_POINT('Origin',(-14.5721622867848,-80.768657938047,15.3482950196809));
#3066=CARTESIAN_POINT('',(-14.5721622867848,-85.668657938047,15.3482950196809));
#3067=CARTESIAN_POINT('',(-14.5721622867848,-80.768657938047,15.3482950196809));
#3068=CARTESIAN_POINT('',(-13.2851846962116,-85.668657938047,13.1191844446056));
#3069=CARTESIAN_POINT('Origin',(-12.9555815330539,-80.768657938047,18.1482950196809));
#3070=CARTESIAN_POINT('',(-12.9555815330539,-85.668657938047,18.1482950196809));
#3071=CARTESIAN_POINT('',(-12.9555815330539,-80.768657938047,18.1482950196809));
#3072=CARTESIAN_POINT('',(-16.8581367739368,-85.668657938047,11.3888710631275));
#3073=CARTESIAN_POINT('Origin',(-9.72242002559195,-80.768657938047,18.1482950196809));
#3074=CARTESIAN_POINT('',(-15.7618657030769,-85.668657938047,18.1482950196809));
#3075=CARTESIAN_POINT('Origin',(-32.2636219818009,-76.768657938047,15.3482950196809));
#3076=CARTESIAN_POINT('',(-30.64704122807,-76.768657938047,12.5482950196809));
#3077=CARTESIAN_POINT('',(-33.8802027355319,-76.768657938047,12.5482950196809));
#3078=CARTESIAN_POINT('',(-30.64704122807,-76.768657938047,12.5482950196809));
#3079=CARTESIAN_POINT('',(-29.030460474339,-76.768657938047,15.3482950196809));
#3080=CARTESIAN_POINT('',(-29.030460474339,-76.768657938047,15.3482950196809));
#3081=CARTESIAN_POINT('',(-30.64704122807,-76.768657938047,18.1482950196809));
#3082=CARTESIAN_POINT('',(-30.64704122807,-76.768657938047,18.1482950196809));
#3083=CARTESIAN_POINT('',(-33.8802027355319,-76.768657938047,18.1482950196809));
#3084=CARTESIAN_POINT('',(-33.8802027355319,-76.768657938047,18.1482950196809));
#3085=CARTESIAN_POINT('',(-35.4967834892628,-76.768657938047,15.3482950196809));
#3086=CARTESIAN_POINT('',(-35.4967834892628,-76.768657938047,15.3482950196809));
#3087=CARTESIAN_POINT('',(-33.8802027355319,-76.768657938047,12.5482950196809));
#3088=CARTESIAN_POINT('',(-32.2636219818009,-76.768657938047,13.8482950196809));
#3089=CARTESIAN_POINT('Origin',(-32.2636219818009,-76.768657938047,15.3482950196809));
#3090=CARTESIAN_POINT('Origin',(-35.4967834892628,-80.768657938047,15.3482950196809));
#3091=CARTESIAN_POINT('',(-33.8802027355319,-85.668657938047,12.5482950196809));
#3092=CARTESIAN_POINT('',(-33.8802027355319,-80.768657938047,12.5482950196809));
#3093=CARTESIAN_POINT('',(-35.4967834892628,-85.668657938047,15.3482950196809));
#3094=CARTESIAN_POINT('',(-35.4967834892628,-80.768657938047,15.3482950196809));
#3095=CARTESIAN_POINT('',(-31.5942282483799,-85.668657938047,8.5888710631275));
#3096=CARTESIAN_POINT('Origin',(-33.8802027355319,-80.768657938047,18.1482950196809));
#3097=CARTESIAN_POINT('',(-33.8802027355319,-85.668657938047,18.1482950196809));
#3098=CARTESIAN_POINT('',(-33.8802027355319,-80.768657938047,18.1482950196809));
#3099=CARTESIAN_POINT('',(-35.167180326105,-85.668657938047,15.9191844446056));
#3100=CARTESIAN_POINT('Origin',(-30.64704122807,-80.768657938047,18.1482950196809));
#3101=CARTESIAN_POINT('',(-30.64704122807,-85.668657938047,18.1482950196809));
#3102=CARTESIAN_POINT('',(-30.64704122807,-80.768657938047,18.1482950196809));
#3103=CARTESIAN_POINT('',(-26.2241763043159,-85.668657938047,18.1482950196809));
#3104=CARTESIAN_POINT('Origin',(-29.030460474339,-80.768657938047,15.3482950196809));
#3105=CARTESIAN_POINT('',(-29.030460474339,-85.668657938047,15.3482950196809));
#3106=CARTESIAN_POINT('',(-29.030460474339,-80.768657938047,15.3482950196809));
#3107=CARTESIAN_POINT('',(-25.9361956103216,-85.668657938047,9.98887106312749));
#3108=CARTESIAN_POINT('Origin',(-30.64704122807,-80.768657938047,12.5482950196809));
#3109=CARTESIAN_POINT('',(-30.64704122807,-85.668657938047,12.5482950196809));
#3110=CARTESIAN_POINT('',(-30.64704122807,-80.768657938047,12.5482950196809));
#3111=CARTESIAN_POINT('',(-31.1257284417777,-85.668657938047,11.7191844446056));
#3112=CARTESIAN_POINT('Origin',(-33.8802027355319,-80.768657938047,12.5482950196809));
#3113=CARTESIAN_POINT('',(-27.8407570580469,-85.668657938047,12.5482950196809));
#3114=CARTESIAN_POINT('Origin',(-11.3390007793229,-76.768657938047,-4.88779706466236));
#3115=CARTESIAN_POINT('',(-12.9555815330539,-76.768657938047,-2.08779706466236));
#3116=CARTESIAN_POINT('',(-9.72242002559195,-76.768657938047,-2.08779706466236));
#3117=CARTESIAN_POINT('',(-12.9555815330539,-76.768657938047,-2.08779706466236));
#3118=CARTESIAN_POINT('',(-14.5721622867848,-76.768657938047,-4.88779706466236));
#3119=CARTESIAN_POINT('',(-14.5721622867848,-76.768657938047,-4.88779706466236));
#3120=CARTESIAN_POINT('',(-12.9555815330539,-76.768657938047,-7.68779706466236));
#3121=CARTESIAN_POINT('',(-12.9555815330539,-76.768657938047,-7.68779706466236));
#3122=CARTESIAN_POINT('',(-9.72242002559195,-76.768657938047,-7.68779706466236));
#3123=CARTESIAN_POINT('',(-9.72242002559195,-76.768657938047,-7.68779706466236));
#3124=CARTESIAN_POINT('',(-8.10583927186099,-76.768657938047,-4.88779706466236));
#3125=CARTESIAN_POINT('',(-8.10583927186099,-76.768657938047,-4.88779706466236));
#3126=CARTESIAN_POINT('',(-9.72242002559195,-76.768657938047,-2.08779706466236));
#3127=CARTESIAN_POINT('',(-11.3390007793229,-76.768657938047,-6.38779706466236));
#3128=CARTESIAN_POINT('Origin',(-11.3390007793229,-76.768657938047,-4.88779706466236));
#3129=CARTESIAN_POINT('Origin',(-8.10583927186099,-80.768657938047,-4.88779706466236));
#3130=CARTESIAN_POINT('',(-9.72242002559195,-85.668657938047,-2.08779706466236));
#3131=CARTESIAN_POINT('',(-9.72242002559195,-80.768657938047,-2.08779706466236));
#3132=CARTESIAN_POINT('',(-8.10583927186099,-85.668657938047,-4.88779706466236));
#3133=CARTESIAN_POINT('',(-8.10583927186099,-80.768657938047,-4.88779706466236));
#3134=CARTESIAN_POINT('',(-12.0083945127439,-85.668657938047,1.87162689189106));
#3135=CARTESIAN_POINT('Origin',(-9.72242002559195,-80.768657938047,-7.68779706466236));
#3136=CARTESIAN_POINT('',(-9.72242002559195,-85.668657938047,-7.68779706466236));
#3137=CARTESIAN_POINT('',(-9.72242002559195,-80.768657938047,-7.68779706466236));
#3138=CARTESIAN_POINT('',(-8.43544243501878,-85.668657938047,-5.45868648958706));
#3139=CARTESIAN_POINT('Origin',(-12.9555815330539,-80.768657938047,-7.68779706466236));
#3140=CARTESIAN_POINT('',(-12.9555815330539,-85.668657938047,-7.68779706466236));
#3141=CARTESIAN_POINT('',(-12.9555815330539,-80.768657938047,-7.68779706466236));
#3142=CARTESIAN_POINT('',(-17.3784464568079,-85.668657938047,-7.68779706466236));
#3143=CARTESIAN_POINT('Origin',(-14.5721622867848,-80.768657938047,-4.88779706466236));
#3144=CARTESIAN_POINT('',(-14.5721622867848,-85.668657938047,-4.88779706466236));
#3145=CARTESIAN_POINT('',(-14.5721622867848,-80.768657938047,-4.88779706466236));
#3146=CARTESIAN_POINT('',(-17.6664271508023,-85.668657938047,0.47162689189106));
#3147=CARTESIAN_POINT('Origin',(-12.9555815330539,-80.768657938047,-2.08779706466236));
#3148=CARTESIAN_POINT('',(-12.9555815330539,-85.668657938047,-2.08779706466236));
#3149=CARTESIAN_POINT('',(-12.9555815330539,-80.768657938047,-2.08779706466236));
#3150=CARTESIAN_POINT('',(-12.4768943193462,-85.668657938047,-1.25868648958705));
#3151=CARTESIAN_POINT('Origin',(-9.72242002559195,-80.768657938047,-2.08779706466236));
#3152=CARTESIAN_POINT('',(-15.7618657030769,-85.668657938047,-2.08779706466236));
#3153=CARTESIAN_POINT('Origin',(-32.2636219818009,-58.768657938047,-4.88779706466236));
#3154=CARTESIAN_POINT('',(-32.2636219818009,-58.768657938047,-7.68779706466236));
#3155=CARTESIAN_POINT('Origin',(-32.2636219818009,-58.768657938047,-4.88779706466236));
#3156=CARTESIAN_POINT('',(-32.2636219818009,-58.768657938047,-6.38779706466236));
#3157=CARTESIAN_POINT('Origin',(-32.2636219818009,-58.768657938047,-4.88779706466236));
#3158=CARTESIAN_POINT('Origin',(-32.2636219818009,-57.268657938047,-4.88779706466236));
#3159=CARTESIAN_POINT('',(-32.2636219818009,-55.768657938047,-7.68779706466236));
#3160=CARTESIAN_POINT('Origin',(-32.2636219818009,-55.768657938047,-4.88779706466236));
#3161=CARTESIAN_POINT('',(-32.2636219818009,-57.268657938047,-7.68779706466236));
#3162=CARTESIAN_POINT('Origin',(-32.2636219818009,-68.268657938047,-4.88779706466236));
#3163=CARTESIAN_POINT('',(-32.2636219818009,-68.268657938047,-6.38779706466236));
#3164=CARTESIAN_POINT('Origin',(-11.3390007793229,-58.768657938047,15.3482950196809));
#3165=CARTESIAN_POINT('',(-11.3390007793229,-58.768657938047,12.5482950196809));
#3166=CARTESIAN_POINT('Origin',(-11.3390007793229,-58.768657938047,15.3482950196809));
#3167=CARTESIAN_POINT('',(-11.3390007793229,-58.768657938047,13.8482950196809));
#3168=CARTESIAN_POINT('Origin',(-11.3390007793229,-58.768657938047,15.3482950196809));
#3169=CARTESIAN_POINT('Origin',(-11.3390007793229,-57.268657938047,15.3482950196809));
#3170=CARTESIAN_POINT('',(-11.3390007793229,-55.768657938047,12.5482950196809));
#3171=CARTESIAN_POINT('Origin',(-11.3390007793229,-55.768657938047,15.3482950196809));
#3172=CARTESIAN_POINT('',(-11.3390007793229,-57.268657938047,12.5482950196809));
#3173=CARTESIAN_POINT('Origin',(-11.3390007793229,-68.268657938047,15.3482950196809));
#3174=CARTESIAN_POINT('',(-11.3390007793229,-68.268657938047,13.8482950196809));
#3175=CARTESIAN_POINT('Origin',(-11.3390007793229,-58.768657938047,-4.88779706466236));
#3176=CARTESIAN_POINT('',(-11.3390007793229,-58.768657938047,-7.68779706466236));
#3177=CARTESIAN_POINT('Origin',(-11.3390007793229,-58.768657938047,-4.88779706466236));
#3178=CARTESIAN_POINT('',(-11.3390007793229,-58.768657938047,-6.38779706466236));
#3179=CARTESIAN_POINT('Origin',(-11.3390007793229,-58.768657938047,-4.88779706466236));
#3180=CARTESIAN_POINT('Origin',(-11.3390007793229,-57.268657938047,-4.88779706466236));
#3181=CARTESIAN_POINT('',(-11.3390007793229,-55.768657938047,-7.68779706466236));
#3182=CARTESIAN_POINT('Origin',(-11.3390007793229,-55.768657938047,-4.88779706466236));
#3183=CARTESIAN_POINT('',(-11.3390007793229,-57.268657938047,-7.68779706466236));
#3184=CARTESIAN_POINT('Origin',(-11.3390007793229,-68.268657938047,-4.88779706466236));
#3185=CARTESIAN_POINT('',(-11.3390007793229,-68.268657938047,-6.38779706466236));
#3186=CARTESIAN_POINT('Origin',(-32.2636219818009,-58.768657938047,15.3482950196809));
#3187=CARTESIAN_POINT('',(-32.2636219818009,-58.768657938047,12.5482950196809));
#3188=CARTESIAN_POINT('Origin',(-32.2636219818009,-58.768657938047,15.3482950196809));
#3189=CARTESIAN_POINT('',(-32.2636219818009,-58.768657938047,13.8482950196809));
#3190=CARTESIAN_POINT('Origin',(-32.2636219818009,-58.768657938047,15.3482950196809));
#3191=CARTESIAN_POINT('Origin',(-32.2636219818009,-57.268657938047,15.3482950196809));
#3192=CARTESIAN_POINT('',(-32.2636219818009,-55.768657938047,12.5482950196809));
#3193=CARTESIAN_POINT('Origin',(-32.2636219818009,-55.768657938047,15.3482950196809));
#3194=CARTESIAN_POINT('',(-32.2636219818009,-57.268657938047,12.5482950196809));
#3195=CARTESIAN_POINT('Origin',(-32.2636219818009,-68.268657938047,15.3482950196809));
#3196=CARTESIAN_POINT('',(-32.2636219818009,-68.268657938047,13.8482950196809));
#3197=CARTESIAN_POINT('Origin',(-21.8013113805619,-64.9018194455089,30.));
#3198=CARTESIAN_POINT('',(-21.8013113805619,-64.9018194455089,18.));
#3199=CARTESIAN_POINT('',(-21.8013113805619,-64.9018194455089,30.));
#3200=CARTESIAN_POINT('',(-24.6013113805619,-63.2852386917779,18.));
#3201=CARTESIAN_POINT('',(-24.6013113805619,-63.2852386917779,18.));
#3202=CARTESIAN_POINT('',(-24.6013113805619,-63.2852386917779,30.));
#3203=CARTESIAN_POINT('Origin',(-24.6013113805619,-63.2852386917779,30.));
#3204=CARTESIAN_POINT('',(-24.6013113805619,-60.052077184316,18.));
#3205=CARTESIAN_POINT('',(-24.6013113805619,-60.052077184316,18.));
#3206=CARTESIAN_POINT('',(-24.6013113805619,-60.052077184316,30.));
#3207=CARTESIAN_POINT('Origin',(-24.6013113805619,-60.052077184316,30.));
#3208=CARTESIAN_POINT('',(-21.8013113805619,-58.4354964305851,18.));
#3209=CARTESIAN_POINT('',(-21.8013113805619,-58.4354964305851,18.));
#3210=CARTESIAN_POINT('',(-21.8013113805619,-58.4354964305851,30.));
#3211=CARTESIAN_POINT('Origin',(-21.8013113805619,-58.4354964305851,30.));
#3212=CARTESIAN_POINT('',(-19.0013113805619,-60.052077184316,18.));
#3213=CARTESIAN_POINT('',(-19.0013113805619,-60.052077184316,18.));
#3214=CARTESIAN_POINT('',(-19.0013113805619,-60.052077184316,30.));
#3215=CARTESIAN_POINT('Origin',(-19.0013113805619,-63.2852386917779,30.));
#3216=CARTESIAN_POINT('',(-19.0013113805619,-63.2852386917779,18.));
#3217=CARTESIAN_POINT('',(-19.0013113805619,-63.2852386917779,30.));
#3218=CARTESIAN_POINT('',(-21.8013113805619,-64.9018194455089,18.));
#3219=CARTESIAN_POINT('Origin',(-19.0013113805619,-60.052077184316,30.));
#3220=CARTESIAN_POINT('',(-19.0013113805619,-63.2852386917779,18.));
#3221=CARTESIAN_POINT('Origin',(-21.8013113805619,-61.668657938047,18.));
#3222=CARTESIAN_POINT('',(-23.4013113805619,-61.668657938047,18.));
#3223=CARTESIAN_POINT('Origin',(-21.8013113805619,-61.668657938047,18.));
#3224=CARTESIAN_POINT('Origin',(-21.8013113805619,-61.668657938047,-15.));
#3225=CARTESIAN_POINT('',(-24.6013113805619,-61.668657938047,-9.));
#3226=CARTESIAN_POINT('',(-24.6013113805619,-61.668657938047,-15.));
#3227=CARTESIAN_POINT('Origin',(-21.8013113805619,-61.668657938047,-9.));
#3228=CARTESIAN_POINT('Origin',(-21.8013113805619,-61.668657938047,-9.));
#3229=CARTESIAN_POINT('',(-23.4013113805619,-61.668657938047,-9.));
#3230=CARTESIAN_POINT('Origin',(-21.8013113805619,-61.668657938047,-9.));
#3231=CARTESIAN_POINT('Origin',(-21.8013113805619,-61.668657938047,0.));
#3232=CARTESIAN_POINT('',(-23.4013113805619,-61.668657938047,-0.871130397995692));
#3233=CARTESIAN_POINT('',(-23.4013113805619,-61.668657938047,0.));
#3234=CARTESIAN_POINT('Origin',(-21.8013113805619,-61.668657938047,-0.871130397995692));
#3235=CARTESIAN_POINT('Origin',(-21.8013113805619,-61.668657938047,0.));
#3236=CARTESIAN_POINT('',(-23.4013113805619,-61.668657938047,11.3316283530142));
#3237=CARTESIAN_POINT('Origin',(-21.8013113805619,-61.668657938047,11.3316283530142));
#3238=CARTESIAN_POINT('',(-23.4013113805619,-61.668657938047,0.));
#3239=CARTESIAN_POINT('Ctrl Pts',(-52.3384480892831,-75.668657938047,12.9589798974515));
#3240=CARTESIAN_POINT('Ctrl Pts',(-52.8561919646475,-75.668657938047,10.9133121589992));
#3241=CARTESIAN_POINT('Ctrl Pts',(-53.6602094013289,-75.668657938047,5.65637707561221));
#3242=CARTESIAN_POINT('Ctrl Pts',(-53.0267955296587,-75.668657938047,0.221260808036829));
#3243=CARTESIAN_POINT('Ctrl Pts',(-52.338448089283,-75.668657938047,-2.49848194243338));
#3244=CARTESIAN_POINT('Ctrl Pts',(-49.8147071363538,-73.5810586233348,13.4170728298717));
#3245=CARTESIAN_POINT('Ctrl Pts',(-50.1606247142126,-73.5486790590599,11.2105654741107));
#3246=CARTESIAN_POINT('Ctrl Pts',(-50.7061366126546,-73.5591423017985,5.66829833206761));
#3247=CARTESIAN_POINT('Ctrl Pts',(-50.2746092049826,-73.538009557475,-0.0229936916108897));
#3248=CARTESIAN_POINT('Ctrl Pts',(-49.8147071363538,-73.5810586233348,-2.95657487485363));
#3249=CARTESIAN_POINT('Ctrl Pts',(-46.3506147847643,-68.8379252803332,14.4578836055043));
#3250=CARTESIAN_POINT('Ctrl Pts',(-46.436641826779,-68.6100382467148,11.9116216408241));
#3251=CARTESIAN_POINT('Ctrl Pts',(-46.5736380674237,-68.4179874446129,5.70363675018149));
#3252=CARTESIAN_POINT('Ctrl Pts',(-46.46498889326,-68.5349464065114,-0.612096148645179));
#3253=CARTESIAN_POINT('Ctrl Pts',(-46.3506147847643,-68.8379252803333,-3.9973856504863));
#3254=CARTESIAN_POINT('Ctrl Pts',(-45.2636219818009,-63.1836993641511,15.6986202316645));
#3255=CARTESIAN_POINT('Ctrl Pts',(-45.2634781429809,-62.6392820739254,12.7660958917782));
#3256=CARTESIAN_POINT('Ctrl Pts',(-45.263396859307,-62.0418331103147,5.75214588290623));
#3257=CARTESIAN_POINT('Ctrl Pts',(-45.2634307461566,-62.4598892602471,-1.33929175590007));
#3258=CARTESIAN_POINT('Ctrl Pts',(-45.2636219818009,-63.1836993641512,-5.23812227664653));
#3259=CARTESIAN_POINT('Ctrl Pts',(-45.2636219818009,-60.7609861394718,16.2302489775092));
#3260=CARTESIAN_POINT('Ctrl Pts',(-45.2636219818009,-60.081171487574,13.1322299927253));
#3261=CARTESIAN_POINT('Ctrl Pts',(-45.2636219818009,-59.3102601188912,5.77294989029191));
#3262=CARTESIAN_POINT('Ctrl Pts',(-45.2636219818009,-59.8571634235886,-1.65089314723286));
#3263=CARTESIAN_POINT('Ctrl Pts',(-45.2636219818009,-60.7609861394719,-5.76975102249122));
#3264=CARTESIAN_POINT('',(-46.7652430120959,-67.768657938047,-1.88779706466236));
#3265=CARTESIAN_POINT('',(-45.2636219818009,-59.936681935902,-0.582467730970705));
#3266=CARTESIAN_POINT('Ctrl Pts',(-46.7652430120959,-67.768657938047,-1.88779706466237));
#3267=CARTESIAN_POINT('Ctrl Pts',(-46.7367844106535,-67.6967408609059,-1.87581088513885));
#3268=CARTESIAN_POINT('Ctrl Pts',(-46.7087089451466,-67.6246641121834,-1.86379809427503));
#3269=CARTESIAN_POINT('Ctrl Pts',(-45.7481725715681,-65.1190141436158,-1.44618976618042));
#3270=CARTESIAN_POINT('Ctrl Pts',(-45.2636219818009,-62.5376725205091,-1.01596616173938));
#3271=CARTESIAN_POINT('Ctrl Pts',(-45.2636219818009,-59.9366819359054,-0.582467730972093));
#3272=CARTESIAN_POINT('Ctrl Pts',(-45.2636219818009,-59.9291954094786,-0.583248979530685));
#3273=CARTESIAN_POINT('Ctrl Pts',(-45.2636219818009,-60.1121155403817,-2.32646485832436));
#3274=CARTESIAN_POINT('Ctrl Pts',(-45.2636219818009,-60.385532097129,-4.0587497255274));
#3275=CARTESIAN_POINT('Ctrl Pts',(-45.2636219818009,-60.7609861394719,-5.76975102249122));
#3276=CARTESIAN_POINT('',(-53.3013113805619,-75.668657938047,5.23024897750927));
#3277=CARTESIAN_POINT('Origin',(-21.8013113805619,-75.668657938047,5.23024897750928));
#3278=CARTESIAN_POINT('Origin',(-21.8013113805619,-75.668657938047,5.23024897750928));
#3279=CARTESIAN_POINT('',(-45.2636219818009,-59.9366819359014,11.0429656859889));
#3280=CARTESIAN_POINT('Ctrl Pts',(-45.2636219818009,-60.7609861394718,16.2302489775092));
#3281=CARTESIAN_POINT('Ctrl Pts',(-45.2636219818009,-60.3847867436694,14.5158509912252));
#3282=CARTESIAN_POINT('Ctrl Pts',(-45.2636219818009,-60.1155933055856,12.7843166322965));
#3283=CARTESIAN_POINT('Ctrl Pts',(-45.2636219818009,-59.9352091580811,11.043119303529));
#3284=CARTESIAN_POINT('',(-46.7652430120959,-67.768657938047,12.3482950196809));
#3285=CARTESIAN_POINT('Ctrl Pts',(-45.2636219818009,-59.935278353357,11.0437871835055));
#3286=CARTESIAN_POINT('Ctrl Pts',(-45.2635983591519,-60.3455181078724,11.1119748138456));
#3287=CARTESIAN_POINT('Ctrl Pts',(-45.275768494956,-60.7554643405051,11.1801095738617));
#3288=CARTESIAN_POINT('Ctrl Pts',(-45.2999035875809,-61.1646216355185,11.2481133859781));
#3289=CARTESIAN_POINT('Ctrl Pts',(-45.3243976651064,-61.5798647282176,11.3171286854794));
#3290=CARTESIAN_POINT('Ctrl Pts',(-45.3612156492935,-61.9942959192492,11.3860090278868));
#3291=CARTESIAN_POINT('Ctrl Pts',(-45.4101712480413,-62.4073834546552,11.4546705797532));
#3292=CARTESIAN_POINT('Ctrl Pts',(-45.4599142555096,-62.8271151479511,11.5244364936554));
#3293=CARTESIAN_POINT('Ctrl Pts',(-45.5221889007363,-63.2454602977029,11.5939764075376));
#3294=CARTESIAN_POINT('Ctrl Pts',(-45.5968478092885,-63.6618363884134,11.6632016199138));
#3295=CARTESIAN_POINT('Ctrl Pts',(-45.6556156716746,-63.9895873999708,11.7176923408936));
#3296=CARTESIAN_POINT('Ctrl Pts',(-45.7220579710496,-64.3161179584299,11.7719880295837));
#3297=CARTESIAN_POINT('Ctrl Pts',(-45.7961203379528,-64.6411295154969,11.8260458763045));
#3298=CARTESIAN_POINT('Ctrl Pts',(-45.8857580490306,-65.0344911277091,11.8914721089304));
#3299=CARTESIAN_POINT('Ctrl Pts',(-45.986438607422,-65.4251144396961,11.956467379468));
#3300=CARTESIAN_POINT('Ctrl Pts',(-46.0980312522309,-65.8125421379933,12.0209624692969));
#3301=CARTESIAN_POINT('Ctrl Pts',(-46.2107622942411,-66.2039221273056,12.0861154970202));
#3302=CARTESIAN_POINT('Ctrl Pts',(-46.3346297025636,-66.592041496913,12.1507579407762));
#3303=CARTESIAN_POINT('Ctrl Pts',(-46.4695395324404,-66.9763948516878,12.2148211756911));
#3304=CARTESIAN_POINT('Ctrl Pts',(-46.5480589506082,-67.2000939091642,12.2521068793056));
#3305=CARTESIAN_POINT('Ctrl Pts',(-46.6303196058927,-67.4225165872064,12.2891964428688));
#3306=CARTESIAN_POINT('Ctrl Pts',(-46.7163081638638,-67.6435570464494,12.3260770756809));
#3307=CARTESIAN_POINT('Ctrl Pts',(-46.7324644809428,-67.6850881504834,12.3330065464367));
#3308=CARTESIAN_POINT('Ctrl Pts',(-46.7487524111348,-67.7265704452334,12.3399286434226));
#3309=CARTESIAN_POINT('Ctrl Pts',(-46.7651714842246,-67.7680033931373,12.3468432552566));
#3310=CARTESIAN_POINT('Ctrl Pts',(-46.7652430120959,-67.768657938047,12.3482950196809));
#3311=CARTESIAN_POINT('Ctrl Pts',(-46.7933913301704,-67.768657938047,11.9004692837528));
#3312=CARTESIAN_POINT('Ctrl Pts',(-46.8193060999107,-67.768657938047,11.4472150782307));
#3313=CARTESIAN_POINT('Ctrl Pts',(-47.0632036348296,-67.768657938047,6.66369804689336));
#3314=CARTESIAN_POINT('Ctrl Pts',(-47.0400798469691,-67.768657938047,2.48472023855643));
#3315=CARTESIAN_POINT('Ctrl Pts',(-46.7652430120959,-67.768657938047,-1.88779706466237));
#3316=CARTESIAN_POINT('Ctrl Pts',(8.73582532815924,-75.668657938047,-2.49848194243323));
#3317=CARTESIAN_POINT('Ctrl Pts',(9.25209153576021,-75.668657938047,-0.458652645371738));
#3318=CARTESIAN_POINT('Ctrl Pts',(10.0575249758449,-75.668657938047,4.80731782262473));
#3319=CARTESIAN_POINT('Ctrl Pts',(9.42613005135892,-75.668657938047,10.2315036893407));
#3320=CARTESIAN_POINT('Ctrl Pts',(8.73582532816017,-75.668657938047,12.9589798974481));
#3321=CARTESIAN_POINT('Ctrl Pts',(6.21208437522998,-73.5810586233348,-2.95657487485347));
#3322=CARTESIAN_POINT('Ctrl Pts',(6.55701468645376,-73.5487714720089,-0.756365005058898));
#3323=CARTESIAN_POINT('Ctrl Pts',(7.10374983681533,-73.5590844939433,4.79574685046772));
#3324=CARTESIAN_POINT('Ctrl Pts',(6.67329415326091,-73.5378871495277,10.4751501496946));
#3325=CARTESIAN_POINT('Ctrl Pts',(6.2120843752306,-73.5810586233347,13.417072829868));
#3326=CARTESIAN_POINT('Ctrl Pts',(2.7477274132375,-68.8380787455034,-3.9973519748141));
#3327=CARTESIAN_POINT('Ctrl Pts',(2.83350892963074,-68.61084211325,-1.45835717330347));
#3328=CARTESIAN_POINT('Ctrl Pts',(2.97061153938176,-68.4189309647128,4.76107702134489));
#3329=CARTESIAN_POINT('Ctrl Pts',(2.86242673900715,-68.5342383658331,11.0629345201887));
#3330=CARTESIAN_POINT('Ctrl Pts',(2.74772741323766,-68.838078745503,14.457849929828));
#3331=CARTESIAN_POINT('Ctrl Pts',(1.66099922067709,-63.1836993641512,-5.23812227664632));
#3332=CARTESIAN_POINT('Ctrl Pts',(1.66085579238046,-62.6408358689926,-2.31396751270005));
#3333=CARTESIAN_POINT('Ctrl Pts',(1.66082997060622,-62.0429696198156,4.71330365891392));
#3334=CARTESIAN_POINT('Ctrl Pts',(1.6608074412634,-62.457831141046,11.7887035739395));
#3335=CARTESIAN_POINT('Ctrl Pts',(1.66099922067709,-63.1836993641502,15.6986202316596));
#3336=CARTESIAN_POINT('Ctrl Pts',(1.66099922067709,-60.7609861394718,-5.769751022491));
#3337=CARTESIAN_POINT('Ctrl Pts',(1.66099922067709,-60.0831117137051,-2.68057394391197));
#3338=CARTESIAN_POINT('Ctrl Pts',(1.6609992206771,-59.3115110713415,4.6928208839711));
#3339=CARTESIAN_POINT('Ctrl Pts',(1.66099922067709,-59.8545934471874,12.0996793280772));
#3340=CARTESIAN_POINT('Ctrl Pts',(1.66099922067709,-60.7609861394706,16.2302489775039));
#3341=CARTESIAN_POINT('',(3.16262025097211,-67.768657938047,-1.88779706466236));
#3342=CARTESIAN_POINT('',(1.6609992206771,-59.9366819359022,-0.582467730970811));
#3343=CARTESIAN_POINT('Ctrl Pts',(1.66099922067709,-59.9366819359054,-0.582467730972092));
#3344=CARTESIAN_POINT('Ctrl Pts',(1.66099922067709,-62.5380417085201,-1.01602769307455));
#3345=CARTESIAN_POINT('Ctrl Pts',(2.14568734252065,-65.119744352598,-1.44631146708752));
#3346=CARTESIAN_POINT('Ctrl Pts',(3.10635289761845,-67.6253488068955,-1.86391220947044));
#3347=CARTESIAN_POINT('Ctrl Pts',(3.13429682205609,-67.6970824522884,-1.87586781703593));
#3348=CARTESIAN_POINT('Ctrl Pts',(3.16262025097212,-67.768657938047,-1.88779706466236));
#3349=CARTESIAN_POINT('',(3.16262025097211,-67.768657938047,12.3482950196809));
#3350=CARTESIAN_POINT('Ctrl Pts',(3.16262025097212,-67.768657938047,-1.88779706466236));
#3351=CARTESIAN_POINT('Ctrl Pts',(3.35000797759765,-67.768657938047,1.09344843490481));
#3352=CARTESIAN_POINT('Ctrl Pts',(3.41942688658829,-67.768657938047,3.98706962931927));
#3353=CARTESIAN_POINT('Ctrl Pts',(3.3517937802602,-67.768657938047,8.4036570369436));
#3354=CARTESIAN_POINT('Ctrl Pts',(3.30180061528275,-67.7686579382045,9.84696493453348));
#3355=CARTESIAN_POINT('Ctrl Pts',(3.20485898122484,-67.7686579382045,11.6517506154346));
#3356=CARTESIAN_POINT('Ctrl Pts',(3.18438786495809,-67.768657938047,12.0019831112084));
#3357=CARTESIAN_POINT('Ctrl Pts',(3.16262025097212,-67.768657938047,12.3482950196809));
#3358=CARTESIAN_POINT('',(1.6609992206771,-59.9366819359012,11.0429656859888));
#3359=CARTESIAN_POINT('Ctrl Pts',(3.16262025097212,-67.768657938047,12.3482950196809));
#3360=CARTESIAN_POINT('Ctrl Pts',(2.17503204176423,-65.2729464896534,11.9323431116153));
#3361=CARTESIAN_POINT('Ctrl Pts',(1.66099922067709,-62.6156595478227,11.4894619546435));
#3362=CARTESIAN_POINT('Ctrl Pts',(1.66099922067709,-59.9366819359054,11.0429656859906));
#3363=CARTESIAN_POINT('Ctrl Pts',(1.66099922067709,-59.9286508148236,11.0438036583907));
#3364=CARTESIAN_POINT('Ctrl Pts',(1.66099922067709,-60.1114107887535,12.7847924425639));
#3365=CARTESIAN_POINT('Ctrl Pts',(1.66099922067709,-60.3848841732897,14.5162949928537));
#3366=CARTESIAN_POINT('Ctrl Pts',(1.66099922067709,-60.7609861394706,16.2302489775039));
#3367=CARTESIAN_POINT('Origin',(-21.8013113805619,-75.668657938047,5.23024897750928));
#3368=CARTESIAN_POINT('Ctrl Pts',(1.66099922067709,-60.7609861394718,-5.769751022491));
#3369=CARTESIAN_POINT('Ctrl Pts',(1.66099922067709,-60.3855308457511,-4.05874402280761));
#3370=CARTESIAN_POINT('Ctrl Pts',(1.66099922067709,-60.1165837940947,-2.32600233649252));
#3371=CARTESIAN_POINT('Ctrl Pts',(1.66099922067709,-59.9361824400909,-0.582519835604341));
#3372=CARTESIAN_POINT('Origin',(1.6609992206771,-55.668657938047,-8.76975102249072));
#3373=CARTESIAN_POINT('',(1.6609992206771,-55.768657938047,-5.76975102249072));
#3374=CARTESIAN_POINT('',(1.6609992206771,-55.668657938047,-5.76975102249072));
#3375=CARTESIAN_POINT('',(1.6609992206771,-55.768657938047,0.112202935337641));
#3376=CARTESIAN_POINT('',(1.6609992206771,-55.768657938047,-1.76975102249072));
#3377=CARTESIAN_POINT('',(1.6609992206771,-56.3819477690462,0.00998796350444198));
#3378=CARTESIAN_POINT('Origin',(1.6609992206771,-55.668657938047,-8.76975102249072));
#3379=CARTESIAN_POINT('',(1.6609992206771,-55.768657938047,10.3482950196809));
#3380=CARTESIAN_POINT('',(1.6609992206771,-60.1116774987759,11.0721316131357));
#3381=CARTESIAN_POINT('',(1.6609992206771,-55.768657938047,16.2302489775093));
#3382=CARTESIAN_POINT('',(1.6609992206771,-55.768657938047,-1.76975102249072));
#3383=CARTESIAN_POINT('',(1.6609992206771,-55.668657938047,16.2302489775093));
#3384=CARTESIAN_POINT('Origin',(-1.33900077932291,-55.668657938047,-5.76975102249072));
#3385=CARTESIAN_POINT('Origin',(-1.33900077932291,-55.768657938047,-5.76975102249072));
#3386=CARTESIAN_POINT('Origin',(-45.2636219818009,-55.668657938047,-8.76975102249072));
#3387=CARTESIAN_POINT('',(-33.5324666811814,-55.768657938047,-8.76975102249072));
#3388=CARTESIAN_POINT('Origin',(-45.2636219818009,-55.668657938047,19.2302489775093));
#3389=CARTESIAN_POINT('',(-45.2636219818009,-55.768657938047,0.112202935337641));
#3390=CARTESIAN_POINT('',(-45.2636219818009,-54.1116774987759,0.38836634188282));
#3391=CARTESIAN_POINT('',(-45.2636219818009,-55.768657938047,12.2302489775093));
#3392=CARTESIAN_POINT('Origin',(-21.8013113805619,-55.768657938047,5.23024897750928));
#3393=CARTESIAN_POINT('',(-10.0701560799424,-55.768657938047,0.112202935337641));
#3394=CARTESIAN_POINT('Origin',(-42.2636219818009,-55.668657938047,16.2302489775093));
#3395=CARTESIAN_POINT('',(-45.2636219818009,-55.768657938047,16.2302489775093));
#3396=CARTESIAN_POINT('Origin',(-42.2636219818009,-55.768657938047,16.2302489775093));
#3397=CARTESIAN_POINT('',(-45.2636219818009,-55.668657938047,16.2302489775093));
#3398=CARTESIAN_POINT('Origin',(-21.8013113805619,-55.768657938047,5.23024897750928));
#3399=CARTESIAN_POINT('Origin',(-1.3390007793229,-55.768657938047,16.2302489775093));
#3400=CARTESIAN_POINT('',(-45.2636219818009,-55.768657938047,10.3482950196809));
#3401=CARTESIAN_POINT('',(-10.0701560799424,-55.768657938047,10.3482950196809));
#3402=CARTESIAN_POINT('',(-45.2636219818009,-55.768657938047,12.2302489775093));
#3403=CARTESIAN_POINT('Origin',(-1.3390007793229,-55.668657938047,16.2302489775093));
#3404=CARTESIAN_POINT('Origin',(1.6609992206771,-67.6522180393165,12.3288883698925));
#3405=CARTESIAN_POINT('',(-45.2636219818009,-62.3819477690462,11.4505099915141));
#3406=CARTESIAN_POINT('',(1.6609992206771,-67.768657938047,12.3482950196809));
#3407=CARTESIAN_POINT('Origin',(1.6609992206771,-67.768657938047,-1.76975102249072));
#3408=CARTESIAN_POINT('',(1.6609992206771,-67.768657938047,-1.88779706466236));
#3409=CARTESIAN_POINT('Origin',(1.6609992206771,-55.6522180393165,0.131609585126063));
#3410=CARTESIAN_POINT('Origin',(-45.2636219818009,-55.668657938047,19.2302489775093));
#3411=CARTESIAN_POINT('Origin',(-21.8013113805619,-75.668657938047,5.23024897750928));
#3412=CARTESIAN_POINT('',(-53.3013113805619,-85.668657938047,5.23024897750927));
#3413=CARTESIAN_POINT('Origin',(-21.8013113805619,-85.668657938047,5.23024897750928));
#3414=CARTESIAN_POINT('',(-53.3013113805619,-75.668657938047,5.23024897750927));
#3415=CARTESIAN_POINT('Origin',(-21.8013113805619,-85.668657938047,5.23024897750928));
#3416=UNCERTAINTY_MEASURE_WITH_UNIT(LENGTH_MEASURE(0.01),#3420,
'DISTANCE_ACCURACY_VALUE',
'Maximum model space distance between geometric entities at asserted c
onnectivities');
#3417=UNCERTAINTY_MEASURE_WITH_UNIT(LENGTH_MEASURE(0.01),#3420,
'DISTANCE_ACCURACY_VALUE',
'Maximum model space distance between geometric entities at asserted c
onnectivities');
#3418=(
GEOMETRIC_REPRESENTATION_CONTEXT(3)
GLOBAL_UNCERTAINTY_ASSIGNED_CONTEXT((#3416))
GLOBAL_UNIT_ASSIGNED_CONTEXT((#3420,#3422,#3423))
REPRESENTATION_CONTEXT('','3D')
);
#3419=(
GEOMETRIC_REPRESENTATION_CONTEXT(3)
GLOBAL_UNCERTAINTY_ASSIGNED_CONTEXT((#3417))
GLOBAL_UNIT_ASSIGNED_CONTEXT((#3420,#3422,#3423))
REPRESENTATION_CONTEXT('','3D')
);
#3420=(
LENGTH_UNIT()
NAMED_UNIT(*)
SI_UNIT(.MILLI.,.METRE.)
);
#3421=(
LENGTH_UNIT()
NAMED_UNIT(*)
SI_UNIT($,.METRE.)
);
#3422=(
NAMED_UNIT(*)
PLANE_ANGLE_UNIT()
SI_UNIT($,.RADIAN.)
);
#3423=(
NAMED_UNIT(*)
SI_UNIT($,.STERADIAN.)
SOLID_ANGLE_UNIT()
);
#3424=SHAPE_DEFINITION_REPRESENTATION(#3425,#3426);
#3425=PRODUCT_DEFINITION_SHAPE('',$,#3428);
#3426=SHAPE_REPRESENTATION('',(#1615),#3418);
#3427=PRODUCT_DEFINITION_CONTEXT('part definition',#3432,'design');
#3428=PRODUCT_DEFINITION('Hand_Mount_plate_UR3e_50mm_v1',
'Hand_Mount_plate_UR3e_50mm_v1 v15',#3429,#3427);
#3429=PRODUCT_DEFINITION_FORMATION('',$,#3434);
#3430=PRODUCT_RELATED_PRODUCT_CATEGORY(
'Hand_Mount_plate_UR3e_50mm_v1 v15','Hand_Mount_plate_UR3e_50mm_v1 v15',
(#3434));
#3431=APPLICATION_PROTOCOL_DEFINITION('international standard',
'automotive_design',2009,#3432);
#3432=APPLICATION_CONTEXT(
'Core Data for Automotive Mechanical Design Process');
#3433=PRODUCT_CONTEXT('part definition',#3432,'mechanical');
#3434=PRODUCT('Hand_Mount_plate_UR3e_50mm_v1',
'Hand_Mount_plate_UR3e_50mm_v1 v15',$,(#3433));
#3435=PRESENTATION_STYLE_ASSIGNMENT((#3436));
#3436=SURFACE_STYLE_USAGE(.BOTH.,#3437);
#3437=SURFACE_SIDE_STYLE('',(#3438));
#3438=SURFACE_STYLE_FILL_AREA(#3439);
#3439=FILL_AREA_STYLE('Steel - Satin',(#3440));
#3440=FILL_AREA_STYLE_COLOUR('Steel - Satin',#3441);
#3441=COLOUR_RGB('Steel - Satin',0.627450980392157,0.627450980392157,0.627450980392157);
ENDSEC;
END-ISO-10303-21;
